date,BTC_vol_30d,ETH_vol_30d,GOLD_vol_30d,ETF_vol_30d,EM_vol_30d,BOND_vol_30d
2017-11-09,,,,,,
2017-11-10,,,,,,
2017-11-13,,,,,,
2017-11-14,,,,,,
2017-11-15,,,,,,
2017-11-16,,,,,,
2017-11-17,,,,,,
2017-11-20,,,,,,
2017-11-21,,,,,,
2017-11-22,,,,,,
2017-11-24,,,,,,
2017-11-27,,,,,,
2017-11-28,,,,,,
2017-11-29,,,,,,
2017-11-30,,,,,,
2017-12-01,,,,,,
2017-12-04,,,,,,
2017-12-05,,,,,,
2017-12-06,,,,,,
2017-12-07,,,,,,
2017-12-08,,,,,,
2017-12-11,,,,,,
2017-12-12,,,,,,
2017-12-13,,,,,,
2017-12-14,,,,,,
2017-12-15,,,,,,
2017-12-18,,,,,,
2017-12-19,,,,,,
2017-12-20,,,,,,
2017-12-21,,,,,,
2017-12-22,134.16,143.77,9.32,6.76,14.16,11.22
2017-12-26,136.56,144.7,9.24,6.74,14.09,10.32
2017-12-27,136.78,145.25,9.29,6.7,14.08,10.94
2017-12-28,140.41,146.2,9.38,6.64,14.0,10.8
2017-12-29,138.91,145.65,9.53,6.41,13.89,10.36
2018-01-02,138.13,150.82,10.09,6.34,13.67,10.53
2018-01-03,137.49,151.19,9.59,6.36,13.84,10.4
2018-01-04,137.03,150.11,8.82,6.55,13.83,10.4
2018-01-05,139.0,149.35,8.84,6.47,13.55,10.39
2018-01-08,146.46,152.82,8.5,6.47,13.55,10.34
2018-01-09,147.41,142.6,8.59,6.47,13.54,11.0
2018-01-10,138.73,143.92,8.54,6.38,12.88,11.0
2018-01-11,143.16,147.14,8.57,6.3,12.83,11.07
2018-01-12,143.11,143.07,8.92,6.31,11.89,10.73
2018-01-16,153.52,155.82,8.5,6.35,11.36,10.75
2018-01-17,152.6,157.13,8.92,6.45,11.46,9.98
2018-01-18,151.78,157.0,8.87,6.38,11.47,10.31
2018-01-19,151.7,156.64,8.55,6.23,11.48,10.24
2018-01-22,140.77,154.67,8.48,6.23,10.27,10.18
2018-01-23,117.7,155.26,7.24,6.23,10.26,10.09
2018-01-24,117.46,155.65,7.73,6.19,10.11,10.17
2018-01-25,117.07,153.22,7.97,6.26,10.2,10.5
2018-01-26,116.48,136.04,7.98,6.66,10.05,10.54
2018-01-29,115.84,138.14,8.13,7.45,11.35,10.4
2018-01-30,118.93,141.89,8.26,7.96,12.02,10.36
2018-01-31,116.6,141.68,8.36,7.95,12.1,10.47
2018-02-01,115.66,137.67,8.34,7.71,12.89,10.92
2018-02-02,114.86,142.36,9.45,10.25,15.18,10.64
2018-02-05,127.12,159.1,9.45,15.7,18.66,10.69
2018-02-06,133.19,163.96,10.1,16.85,20.72,10.61
2018-02-07,129.43,155.44,10.18,17.21,22.78,10.85
2018-02-08,121.62,151.45,10.03,19.69,24.98,10.77
2018-02-09,123.6,152.83,10.02,20.02,25.41,9.9
2018-02-12,122.68,152.49,10.01,20.44,25.75,10.08
2018-02-13,122.76,152.82,9.97,20.44,25.81,10.21
2018-02-14,127.12,146.89,10.55,20.86,26.25,10.23
2018-02-15,129.16,144.82,10.5,21.06,26.76,10.16
2018-02-16,128.81,144.75,10.49,20.97,26.76,10.37
2018-02-20,128.55,145.54,11.26,21.03,26.97,10.4
2018-02-21,124.56,139.01,11.34,21.06,26.97,10.81
2018-02-22,125.33,133.07,11.34,21.06,26.97,10.39
2018-02-23,125.43,134.65,11.33,21.38,27.38,10.84
2018-02-26,122.17,132.97,11.32,21.52,27.44,10.73
2018-02-27,121.91,129.08,11.16,21.84,28.65,10.68
2018-02-28,110.77,119.59,11.14,22.07,28.92,10.8
2018-03-01,111.58,119.36,10.92,22.16,28.62,11.08
2018-03-02,111.4,119.22,11.03,22.23,28.65,11.01
2018-03-05,112.05,119.2,10.95,22.32,28.53,10.96
2018-03-06,112.58,119.42,11.4,22.26,28.62,10.95
2018-03-07,114.79,121.32,11.45,22.22,28.58,10.83
2018-03-08,115.11,120.03,10.82,22.26,28.43,10.95
2018-03-09,115.1,120.72,10.69,22.65,29.2,10.7
2018-03-12,115.14,121.01,10.68,22.38,28.89,10.89
2018-03-13,115.05,114.44,10.6,22.33,28.68,10.89
2018-03-14,114.7,115.54,10.54,22.19,28.44,11.13
2018-03-15,114.63,114.21,10.47,22.18,28.32,10.97
2018-03-16,110.77,112.98,10.41,22.18,28.07,10.19
2018-03-19,110.69,110.33,9.77,21.5,27.24,9.87
2018-03-20,90.44,87.59,9.8,18.02,25.31,9.52
2018-03-21,84.8,76.68,10.66,16.94,23.58,9.37
2018-03-22,84.94,76.46,10.63,17.99,23.8,9.37
2018-03-23,81.71,71.6,11.24,15.99,22.27,9.37
2018-03-26,83.2,69.47,11.29,17.05,23.7,9.24
2018-03-27,83.92,71.8,11.41,17.1,23.97,9.63
2018-03-28,83.45,71.86,12.04,17.09,23.91,9.59
2018-03-29,81.92,71.14,10.89,16.8,23.57,8.97
2018-04-02,78.44,70.56,11.46,17.34,23.27,8.95
2018-04-03,80.43,76.46,11.62,17.69,23.49,9.22
2018-04-04,74.0,78.18,10.95,17.71,23.19,9.14
2018-04-05,72.7,78.44,10.97,17.82,23.2,8.63
2018-04-06,71.23,78.29,10.95,18.42,23.85,9.08
2018-04-09,70.8,79.65,10.99,18.07,23.18,8.79
2018-04-10,70.88,81.32,10.99,18.41,23.78,8.83
2018-04-11,70.13,82.78,10.72,17.94,22.28,8.83
2018-04-12,81.57,95.88,11.3,17.73,21.88,9.01
2018-04-13,79.55,95.39,11.41,17.35,22.07,8.84
2018-04-16,79.79,96.68,11.32,17.36,22.04,8.45
2018-04-17,78.21,96.62,11.3,17.34,22.04,8.4
2018-04-18,77.3,97.74,10.89,17.3,22.02,8.8
2018-04-19,74.88,99.43,10.73,17.34,22.07,9.15
2018-04-20,75.96,101.36,10.95,17.45,22.34,9.27
2018-04-23,76.0,101.69,11.21,16.99,21.4,9.06
2018-04-24,79.85,105.37,11.3,17.17,21.38,9.0
2018-04-25,84.08,112.21,11.45,17.09,21.34,9.06
2018-04-26,79.59,109.47,11.49,17.29,21.86,8.92
2018-04-27,80.3,109.75,11.41,17.3,21.96,9.23
2018-04-30,80.61,109.94,11.59,17.37,22.03,9.2
2018-05-01,80.24,107.26,11.75,17.12,21.88,9.21
2018-05-02,79.8,107.28,11.68,17.14,21.64,9.14
2018-05-03,81.24,113.25,10.56,17.14,21.51,9.23
2018-05-04,80.9,112.16,10.53,15.86,19.45,8.76
2018-05-07,81.56,113.25,9.75,14.96,18.63,8.77
2018-05-08,78.31,108.85,9.59,13.38,15.95,8.71
2018-05-09,76.81,104.98,9.47,12.71,15.15,8.23
2018-05-10,77.51,105.79,8.88,12.99,16.32,8.57
2018-05-11,74.2,98.69,8.89,12.47,15.09,8.46
2018-05-14,74.37,99.73,8.21,10.76,14.16,8.54
2018-05-15,73.68,99.44,9.15,10.82,15.06,8.85
2018-05-16,69.37,94.43,9.13,10.72,15.75,8.89
2018-05-17,70.26,96.58,9.06,10.57,16.29,8.76
2018-05-18,69.66,95.23,8.91,9.31,15.49,8.51
2018-05-21,69.66,93.96,8.83,9.36,15.61,8.49
2018-05-22,71.33,97.64,8.77,8.31,14.47,8.48
2018-05-23,73.76,102.96,8.37,8.21,14.47,8.72
2018-05-24,62.92,95.2,8.29,8.17,14.52,8.87
2018-05-25,63.04,95.66,8.01,8.19,14.35,9.04
2018-05-29,62.71,96.05,7.98,9.23,15.74,11.1
2018-05-30,62.53,95.95,7.99,9.78,15.95,11.26
2018-05-31,61.81,95.62,7.98,9.85,15.67,11.01
2018-06-01,61.62,92.78,8.05,10.26,16.26,10.85
2018-06-04,58.05,89.72,7.83,10.12,16.2,10.85
2018-06-05,58.22,89.16,7.68,10.12,16.18,10.87
2018-06-06,51.61,83.71,7.51,9.98,16.72,11.06
2018-06-07,45.67,74.53,7.32,10.11,17.17,11.16
2018-06-08,42.76,70.93,7.29,9.89,16.63,11.07
2018-06-11,49.33,77.64,7.18,9.91,16.52,10.88
2018-06-12,49.31,78.73,6.95,9.73,16.41,10.87
2018-06-13,49.82,79.09,6.73,9.75,16.46,10.81
2018-06-14,52.62,83.71,6.75,9.64,16.42,11.04
2018-06-15,49.2,73.06,8.09,9.74,16.55,10.98
2018-06-18,51.79,75.67,8.05,9.6,16.8,10.99
2018-06-19,51.57,76.5,8.05,9.82,16.99,11.08
2018-06-20,51.65,76.49,8.11,9.84,16.95,11.41
2018-06-21,51.33,76.46,8.1,9.95,17.31,11.32
2018-06-22,56.8,82.21,7.82,9.61,16.34,11.11
2018-06-25,55.53,80.71,7.85,10.38,16.65,11.11
2018-06-26,54.23,77.53,7.9,10.37,16.61,10.97
2018-06-27,54.46,78.2,6.69,10.45,16.49,10.62
2018-06-28,55.17,78.61,6.72,10.48,15.97,10.51
2018-06-29,57.8,79.18,6.84,10.61,16.36,10.43
2018-07-02,60.96,83.71,7.3,10.6,16.42,10.24
2018-07-03,60.44,83.6,8.02,10.38,16.26,10.3
2018-07-05,59.79,82.08,8.12,10.65,16.17,10.27
2018-07-06,57.57,77.53,8.1,10.88,16.84,10.14
2018-07-09,57.67,76.82,7.65,11.21,17.77,10.21
2018-07-10,60.0,80.28,7.63,11.18,17.69,10.09
2018-07-11,60.15,80.52,8.12,10.81,17.32,7.94
2018-07-12,60.46,80.99,8.25,10.48,17.66,7.66
2018-07-13,60.28,80.28,8.29,10.34,17.67,7.66
2018-07-16,65.2,86.97,8.23,9.92,17.12,7.59
2018-07-17,70.1,87.7,8.67,9.83,16.97,7.26
2018-07-18,69.97,87.8,8.53,9.83,16.88,7.38
2018-07-19,70.07,87.92,8.53,9.5,16.38,7.08
2018-07-20,70.2,88.43,8.86,9.48,16.62,7.6
2018-07-23,71.58,88.47,8.86,9.46,16.69,8.39
2018-07-24,70.37,85.0,8.82,9.53,17.34,8.43
2018-07-25,69.33,82.76,9.07,9.95,18.06,8.45
2018-07-26,68.97,82.13,9.12,10.01,18.23,8.47
2018-07-27,68.01,77.88,9.09,10.05,18.18,8.12
2018-07-30,66.96,76.62,7.99,10.03,18.05,8.17
2018-07-31,68.16,75.87,8.1,9.96,17.75,8.33
2018-08-01,68.56,75.17,8.27,9.76,17.64,8.46
2018-08-02,68.65,75.24,8.31,9.75,18.04,8.1
2018-08-03,68.87,75.43,8.44,9.49,17.68,8.09
2018-08-06,65.45,68.21,8.42,9.4,17.59,8.09
2018-08-07,65.82,70.47,8.47,8.35,17.35,8.18
2018-08-08,68.4,70.63,8.48,8.35,17.31,8.18
2018-08-09,69.33,70.73,8.38,7.78,16.27,8.08
2018-08-10,70.45,73.65,8.36,8.59,17.4,8.38
2018-08-13,68.97,82.52,9.18,8.73,17.5,8.35
2018-08-14,66.52,76.6,8.85,8.74,17.38,8.37
2018-08-15,66.65,77.02,9.25,9.47,19.26,8.39
2018-08-16,66.47,76.94,9.11,9.49,19.37,8.34
2018-08-17,67.44,83.39,9.71,9.35,19.18,8.29
2018-08-20,68.43,90.02,9.83,8.98,18.41,8.33
2018-08-21,66.54,88.24,9.93,9.06,18.86,8.39
2018-08-22,66.71,87.66,9.6,8.31,18.15,8.39
2018-08-23,66.56,88.01,9.74,8.02,18.28,8.4
2018-08-24,66.98,88.34,11.17,8.3,19.13,8.39
2018-08-27,63.21,81.03,11.25,8.71,19.52,8.47
2018-08-28,58.66,80.78,11.06,8.66,19.43,8.63
2018-08-29,58.65,80.48,11.17,8.79,19.51,8.56
2018-08-30,58.56,80.45,11.19,9.07,20.66,8.38
2018-08-31,58.48,80.16,10.98,9.1,20.26,7.59
2018-09-04,58.3,80.35,10.99,9.26,20.93,6.85
2018-09-05,55.36,91.44,11.06,9.29,20.74,6.84
2018-09-06,55.79,91.49,10.93,8.85,20.04,6.9
2018-09-07,55.43,92.03,10.75,8.85,19.89,7.33
2018-09-10,54.68,93.53,10.74,8.84,19.93,7.39
2018-09-11,54.64,94.05,10.75,8.85,19.97,7.66
2018-09-12,53.35,93.94,11.02,8.83,19.96,7.53
2018-09-13,53.98,107.34,10.87,9.04,20.4,7.13
2018-09-14,53.98,107.53,10.92,9.04,20.11,7.27
2018-09-17,54.61,107.85,10.99,9.03,20.03,7.12
2018-09-18,51.82,110.5,10.9,9.26,20.23,7.72
2018-09-19,51.25,109.77,10.94,9.2,20.43,7.77
2018-09-20,47.69,111.72,10.96,9.59,20.74,7.9
2018-09-21,47.12,115.78,11.12,9.54,20.79,7.44
2018-09-24,44.15,115.08,11.12,8.94,20.12,7.07
2018-09-25,44.47,108.58,10.21,8.72,19.56,7.06
2018-09-26,44.22,108.43,10.33,8.67,19.49,7.42
2018-09-27,44.64,109.94,9.45,7.79,17.46,7.17
2018-09-28,44.68,109.86,9.61,7.63,17.56,7.19
2018-10-01,43.37,106.38,9.26,7.57,17.32,7.39
2018-10-02,41.57,99.84,9.74,7.62,17.69,7.34
2018-10-03,40.86,99.61,9.78,7.53,17.43,8.69
2018-10-04,40.63,99.24,9.76,8.18,18.59,8.66
2018-10-05,40.06,99.31,9.36,8.24,18.09,8.79
2018-10-08,39.22,99.08,8.48,7.93,17.11,8.7
2018-10-09,38.53,98.99,8.39,7.35,16.41,9.38
2018-10-10,37.39,98.12,8.13,11.01,18.21,9.31
2018-10-11,39.86,107.68,11.01,11.61,18.08,10.13
2018-10-12,39.86,108.62,11.0,12.19,19.28,10.08
2018-10-15,42.78,110.82,11.14,12.23,19.31,10.09
2018-10-16,40.32,110.74,11.02,13.73,20.22,10.08
2018-10-17,33.74,96.92,11.0,13.68,20.11,10.15
2018-10-18,31.93,97.01,10.99,14.35,21.38,10.04
2018-10-19,31.81,95.64,10.95,14.36,21.61,9.83
2018-10-22,31.16,91.55,10.98,14.34,21.74,9.71
2018-10-23,31.16,89.54,11.08,14.4,21.92,9.64
2018-10-24,31.15,89.47,10.86,16.22,23.6,9.92
2018-10-25,30.24,77.74,10.82,16.72,23.99,9.93
2018-10-26,30.23,77.75,10.62,17.0,24.14,10.09
2018-10-29,29.08,75.81,10.64,17.04,24.45,10.09
2018-10-30,28.78,73.64,10.73,17.53,25.04,9.77
2018-10-31,28.76,73.63,10.84,17.91,24.89,9.73
2018-11-01,28.34,70.6,11.4,18.21,27.01,9.61
2018-11-02,26.51,63.93,11.17,18.2,27.05,10.17
2018-11-05,25.94,62.19,11.21,18.25,26.93,10.27
2018-11-06,25.17,62.28,11.26,18.3,26.88,10.27
2018-11-07,25.27,62.2,11.12,19.22,27.5,10.01
2018-11-08,24.08,60.09,10.77,19.31,28.38,10.0
2018-11-09,24.21,59.68,11.23,19.41,28.75,10.31
2018-11-12,24.13,58.55,11.43,19.94,28.94,10.35
2018-11-13,24.1,58.58,10.93,19.97,29.07,10.15
2018-11-14,36.97,67.86,11.12,19.97,29.1,8.84
2018-11-15,36.83,67.75,11.12,20.11,29.02,8.6
2018-11-16,36.73,67.51,11.29,20.11,29.0,8.34
2018-11-19,50.59,78.66,10.73,20.49,29.27,8.28
2018-11-20,55.12,85.18,10.74,21.03,29.9,7.79
2018-11-21,56.74,87.28,10.73,19.71,29.12,7.74
2018-11-23,57.08,79.76,7.74,19.23,29.17,6.91
2018-11-26,66.52,84.16,7.62,19.39,28.11,6.87
2018-11-27,63.96,80.99,7.55,19.35,27.99,6.87
2018-11-28,74.36,89.53,7.63,19.36,27.9,7.0
2018-11-29,74.54,89.79,7.68,19.38,27.78,6.85
2018-11-30,75.83,89.98,7.69,18.84,26.58,6.92
2018-12-03,75.86,89.96,8.0,19.2,27.04,7.12
2018-12-04,76.23,90.22,8.14,20.88,27.71,8.46
2018-12-06,80.9,99.72,7.97,20.8,27.65,8.46
2018-12-07,80.67,100.23,8.28,19.95,26.49,8.25
2018-12-10,81.55,100.11,8.32,19.5,26.15,8.13
2018-12-11,81.36,99.79,8.29,19.12,25.98,8.03
2018-12-12,82.09,100.57,8.21,19.27,25.74,8.14
2018-12-13,82.38,100.46,8.12,18.81,25.22,8.0
2018-12-14,82.22,100.2,8.03,19.06,25.45,7.79
2018-12-17,88.28,109.41,7.4,18.95,23.32,7.88
2018-12-18,89.84,111.82,7.42,18.95,23.33,6.73
2018-12-19,90.05,110.47,7.62,19.2,23.75,7.42
2018-12-20,96.37,119.48,8.72,19.17,23.9,7.58
2018-12-21,96.94,119.96,8.85,18.62,23.18,7.62
2018-12-24,98.59,148.23,9.28,19.01,22.17,7.61
2018-12-26,99.29,148.94,8.6,22.43,22.39,8.4
2018-12-27,99.81,151.92,8.37,22.05,22.01,8.31
2018-12-28,103.11,162.18,8.38,22.06,21.93,8.48
2018-12-31,100.52,158.7,8.17,22.15,21.9,8.48
2019-01-02,102.3,166.02,8.18,21.89,20.86,8.49
2019-01-03,102.42,166.14,8.29,22.25,21.44,8.83
2019-01-04,96.41,160.36,8.77,24.09,23.24,9.74
2019-01-07,94.33,155.61,8.77,23.63,22.32,9.84
2019-01-08,93.74,155.24,8.87,23.57,21.71,9.91
2019-01-09,92.4,152.0,8.95,23.67,21.96,9.96
2019-01-10,87.94,154.11,9.19,23.3,21.79,10.18
2019-01-11,87.89,154.19,8.9,23.31,21.79,10.2
2019-01-14,81.01,151.04,8.88,22.5,20.79,10.14
2019-01-15,81.11,151.48,8.93,22.69,20.73,10.24
2019-01-16,79.34,150.95,8.88,22.68,21.02,10.23
2019-01-17,78.9,150.37,8.76,22.44,20.23,10.09
2019-01-18,78.75,150.62,9.17,21.18,19.22,9.14
2019-01-22,71.85,141.53,9.19,21.49,19.73,9.29
2019-01-23,71.31,141.68,8.98,20.73,19.03,9.29
2019-01-24,71.01,141.47,8.92,20.71,18.8,9.39
2019-01-25,70.65,141.05,9.73,20.92,19.01,9.53
2019-01-28,71.35,143.79,9.74,20.84,18.9,9.42
2019-01-29,69.77,143.0,9.74,20.84,18.89,9.46
2019-01-30,69.45,142.7,9.65,20.59,19.14,9.44
2019-01-31,64.01,138.58,9.55,20.01,18.84,9.6
2019-02-01,62.8,137.58,9.61,20.02,19.1,9.68
2019-02-04,62.68,137.57,9.5,19.45,18.18,8.98
2019-02-05,54.13,130.81,8.59,19.15,18.38,9.02
2019-02-06,51.93,129.86,8.76,18.09,18.81,9.02
2019-02-07,49.66,99.29,8.28,17.44,18.86,9.11
2019-02-08,53.16,106.93,8.23,14.43,18.38,8.56
2019-02-11,50.91,101.33,8.19,14.47,18.43,8.67
2019-02-12,45.94,86.31,8.14,14.74,18.39,8.38
2019-02-13,44.02,85.88,8.25,14.74,18.49,8.39
2019-02-14,40.91,70.42,8.37,14.75,18.49,8.42
2019-02-15,40.25,69.89,8.15,13.63,17.48,7.71
2019-02-19,48.23,89.46,8.76,10.72,15.23,6.98
2019-02-20,46.71,89.68,8.78,10.67,15.26,6.97
2019-02-21,46.82,89.91,9.45,10.68,15.31,7.42
2019-02-22,46.98,90.09,9.34,10.54,14.83,7.6
2019-02-25,40.0,80.84,9.14,10.52,14.99,7.4
2019-02-26,40.09,80.9,9.14,10.38,14.94,7.46
2019-02-27,40.08,81.03,9.43,10.19,14.95,8.11
2019-02-28,39.54,79.18,9.58,10.14,15.5,8.1
2019-03-01,39.52,79.17,10.81,10.18,15.16,8.53
2019-03-04,40.29,81.59,10.83,10.16,15.13,8.85
2019-03-05,41.47,84.16,10.51,9.82,15.31,8.73
2019-03-06,41.15,83.84,10.47,9.01,14.43,8.57
2019-03-07,41.08,83.76,10.46,9.67,15.3,8.76
2019-03-08,41.11,84.12,10.91,9.73,15.21,8.64
2019-03-11,41.11,84.14,10.16,9.95,15.7,8.57
2019-03-12,39.42,79.7,10.26,9.67,15.43,8.77
2019-03-13,39.32,79.69,10.34,9.74,15.43,8.69
2019-03-14,39.27,79.42,10.71,9.03,14.17,8.97
2019-03-15,39.12,79.29,10.81,9.12,14.6,8.82
2019-03-18,39.29,79.29,10.8,9.17,14.75,8.63
2019-03-19,39.11,79.25,10.77,9.08,14.74,8.55
2019-03-20,39.09,79.2,10.92,9.04,14.21,8.96
2019-03-21,39.05,79.41,10.8,9.08,13.6,8.97
2019-03-22,39.0,79.32,10.8,10.61,15.87,9.82
2019-03-25,32.78,69.24,10.97,10.6,15.79,9.77
2019-03-26,32.7,69.15,10.97,10.71,15.77,9.68
2019-03-27,33.33,69.93,11.07,10.32,15.92,9.91
2019-03-28,33.3,70.08,11.75,10.34,15.9,9.81
2019-03-29,33.22,70.11,11.62,10.44,16.15,9.76
2019-04-01,33.33,70.18,11.5,10.6,16.78,10.75
2019-04-02,54.16,62.63,10.54,10.59,16.71,10.74
2019-04-03,54.23,62.46,10.54,10.63,16.74,11.04
2019-04-04,54.19,62.39,10.15,10.58,16.78,10.67
2019-04-05,54.36,63.51,10.06,10.51,16.64,10.57
2019-04-08,54.39,64.88,10.18,10.5,16.37,10.59
2019-04-09,54.7,65.26,10.3,10.66,16.34,10.54
2019-04-10,54.71,64.9,10.17,10.66,16.14,9.91
2019-04-11,57.37,68.57,10.7,10.65,15.98,10.03
2019-04-12,57.33,68.6,9.49,10.72,16.07,9.86
2019-04-15,56.53,65.77,9.47,10.66,16.19,9.67
2019-04-16,56.43,62.99,9.82,10.65,16.09,9.89
2019-04-17,56.42,63.07,9.82,10.49,15.97,9.85
2019-04-18,56.36,63.72,9.83,9.87,14.83,9.79
2019-04-22,56.27,63.39,9.24,9.8,14.79,9.85
2019-04-23,56.48,63.24,9.16,9.26,13.93,9.81
2019-04-24,57.14,64.39,9.01,9.47,14.54,9.89
2019-04-25,59.51,67.95,8.72,9.39,14.56,9.88
2019-04-26,59.49,67.98,8.37,9.39,14.46,9.63
2019-04-29,59.69,67.7,8.33,9.18,13.89,9.69
2019-04-30,59.71,68.67,8.39,9.08,13.54,9.78
2019-05-01,59.71,68.78,8.51,9.36,13.73,9.79
2019-05-02,59.73,68.78,8.27,9.36,13.74,9.48
2019-05-03,60.19,68.52,8.47,9.61,14.16,9.5
2019-05-06,60.25,68.76,8.44,7.66,12.72,8.38
2019-05-07,59.67,68.79,8.15,9.32,14.01,8.66
2019-05-08,59.73,68.77,8.07,9.14,13.98,8.75
2019-05-09,59.87,68.17,8.02,9.16,14.38,8.41
2019-05-10,59.83,68.0,6.95,9.29,14.36,8.34
2019-05-13,85.12,77.53,7.57,11.74,16.89,8.67
2019-05-14,85.08,81.7,7.49,11.49,16.67,7.62
2019-05-15,72.21,79.16,7.42,11.57,16.7,7.79
2019-05-16,74.1,80.08,7.7,11.71,16.52,7.39
2019-05-17,77.77,83.95,7.92,11.88,16.95,7.38
2019-05-20,80.5,83.59,7.92,11.9,16.65,7.41
2019-05-21,80.02,80.62,7.81,12.24,17.26,7.34
2019-05-22,80.87,81.49,7.62,12.21,17.27,7.46
2019-05-23,80.91,81.51,7.93,12.49,17.34,8.05
2019-05-24,78.66,77.99,7.06,12.62,17.25,7.79
2019-05-28,81.53,80.66,7.13,12.58,17.08,7.56
2019-05-29,81.6,80.29,7.12,12.64,17.31,7.56
2019-05-30,83.21,82.49,6.89,12.73,17.21,7.43
2019-05-31,83.2,82.79,7.84,12.94,17.23,7.99
2019-06-03,84.99,85.24,8.77,12.97,17.57,8.04
2019-06-04,87.86,86.63,8.77,13.98,17.58,8.76
2019-06-05,87.69,86.56,8.71,13.91,17.6,9.07
2019-06-06,87.25,85.45,8.72,13.98,17.32,8.9
2019-06-07,85.47,81.77,8.8,14.37,17.56,9.04
2019-06-10,85.69,82.25,9.28,14.38,17.85,9.65
2019-06-11,85.76,82.25,9.16,14.39,18.22,9.34
2019-06-12,85.82,82.88,9.22,14.46,18.42,9.3
2019-06-13,85.82,83.19,9.01,14.39,18.33,9.29
2019-06-14,86.63,83.25,8.88,14.43,18.5,9.07
2019-06-17,87.67,83.31,8.82,14.06,18.12,9.07
2019-06-18,88.35,84.57,8.87,14.41,18.81,9.1
2019-06-19,88.36,84.01,8.95,13.52,18.11,8.96
2019-06-20,88.37,84.0,11.13,13.87,18.58,8.75
2019-06-21,89.36,86.04,11.18,13.8,17.96,9.54
2019-06-24,91.38,86.56,11.7,13.72,17.91,9.63
2019-06-25,69.61,79.31,11.52,11.65,15.11,9.48
2019-06-26,74.25,76.11,11.98,11.41,14.84,9.68
2019-06-27,87.19,77.73,11.99,11.4,14.92,9.72
2019-06-28,90.23,77.06,11.62,11.28,14.82,9.63
2019-07-01,99.1,75.37,13.01,11.15,13.85,9.71
2019-07-02,96.75,75.07,14.06,10.92,13.79,9.78
2019-07-03,100.49,75.67,13.97,10.79,13.52,9.83
2019-07-05,103.42,76.18,14.55,10.82,13.63,10.76
2019-07-08,107.78,79.72,14.74,10.32,13.11,10.38
2019-07-09,107.79,79.99,14.74,10.29,13.2,10.39
2019-07-10,106.38,78.63,15.06,9.86,13.31,10.42
2019-07-11,108.69,81.68,15.43,9.58,13.32,11.19
2019-07-12,107.91,80.53,15.42,9.56,13.29,10.92
2019-07-15,111.01,93.57,15.13,8.87,13.29,10.42
2019-07-16,117.35,99.72,15.04,9.06,13.16,10.26
2019-07-17,115.6,100.89,15.61,8.28,13.23,10.2
2019-07-18,118.51,102.88,15.97,8.31,12.97,10.04
2019-07-19,118.69,103.03,16.76,8.52,13.13,10.04
2019-07-22,118.91,103.09,16.74,8.08,13.02,9.74
2019-07-23,119.85,103.2,16.52,8.13,12.75,9.47
2019-07-24,119.85,103.41,16.51,8.13,12.39,9.54
2019-07-25,119.74,101.75,16.71,8.28,12.25,9.66
2019-07-26,119.8,101.66,16.66,8.32,12.23,9.63
2019-07-29,119.6,101.62,16.71,8.18,11.7,9.61
2019-07-30,117.95,100.76,16.69,8.37,11.98,9.62
2019-07-31,118.35,101.25,17.24,8.12,10.44,9.79
2019-08-01,118.49,101.06,18.39,8.44,11.56,11.33
2019-08-02,118.34,101.0,17.12,8.12,10.82,11.58
2019-08-05,121.95,100.22,17.45,11.66,14.86,11.92
2019-08-06,120.1,99.01,17.11,12.24,15.68,11.94
2019-08-07,118.95,98.56,17.58,12.13,15.63,11.94
2019-08-08,115.05,96.5,17.3,12.93,15.83,11.68
2019-08-09,107.12,90.94,17.35,13.0,15.77,11.65
2019-08-12,103.04,88.81,17.49,13.27,16.01,12.84
2019-08-13,94.24,87.77,16.44,13.8,16.08,12.88
2019-08-14,96.87,92.07,15.53,15.91,17.76,14.06
2019-08-15,91.72,91.0,15.58,15.76,18.01,14.21
2019-08-16,88.64,90.38,15.27,16.38,18.65,13.75
2019-08-19,82.73,91.12,15.62,16.59,18.72,14.67
2019-08-20,82.42,91.3,15.69,16.63,18.76,14.79
2019-08-21,83.5,90.82,15.26,16.76,18.81,14.86
2019-08-22,81.48,89.55,15.01,16.74,19.07,14.32
2019-08-23,80.97,89.21,15.8,17.63,19.38,14.79
2019-08-26,77.79,75.89,15.8,17.91,19.43,14.96
2019-08-27,67.69,65.54,15.56,17.91,19.48,15.2
2019-08-28,68.68,65.9,15.13,17.96,19.55,15.09
2019-08-29,62.24,61.92,14.98,18.25,19.8,15.22
2019-08-30,62.28,61.79,14.2,18.22,20.0,15.15
2019-09-03,69.63,65.08,14.57,18.24,20.02,15.16
2019-09-04,68.36,65.03,14.39,18.62,20.76,14.92
2019-09-05,68.28,64.58,16.38,18.9,21.08,16.24
2019-09-06,68.61,64.54,16.45,18.8,21.03,16.09
2019-09-09,68.59,67.95,16.54,18.74,21.04,17.25
2019-09-10,68.02,67.25,16.75,18.74,21.04,18.24
2019-09-11,68.0,67.25,16.79,18.83,21.06,18.28
2019-09-12,66.82,66.22,16.21,18.67,20.86,18.38
2019-09-13,66.26,66.24,15.06,18.49,20.04,18.74
2019-09-16,66.23,71.59,15.14,18.32,19.95,18.91
2019-09-17,55.14,70.17,14.66,15.89,16.36,18.3
2019-09-18,54.69,69.65,14.65,15.65,16.06,18.19
2019-09-19,53.2,71.03,14.02,15.64,16.12,18.21
2019-09-20,53.17,70.8,14.36,15.19,15.8,18.6
2019-09-23,54.39,72.76,14.39,15.04,15.43,18.58
2019-09-24,62.06,87.37,14.21,14.74,15.32,17.91
2019-09-25,61.25,87.59,15.14,14.19,14.96,18.4
2019-09-26,58.61,82.48,15.0,11.17,11.99,17.23
2019-09-27,58.22,83.69,14.92,11.36,12.66,16.9
2019-09-30,58.2,84.03,15.46,10.81,12.17,16.79
2019-10-01,55.61,79.14,15.21,11.19,12.37,16.3
2019-10-02,55.74,78.9,15.43,12.16,12.6,16.02
2019-10-03,53.72,78.1,15.47,12.16,12.84,16.13
2019-10-04,53.7,77.83,15.45,12.52,12.23,16.12
2019-10-07,52.86,77.98,14.49,10.86,11.61,15.61
2019-10-08,52.87,77.52,14.75,11.33,11.8,15.59
2019-10-09,54.83,79.53,14.45,11.54,11.96,14.97
2019-10-10,53.68,76.38,14.62,11.69,12.25,15.52
2019-10-11,53.91,77.4,14.57,11.89,12.66,15.85
2019-10-14,53.86,77.58,14.63,11.93,12.63,16.04
2019-10-15,42.54,76.15,14.06,12.07,12.63,16.33
2019-10-16,42.63,76.45,14.03,11.51,11.79,16.32
2019-10-17,42.83,76.43,12.31,11.13,11.43,15.56
2019-10-18,42.73,76.44,12.08,11.18,11.51,15.37
2019-10-21,44.42,74.03,12.1,11.36,11.75,14.69
2019-10-22,44.39,74.12,11.88,11.41,11.75,13.95
2019-10-23,47.75,75.95,11.77,11.24,11.6,13.95
2019-10-24,46.81,75.82,11.94,11.2,11.43,13.83
2019-10-25,67.19,83.65,11.69,11.22,11.49,12.36
2019-10-28,70.5,79.52,11.72,11.25,11.33,12.11
2019-10-29,70.77,78.59,11.73,11.26,11.46,12.0
2019-10-30,71.04,78.86,11.7,11.26,11.42,12.7
2019-10-31,70.99,77.42,12.0,11.3,11.62,13.26
2019-11-01,71.02,77.38,11.49,11.55,12.33,12.72
2019-11-04,70.06,74.64,11.39,11.57,12.58,13.27
2019-11-05,61.28,55.76,12.15,11.37,12.09,13.05
2019-11-06,61.02,55.7,11.04,11.38,12.16,12.6
2019-11-07,59.52,55.47,11.89,11.38,12.23,13.38
2019-11-08,61.5,54.34,11.93,11.19,11.87,13.34
2019-11-11,61.54,53.75,11.11,11.21,12.14,13.31
2019-11-12,61.54,53.57,11.01,10.54,12.1,13.36
2019-11-13,61.54,53.36,10.48,9.01,12.1,13.52
2019-11-14,61.44,52.65,10.47,8.85,11.65,13.61
2019-11-15,61.9,53.4,10.48,8.59,11.77,13.35
2019-11-18,62.26,52.97,10.28,8.41,11.43,13.24
2019-11-19,62.37,53.19,9.91,7.14,11.1,13.5
2019-11-20,61.26,49.86,9.9,7.16,11.14,13.84
2019-11-21,62.72,54.78,9.72,6.97,10.9,13.29
2019-11-22,63.41,56.58,9.61,6.02,9.98,12.81
2019-11-25,63.52,56.12,9.59,6.15,10.19,12.66
2019-11-26,63.48,56.15,9.54,5.63,10.01,12.25
2019-11-27,64.71,56.47,9.46,5.66,10.0,12.29
2019-11-29,65.33,56.57,9.66,6.07,11.06,12.28
2019-12-02,67.19,57.24,9.66,6.34,10.94,12.9
2019-12-03,66.33,57.13,10.01,6.31,10.74,14.08
2019-12-04,66.16,57.06,9.97,6.44,10.96,14.33
2019-12-05,63.55,55.13,9.94,6.4,11.03,14.4
2019-12-06,63.65,55.13,10.06,6.7,11.15,14.48
2019-12-09,43.77,41.37,10.01,6.79,11.04,14.42
2019-12-10,37.89,41.23,9.81,6.64,10.96,14.15
2019-12-11,37.07,38.62,10.02,6.71,11.61,14.31
2019-12-12,36.95,38.66,9.91,7.08,12.54,14.52
2019-12-13,37.05,38.65,9.51,7.03,12.25,14.38
2019-12-16,38.44,43.63,9.5,6.76,11.76,14.57
2019-12-17,38.78,47.79,9.49,6.71,11.71,14.08
2019-12-18,49.68,55.19,8.28,6.71,11.7,13.9
2019-12-19,49.6,54.96,8.21,6.7,11.63,13.79
2019-12-20,49.69,55.0,6.82,6.64,11.49,12.7
2019-12-23,48.61,55.0,6.56,6.64,11.08,12.64
2019-12-24,48.61,54.91,6.97,6.56,10.84,12.66
2019-12-26,48.51,54.68,7.23,6.64,10.67,12.62
2019-12-27,48.63,54.66,7.2,6.61,10.27,12.49
2019-12-30,48.64,56.93,7.14,6.96,10.6,12.17
2019-12-31,48.36,56.77,7.07,6.78,10.46,12.49
2020-01-02,48.62,56.72,7.28,7.28,11.65,12.93
2020-01-03,51.26,59.62,8.06,7.82,13.19,13.48
2020-01-06,53.88,64.41,8.44,7.64,13.12,13.22
2020-01-07,53.93,60.32,8.15,7.71,13.09,13.18
2020-01-08,52.14,57.14,8.56,7.78,13.11,13.29
2020-01-09,52.33,56.87,8.62,7.66,12.98,13.3
2020-01-10,53.16,57.65,8.66,7.73,12.91,13.46
2020-01-13,51.9,57.06,8.84,7.91,13.43,13.46
2020-01-14,56.46,72.02,8.79,7.61,12.49,13.55
2020-01-15,53.44,70.84,8.83,7.24,12.87,13.11
2020-01-16,53.61,70.9,8.6,7.1,12.66,11.6
2020-01-17,53.62,71.48,8.55,6.97,12.62,11.5
2020-01-21,53.88,71.49,8.54,7.3,15.11,11.83
2020-01-22,53.97,71.58,7.8,7.08,15.17,11.74
2020-01-23,54.57,72.31,7.77,6.95,15.52,11.89
2020-01-24,54.19,72.13,7.84,7.51,15.8,12.08
2020-01-27,55.86,72.88,7.83,9.44,18.55,12.66
2020-01-28,57.2,73.22,8.33,9.48,18.0,11.84
2020-01-29,57.32,73.26,8.35,9.46,18.06,11.71
2020-01-30,54.94,69.85,8.35,9.24,18.39,11.3
2020-01-31,53.27,64.91,8.38,10.62,19.0,11.46
2020-02-03,47.17,62.47,8.75,10.81,19.25,11.08
2020-02-04,47.24,61.45,9.79,11.88,20.81,11.99
2020-02-05,48.49,64.12,9.79,12.16,20.88,12.54
2020-02-06,48.43,64.19,9.84,12.16,20.87,12.54
2020-02-07,48.25,64.67,9.57,12.34,21.23,12.93
2020-02-10,47.83,63.74,9.39,12.33,21.18,12.94
2020-02-11,48.35,64.41,9.48,12.4,21.52,13.09
2020-02-12,48.23,70.89,9.5,12.34,21.82,13.15
2020-02-13,48.11,69.62,9.59,12.44,22.15,12.7
2020-02-14,46.52,69.13,9.45,12.12,21.26,12.42
2020-02-18,45.86,69.47,9.41,11.88,20.68,11.85
2020-02-19,46.99,74.12,9.1,11.92,20.8,11.66
2020-02-20,45.24,74.18,9.1,12.03,21.27,11.61
2020-02-21,44.99,73.39,9.6,12.21,21.22,11.48
2020-02-24,44.12,72.84,9.55,15.69,23.51,12.01
2020-02-25,44.62,77.07,11.12,17.23,23.43,11.9
2020-02-26,47.93,83.16,10.82,17.03,23.01,12.02
2020-02-27,41.38,72.79,10.8,19.52,23.76,12.22
2020-02-28,41.54,72.81,15.43,19.61,23.74,13.44
2020-03-02,41.96,72.51,15.48,22.11,24.71,13.68
2020-03-03,41.5,72.9,17.87,22.88,24.58,13.61
2020-03-04,41.07,72.79,17.86,26.26,24.47,14.14
2020-03-05,42.33,72.64,18.76,27.51,24.84,15.43
2020-03-06,41.13,72.89,18.77,27.82,25.26,20.73
2020-03-09,56.65,90.49,18.74,34.72,31.44,21.62
2020-03-10,54.06,89.79,19.86,37.59,34.24,27.14
2020-03-11,51.63,90.07,19.68,39.84,36.32,29.46
2020-03-12,118.14,153.45,22.99,47.96,45.51,29.41
2020-03-13,124.19,162.57,24.63,53.33,51.04,30.33
2020-03-16,126.6,169.42,24.72,61.44,61.61,35.29
2020-03-17,127.72,168.79,25.06,64.77,65.39,40.84
2020-03-18,127.82,168.86,25.42,66.03,68.53,44.03
2020-03-19,138.96,176.75,25.92,65.95,68.57,44.54
2020-03-20,138.84,176.31,26.3,66.12,68.69,49.36
2020-03-23,139.39,175.64,29.44,66.12,68.8,50.46
2020-03-24,140.38,175.95,32.65,71.33,73.05,50.93
2020-03-25,139.77,174.92,32.92,72.02,73.89,50.89
2020-03-26,139.7,170.32,33.09,74.09,74.82,50.81
2020-03-27,139.92,170.22,33.14,74.36,76.2,51.2
2020-03-30,139.79,168.71,33.14,74.83,76.5,51.36
2020-03-31,139.83,168.82,34.28,74.82,76.62,51.5
2020-04-01,139.7,168.08,34.35,75.54,77.17,51.55
2020-04-02,140.09,169.03,34.67,76.02,78.11,51.54
2020-04-03,140.02,168.6,34.42,76.04,78.18,51.53
2020-04-06,142.3,178.71,35.27,78.27,79.67,51.49
2020-04-07,142.09,177.94,34.89,78.05,79.72,51.66
2020-04-08,141.42,176.76,34.99,78.48,79.75,51.7
2020-04-09,141.42,176.77,35.77,78.08,79.53,51.66
2020-04-13,142.5,178.38,34.2,78.06,79.54,51.45
2020-04-14,142.29,178.31,34.22,77.8,79.57,51.38
2020-04-15,142.47,178.32,33.22,77.82,79.83,51.71
2020-04-16,144.17,182.17,33.22,76.77,79.62,51.6
2020-04-17,143.69,182.05,33.23,76.83,79.82,51.43
2020-04-20,143.88,181.04,33.28,76.77,79.7,49.28
2020-04-21,138.77,174.02,33.35,74.08,77.63,48.79
2020-04-22,139.13,174.74,33.16,73.15,76.55,46.4
2020-04-23,139.68,174.47,33.21,71.54,75.38,44.93
2020-04-24,83.27,117.98,30.8,65.08,69.23,44.92
2020-04-27,77.44,107.34,29.26,62.03,66.29,44.74
2020-04-28,70.04,92.01,29.0,51.62,54.52,40.87
2020-04-29,76.85,94.35,28.88,49.23,51.62,35.49
2020-04-30,77.38,96.22,28.75,45.65,44.71,31.01
2020-05-01,59.86,82.15,27.91,46.64,46.34,30.31
2020-05-04,59.8,82.15,27.75,45.29,46.37,21.73
2020-05-05,59.43,82.42,25.09,44.69,45.56,18.34
2020-05-06,58.61,82.73,21.54,38.97,40.57,18.13
2020-05-07,61.0,82.47,21.43,38.47,39.45,18.72
2020-05-08,61.38,82.56,21.31,35.86,38.42,19.11
2020-05-11,72.24,91.46,21.31,34.53,34.31,17.51
2020-05-12,72.15,91.27,21.3,34.62,34.14,17.66
2020-05-13,73.06,91.92,18.9,34.8,34.14,17.61
2020-05-14,73.75,91.92,18.88,31.62,31.34,17.37
2020-05-15,75.35,92.57,18.47,31.28,30.43,17.28
2020-05-18,75.61,95.64,18.68,31.95,31.53,18.37
2020-05-19,73.0,80.11,17.22,27.41,27.85,18.42
2020-05-20,73.26,79.86,17.09,27.69,28.02,18.21
2020-05-21,74.99,80.79,17.48,27.19,28.2,18.11
2020-05-22,74.9,81.09,15.93,26.96,28.91,18.19
2020-05-26,73.17,76.9,15.76,27.23,29.53,18.42
2020-05-27,73.6,77.23,15.59,26.52,28.86,18.43
2020-05-28,72.98,77.3,15.56,25.24,27.84,16.64
2020-05-29,71.09,69.94,15.7,25.24,28.18,16.41
2020-06-01,73.53,76.73,14.58,24.37,28.23,16.09
2020-06-02,75.76,78.21,14.62,23.92,28.53,15.87
2020-06-03,75.67,78.32,15.5,21.87,27.51,15.66
2020-06-04,75.39,77.24,14.71,21.36,27.23,15.9
2020-06-05,75.11,77.55,15.51,21.98,27.89,15.79
2020-06-08,75.09,77.53,15.85,22.01,27.84,15.83
2020-06-09,74.8,77.04,16.01,22.08,27.65,15.6
2020-06-10,74.77,77.04,16.48,22.15,27.66,15.88
2020-06-11,68.1,75.42,16.56,27.24,31.14,16.91
2020-06-12,67.97,74.35,15.63,27.03,30.88,16.81
2020-06-15,67.73,74.68,15.56,25.65,28.84,16.58
2020-06-16,67.76,74.2,15.54,25.94,28.77,17.06
2020-06-17,67.77,74.19,15.5,25.95,28.82,17.07
2020-06-18,67.34,74.04,15.01,25.85,28.76,16.77
2020-06-19,63.86,73.67,14.69,25.82,28.76,15.99
2020-06-22,64.84,76.0,14.65,25.6,28.41,15.56
2020-06-23,52.68,64.79,14.64,25.59,28.31,15.52
2020-06-24,53.42,65.98,14.69,26.11,28.66,15.55
2020-06-25,51.26,64.87,14.48,25.76,28.61,15.43
2020-06-26,49.14,65.0,14.32,26.58,28.99,15.48
2020-06-29,47.66,63.94,14.25,26.69,28.53,15.49
2020-06-30,45.92,57.95,14.08,25.07,26.57,14.15
2020-07-01,46.04,58.16,13.92,24.84,26.49,14.12
2020-07-02,45.76,57.97,13.91,24.56,26.94,14.1
2020-07-06,44.39,57.49,13.24,24.79,28.88,14.13
2020-07-07,44.49,56.99,13.25,25.14,28.59,14.62
2020-07-08,43.25,56.72,12.48,24.8,28.81,14.11
2020-07-09,42.13,56.46,12.55,24.75,28.85,14.79
2020-07-10,40.66,54.8,12.61,24.81,28.83,14.84
2020-07-13,40.59,54.87,12.49,25.02,28.81,14.74
2020-07-14,33.29,42.46,12.49,25.0,28.29,14.56
2020-07-15,28.09,40.89,12.27,24.97,27.66,14.6
2020-07-16,27.79,40.36,11.22,24.69,27.43,13.98
2020-07-17,27.37,40.36,11.09,24.62,27.02,13.18
2020-07-20,27.17,40.46,8.92,23.88,26.26,12.89
2020-07-21,27.86,41.48,9.02,23.68,26.32,12.89
2020-07-22,28.3,46.11,9.53,23.52,26.25,12.6
2020-07-23,28.25,47.89,9.07,23.73,26.38,12.35
2020-07-24,23.06,43.5,8.72,16.61,20.85,11.26
2020-07-27,49.53,60.34,9.93,16.44,20.49,10.88
2020-07-28,49.6,59.5,9.87,16.6,20.45,10.99
2020-07-29,49.71,59.47,9.81,16.29,20.76,9.81
2020-07-30,49.61,60.39,10.38,16.46,21.22,9.88
2020-07-31,49.6,60.44,10.31,16.49,21.4,9.58
2020-08-03,49.41,66.53,10.16,16.54,21.41,9.78
2020-08-04,48.55,64.91,11.3,16.4,21.45,10.03
2020-08-05,50.04,64.95,11.32,16.44,21.49,10.19
2020-08-06,48.62,63.92,11.32,14.55,20.92,9.91
2020-08-07,48.94,65.49,12.77,14.51,22.06,10.19
2020-08-10,48.81,65.22,12.99,12.96,21.61,9.93
2020-08-11,50.78,67.0,21.28,12.85,21.67,10.54
2020-08-12,50.66,66.59,21.38,13.36,21.79,10.8
2020-08-13,50.72,70.25,22.13,13.37,21.75,11.26
2020-08-14,50.46,69.71,22.24,13.29,20.97,11.31
2020-08-17,51.05,70.07,22.88,12.39,17.39,11.27
2020-08-18,51.43,70.21,22.92,11.71,16.56,10.69
2020-08-19,51.99,72.27,25.07,11.66,15.39,10.79
2020-08-20,51.5,71.63,25.06,11.42,15.43,10.06
2020-08-21,52.32,75.35,25.2,11.28,15.34,10.12
2020-08-24,52.24,75.58,25.32,11.1,15.44,10.08
2020-08-25,53.69,78.79,25.31,10.7,15.64,10.3
2020-08-26,53.55,78.52,25.45,10.61,15.64,10.27
2020-08-27,53.78,78.15,25.55,10.44,15.22,11.21
2020-08-28,53.86,78.03,25.86,10.55,15.53,11.21
2020-08-31,53.83,81.38,25.86,10.64,16.7,11.39
2020-09-01,53.87,84.12,25.71,10.82,17.19,11.94
2020-09-02,56.14,87.85,25.79,11.15,17.15,12.25
2020-09-03,64.42,96.56,25.83,14.24,17.94,11.76
2020-09-04,64.72,96.57,25.74,14.19,17.94,12.9
2020-09-08,48.07,95.95,25.1,15.65,18.15,13.05
2020-09-09,48.2,96.36,25.14,16.43,18.49,12.84
2020-09-10,48.04,97.17,25.06,16.76,18.5,12.97
2020-09-11,48.06,96.3,24.97,16.65,18.35,12.81
2020-09-14,48.41,95.96,24.93,16.93,18.77,12.81
2020-09-15,48.51,90.29,24.94,16.79,18.9,12.77
2020-09-16,48.76,90.25,24.11,16.78,18.56,12.37
2020-09-17,46.54,91.74,23.95,16.78,18.35,12.24
2020-09-18,46.52,91.68,23.56,17.0,18.47,12.09
2020-09-21,47.97,96.6,23.81,17.43,17.66,12.12
2020-09-22,47.4,95.72,23.82,17.47,17.78,12.08
2020-09-23,46.75,97.02,19.12,18.25,18.33,11.63
2020-09-24,48.98,100.23,19.13,17.59,17.87,11.4
2020-09-25,48.65,95.88,17.7,17.92,17.87,10.94
2020-09-28,48.67,95.68,17.99,18.55,18.22,10.91
2020-09-29,47.11,95.73,16.91,18.44,17.78,10.9
2020-09-30,46.81,95.7,16.66,18.49,18.46,11.06
2020-10-01,46.7,95.17,14.39,18.56,18.31,10.93
2020-10-02,46.53,94.93,14.21,18.69,18.61,10.63
2020-10-05,46.61,93.41,14.14,19.3,18.96,11.81
2020-10-06,46.51,92.71,14.44,19.3,18.69,11.96
2020-10-07,45.59,91.25,14.43,19.7,18.73,11.95
2020-10-08,46.02,91.59,14.0,19.69,18.87,12.06
2020-10-09,46.05,92.42,14.68,19.83,18.78,11.02
2020-10-12,47.52,93.56,13.74,19.99,18.57,11.06
2020-10-13,47.51,88.93,14.38,20.01,17.35,11.09
2020-10-14,46.91,83.8,14.42,19.91,16.82,10.57
2020-10-15,44.92,81.02,14.03,19.66,16.94,10.16
2020-10-16,33.09,73.15,13.88,17.5,15.94,10.12
2020-10-19,33.89,73.96,13.85,17.69,15.98,8.6
2020-10-20,31.81,63.44,13.93,16.23,15.27,8.77
2020-10-21,37.81,64.87,13.81,15.29,14.76,8.78
2020-10-22,37.8,65.29,14.05,14.6,13.82,9.01
2020-10-23,37.9,65.3,14.05,14.61,13.68,9.22
2020-10-26,37.48,66.44,13.81,15.11,13.62,9.71
2020-10-27,38.99,65.91,13.85,15.02,13.36,9.95
2020-10-28,40.28,67.03,14.49,17.61,15.29,9.94
2020-10-29,40.22,64.55,14.47,17.75,15.52,10.22
2020-10-30,40.16,64.52,14.55,17.72,15.71,10.53
2020-11-02,37.16,55.21,13.74,17.58,15.86,10.67
2020-11-03,37.63,55.24,13.77,18.32,15.68,10.76
2020-11-04,35.93,51.56,12.14,18.33,17.14,12.64
2020-11-05,43.29,46.19,13.73,19.08,17.46,12.59
2020-11-06,43.11,53.36,13.67,18.92,17.45,13.02
2020-11-09,43.76,54.17,18.83,18.83,17.33,14.24
2020-11-10,43.98,54.17,18.69,18.78,17.83,14.26
2020-11-11,43.86,54.47,18.65,18.85,17.44,14.16
2020-11-12,43.54,53.99,18.54,19.17,17.58,15.12
2020-11-13,43.33,53.56,18.66,19.24,17.4,15.1
2020-11-16,43.39,54.81,18.6,19.01,17.35,14.03
2020-11-17,43.79,53.89,18.31,18.66,17.39,14.08
2020-11-18,43.74,53.97,18.39,18.63,17.32,13.95
2020-11-19,43.97,54.4,18.36,18.56,17.24,13.94
2020-11-20,44.71,57.42,17.53,18.49,17.22,14.17
2020-11-23,44.9,76.9,18.35,18.25,17.11,14.21
2020-11-24,44.68,76.6,18.32,18.51,17.31,14.34
2020-11-25,45.72,79.16,18.27,18.42,17.26,14.34
2020-11-27,54.66,84.98,18.36,18.33,17.1,14.64
2020-11-30,66.19,98.15,18.41,18.81,19.11,14.62
2020-12-01,68.28,99.7,19.6,18.79,19.69,15.19
2020-12-02,68.29,98.79,19.69,18.78,19.55,15.12
2020-12-03,65.94,97.97,19.7,18.72,19.71,15.29
2020-12-04,67.71,100.92,19.54,18.8,19.8,15.59
2020-12-07,67.65,100.98,20.09,18.86,19.81,15.71
2020-12-08,69.81,102.29,20.13,17.91,19.23,15.53
2020-12-09,69.14,102.4,20.67,18.06,19.56,15.4
2020-12-10,68.62,101.87,20.17,14.65,17.81,15.64
2020-12-11,68.94,102.36,20.16,14.75,18.03,15.43
2020-12-14,70.75,103.55,20.15,14.41,17.67,15.17
2020-12-15,70.66,103.5,20.38,14.49,17.59,15.04
2020-12-16,74.68,105.08,20.38,13.88,17.6,14.97
2020-12-17,76.34,104.95,20.64,12.93,15.59,13.5
2020-12-18,71.95,104.89,19.42,12.08,15.07,13.49
2020-12-21,72.3,104.88,19.41,12.35,15.87,13.13
2020-12-22,72.25,104.67,14.71,11.84,16.05,11.68
2020-12-23,72.93,108.19,14.8,11.85,15.77,11.73
2020-12-24,72.87,108.6,14.79,11.69,15.82,11.74
2020-12-28,81.37,120.66,14.73,11.14,15.57,10.64
2020-12-29,81.27,120.71,14.63,10.63,15.63,10.64
2020-12-30,81.91,119.87,14.8,10.18,15.69,10.64
2020-12-31,81.28,120.1,14.79,10.11,15.68,10.47
2021-01-04,84.82,165.27,15.96,9.89,15.63,10.43
2021-01-05,85.45,164.83,15.94,10.15,16.81,10.5
2021-01-06,87.01,165.31,16.73,10.11,17.14,11.57
2021-01-07,87.16,158.25,15.6,10.38,17.25,11.73
2021-01-08,87.11,158.14,18.12,9.89,18.31,11.49
2021-01-11,97.26,161.38,18.13,10.36,18.79,11.48
2021-01-12,93.93,158.78,17.9,10.3,18.8,10.97
2021-01-13,89.48,152.38,17.83,9.4,16.61,11.62
2021-01-14,87.62,151.68,16.82,8.7,16.03,11.18
2021-01-15,91.14,152.89,17.11,9.43,16.85,11.1
2021-01-19,91.99,158.86,17.13,9.69,17.12,10.85
2021-01-20,90.87,155.78,17.74,9.98,17.5,10.06
2021-01-21,101.49,168.59,17.22,9.91,17.47,9.81
2021-01-22,100.77,167.8,17.34,10.09,17.82,9.74
2021-01-25,101.45,168.19,16.59,9.75,17.48,10.4
2021-01-26,100.97,167.34,16.6,9.86,17.57,10.01
2021-01-27,103.69,169.6,16.7,12.45,19.55,9.98
2021-01-28,105.45,169.41,16.62,12.56,19.44,10.05
2021-01-29,105.4,169.22,16.1,13.52,20.91,10.13
2021-02-01,103.59,169.1,16.26,14.34,22.13,10.14
2021-02-02,103.14,170.39,16.3,14.64,22.31,10.26
2021-02-03,103.73,171.26,16.3,14.54,22.28,10.48
2021-02-04,103.73,169.91,17.37,14.44,21.66,10.37
2021-02-05,103.57,170.31,17.55,14.45,21.42,10.34
2021-02-08,116.9,166.68,17.71,14.52,21.35,10.4
2021-02-09,117.03,166.89,17.69,14.51,21.29,10.29
2021-02-10,112.88,161.07,17.72,14.46,21.29,10.56
2021-02-11,113.66,160.81,17.83,14.49,21.14,10.62
2021-02-12,113.54,160.8,17.65,14.5,20.98,10.99
2021-02-16,113.56,161.31,17.98,14.5,20.95,11.55
2021-02-17,111.54,115.61,16.64,14.37,20.96,11.85
2021-02-18,111.0,115.39,16.57,14.4,20.63,11.76
2021-02-19,110.91,113.15,16.22,14.35,20.4,10.95
2021-02-22,110.53,117.54,16.98,14.49,22.34,10.9
2021-02-23,114.95,123.75,13.95,14.29,21.09,10.89
2021-02-24,107.4,118.48,13.94,14.08,20.76,10.97
2021-02-25,107.72,121.48,14.71,15.57,21.71,11.69
2021-02-26,104.8,120.06,16.09,15.79,22.05,15.16
2021-03-01,105.68,120.29,16.09,17.15,23.27,15.36
2021-03-02,104.13,120.59,15.94,16.97,23.07,15.26
2021-03-03,104.12,111.02,15.86,17.09,22.55,15.36
2021-03-04,104.93,111.33,14.98,17.16,22.84,15.36
2021-03-05,95.5,94.94,15.0,17.69,23.11,15.37
2021-03-08,95.36,106.0,15.09,17.82,24.19,15.33
2021-03-09,95.16,104.68,16.65,18.51,25.03,15.52
2021-03-10,95.08,105.63,16.8,18.53,24.99,15.58
2021-03-11,91.59,102.27,16.76,17.32,25.47,15.54
2021-03-12,89.06,101.97,16.74,17.22,25.93,16.39
2021-03-15,89.96,101.68,16.85,16.09,24.87,16.61
2021-03-16,89.14,101.49,16.52,15.45,23.61,16.55
2021-03-17,88.51,97.37,16.47,15.08,23.29,16.57
2021-03-18,88.38,94.04,16.51,15.65,23.78,16.61
2021-03-19,87.94,93.21,15.49,15.53,24.11,16.85
2021-03-22,90.94,93.13,15.15,15.51,23.95,17.29
2021-03-23,68.99,93.05,14.85,15.71,24.47,17.5
2021-03-24,70.08,94.13,14.86,15.86,24.89,17.63
2021-03-25,69.55,94.07,14.77,15.93,24.92,17.49
2021-03-26,69.53,95.93,14.7,16.63,26.03,17.47
2021-03-29,70.43,97.52,14.99,16.57,26.04,17.32
2021-03-30,70.03,97.01,15.21,16.56,26.05,17.04
2021-03-31,68.22,97.05,15.74,16.57,26.14,16.88
2021-04-01,68.1,96.47,16.25,16.89,26.15,17.74
2021-04-05,64.17,98.2,16.18,17.17,26.09,17.42
2021-04-06,63.64,93.97,15.7,16.87,24.83,17.47
2021-04-07,57.15,89.18,15.71,16.88,25.1,17.55
2021-04-08,57.96,90.06,16.09,16.9,25.21,17.67
2021-04-09,55.3,84.86,15.3,15.45,24.46,17.06
2021-04-12,55.14,84.46,13.68,15.18,24.21,13.86
2021-04-13,54.17,83.98,13.81,13.84,22.87,13.6
2021-04-14,53.41,82.94,13.8,13.66,22.77,13.62
2021-04-15,52.38,82.32,14.14,13.31,22.94,14.16
2021-04-16,51.57,82.94,13.82,12.36,21.86,14.22
2021-04-19,59.66,90.45,13.88,12.04,21.68,14.24
2021-04-20,56.69,74.52,13.43,12.2,20.27,14.1
2021-04-21,56.64,74.49,12.37,11.55,19.34,13.53
2021-04-22,57.4,73.23,12.53,11.75,19.32,13.57
2021-04-23,56.56,73.64,12.6,11.58,17.48,13.42
2021-04-26,59.21,74.83,12.6,11.54,16.66,11.78
2021-04-27,59.05,75.61,12.61,11.5,16.65,12.01
2021-04-28,58.86,75.75,12.62,11.49,16.75,11.93
2021-04-29,58.15,75.8,12.56,11.48,16.76,11.74
2021-04-30,62.48,75.03,12.47,11.07,16.69,11.27
2021-05-03,62.5,98.73,12.94,11.09,16.31,11.17
2021-05-04,62.7,97.41,13.15,11.5,16.61,10.9
2021-05-05,66.53,98.39,12.95,10.88,15.68,10.62
2021-05-06,65.83,96.25,13.7,10.56,14.22,10.53
2021-05-07,65.57,96.33,13.78,10.73,14.42,10.36
2021-05-10,63.4,100.55,13.78,10.41,13.61,10.76
2021-05-11,62.03,100.17,13.15,10.73,13.47,10.59
2021-05-12,72.73,106.15,12.37,12.46,15.7,10.95
2021-05-13,72.87,106.86,11.8,12.64,15.61,10.83
2021-05-14,72.88,108.97,11.57,12.89,16.27,10.05
2021-05-17,81.05,125.78,11.86,12.54,16.21,9.99
2021-05-18,81.05,125.76,11.75,12.57,16.63,9.81
2021-05-19,88.96,149.55,11.66,12.64,16.09,9.63
2021-05-20,93.79,152.95,11.41,12.95,16.0,9.62
2021-05-21,96.23,158.26,11.04,12.9,16.16,9.61
2021-05-24,96.61,159.73,10.74,13.04,16.25,9.67
2021-05-25,94.13,158.68,10.83,12.99,16.45,9.79
2021-05-26,94.75,158.92,10.7,13.0,16.52,9.76
2021-05-27,94.64,159.79,9.96,12.73,16.32,8.5
2021-05-28,95.99,163.36,9.91,12.71,16.41,8.22
2021-06-01,93.8,161.35,9.91,12.66,17.37,8.18
2021-06-02,94.11,160.29,9.93,12.2,17.14,8.09
2021-06-03,94.87,160.81,11.54,12.1,17.44,8.13
2021-06-04,95.57,162.08,11.6,12.19,17.54,9.0
2021-06-07,98.41,162.45,11.48,11.83,17.17,9.02
2021-06-08,96.26,161.62,11.58,11.82,17.25,9.24
2021-06-09,102.99,161.32,11.56,11.85,17.27,9.15
2021-06-10,102.98,161.93,11.57,11.92,17.29,9.27
2021-06-11,103.24,162.56,12.08,11.92,17.31,9.23
2021-06-14,103.16,164.13,12.2,11.55,16.45,9.56
2021-06-15,103.25,148.61,11.82,11.55,16.61,9.58
2021-06-16,102.54,150.23,12.72,11.35,16.77,9.41
2021-06-17,99.29,147.89,15.63,11.34,16.79,10.31
2021-06-18,100.24,148.62,14.85,11.87,16.72,11.55
2021-06-21,104.02,154.29,15.07,12.08,16.5,12.58
2021-06-22,104.74,147.68,15.05,11.75,15.67,12.13
2021-06-23,105.51,147.98,15.05,11.47,15.71,12.0
2021-06-24,100.01,146.48,14.82,9.63,13.37,11.44
2021-06-25,102.27,147.93,14.8,9.47,13.46,11.99
2021-06-28,106.33,151.93,14.49,8.47,12.61,12.05
2021-06-29,101.32,143.01,14.21,8.44,12.6,11.99
2021-06-30,101.42,143.71,14.31,8.49,12.32,11.95
2021-07-01,94.04,121.87,14.37,8.36,12.42,11.89
2021-07-02,88.86,115.3,14.46,7.86,12.35,11.81
2021-07-06,85.57,112.05,14.57,7.98,12.98,12.14
2021-07-07,84.81,109.0,14.62,7.73,12.78,12.28
2021-07-08,85.13,111.24,14.28,8.46,13.83,12.12
2021-07-09,85.27,109.24,14.36,9.22,14.61,12.97
2021-07-12,85.22,109.19,14.35,9.23,14.62,12.89
2021-07-13,82.84,105.02,14.29,9.3,14.48,13.15
2021-07-14,82.4,101.76,14.73,9.27,13.12,13.43
2021-07-15,82.42,101.68,14.62,9.37,13.14,13.67
2021-07-16,81.19,99.83,13.81,9.52,12.98,13.61
2021-07-19,79.74,99.08,13.37,10.15,13.4,14.39
2021-07-20,76.03,98.8,13.27,10.68,13.44,14.74
2021-07-21,79.49,104.96,13.28,11.11,13.6,15.31
2021-07-22,71.57,104.45,13.32,11.09,13.62,15.34
2021-07-23,72.51,104.7,13.21,11.14,13.9,15.48
2021-07-26,79.53,104.95,12.9,11.14,14.77,15.51
2021-07-27,77.95,102.72,12.86,11.3,15.57,15.49
2021-07-28,78.06,102.33,12.96,11.36,17.81,15.47
2021-07-29,76.5,99.18,12.49,11.27,17.56,15.6
2021-07-30,77.96,99.67,8.81,11.4,17.6,15.13
2021-08-02,78.91,99.08,8.63,10.62,17.71,14.41
2021-08-03,71.1,87.94,7.94,10.29,17.71,13.37
2021-08-04,71.6,90.58,7.82,10.28,17.79,13.37
2021-08-05,71.32,89.77,7.92,10.3,17.66,13.46
2021-08-06,72.04,89.71,10.85,10.15,17.49,14.48
2021-08-09,69.31,87.31,11.91,10.1,17.29,14.14
2021-08-10,66.09,78.92,11.91,10.1,17.3,13.98
2021-08-11,65.47,78.61,12.29,10.13,17.35,13.98
2021-08-12,65.58,79.14,12.2,10.03,17.41,13.95
2021-08-13,66.54,78.56,12.88,10.0,17.38,14.63
2021-08-16,68.1,80.87,12.82,9.94,17.5,14.57
2021-08-17,69.06,80.03,12.74,10.25,17.57,14.21
2021-08-18,68.82,79.96,12.69,10.45,17.6,14.02
2021-08-19,68.41,75.7,12.71,10.04,17.28,14.13
2021-08-20,69.43,75.87,12.66,9.43,16.29,13.44
2021-08-23,68.81,73.23,13.18,9.84,17.06,13.43
2021-08-24,69.97,72.99,13.17,9.86,18.5,13.44
2021-08-25,69.99,72.92,12.9,9.86,18.44,13.33
2021-08-26,70.59,72.71,12.91,9.97,18.55,12.96
2021-08-27,70.72,72.8,13.38,10.01,18.91,13.09
2021-08-30,71.92,71.77,13.46,8.77,18.34,11.41
2021-08-31,70.6,72.04,13.47,8.3,18.77,11.24
2021-09-01,68.47,72.37,13.42,7.87,19.06,10.61
2021-09-02,68.44,73.04,13.44,7.89,19.09,10.32
2021-09-03,68.06,72.78,13.74,7.74,18.64,10.48
2021-09-07,65.19,84.51,14.91,7.76,17.75,10.74
2021-09-08,63.97,84.43,14.92,7.65,17.23,10.45
2021-09-09,63.91,84.94,14.9,7.64,15.43,11.05
2021-09-10,64.85,87.58,14.57,7.73,15.38,11.24
2021-09-13,63.02,87.34,14.45,7.57,15.1,11.29
2021-09-14,60.15,86.77,14.59,7.81,15.19,11.55
2021-09-15,59.47,86.22,14.68,7.73,15.14,11.6
2021-09-16,58.79,83.5,16.04,7.75,15.41,11.65
2021-09-17,58.65,84.78,16.02,8.2,15.45,11.64
2021-09-20,63.88,93.43,14.47,9.64,17.09,11.1
2021-09-21,60.58,91.11,13.55,9.68,17.23,11.03
2021-09-22,64.14,97.11,13.62,10.07,17.67,11.0
2021-09-23,64.77,97.35,13.49,10.55,17.81,12.99
2021-09-24,65.73,98.97,13.5,10.58,17.96,13.31
2021-09-27,61.72,95.14,12.81,10.55,18.07,12.51
2021-09-28,61.34,94.87,12.97,11.97,18.26,13.22
2021-09-29,61.03,94.13,13.01,11.7,17.67,13.24
2021-09-30,63.09,95.34,14.13,11.72,17.82,13.18
2021-10-01,68.27,98.59,14.13,11.92,17.08,13.24
2021-10-04,66.57,98.36,14.21,12.27,17.64,13.24
2021-10-05,68.02,98.96,13.76,12.17,17.19,13.47
2021-10-06,70.09,97.97,13.8,12.07,15.83,13.48
2021-10-07,70.49,97.92,13.74,12.54,16.91,13.59
2021-10-08,69.17,97.11,13.73,12.43,16.73,13.65
2021-10-11,70.4,96.06,12.9,12.14,16.32,13.43
2021-10-12,69.63,96.07,12.96,12.09,16.35,14.45
2021-10-13,69.8,94.75,14.03,12.34,16.36,14.69
2021-10-14,69.33,89.64,14.05,12.9,15.9,14.73
2021-10-15,72.1,89.72,14.75,13.12,16.31,14.73
2021-10-18,72.08,89.46,14.35,13.1,16.23,14.6
2021-10-19,69.12,80.93,13.3,13.35,16.63,14.94
2021-10-20,68.78,83.09,13.54,13.28,16.09,14.86
2021-10-21,71.72,83.23,13.48,13.26,16.19,14.33
2021-10-22,71.33,81.02,13.52,13.13,16.2,14.6
2021-10-25,71.71,82.43,13.63,13.13,16.25,14.45
2021-10-26,72.62,82.23,13.68,12.99,16.14,14.19
2021-10-27,73.42,82.55,13.59,12.98,16.31,15.25
2021-10-28,73.74,86.11,11.76,13.18,15.97,15.22
2021-10-29,73.66,84.67,12.05,12.84,16.48,15.2
2021-11-01,67.46,74.33,11.97,11.63,14.57,14.84
2021-11-02,65.07,71.53,11.86,11.64,14.71,14.92
2021-11-03,63.14,65.62,12.06,11.5,14.32,15.03
2021-11-04,63.82,66.08,11.97,11.15,14.14,13.98
2021-11-05,61.72,61.6,12.45,11.09,13.71,14.33
2021-11-08,66.73,63.65,12.47,11.06,13.84,14.29
2021-11-09,65.82,61.86,12.05,9.17,13.34,13.86
2021-11-10,67.19,62.9,12.17,9.66,13.09,15.01
2021-11-11,66.38,62.03,11.29,9.29,13.79,15.03
2021-11-12,61.7,56.95,11.29,9.22,13.79,14.93
2021-11-15,61.88,57.78,11.3,8.2,13.02,15.39
2021-11-16,63.29,62.09,11.45,7.98,12.92,15.13
2021-11-17,59.84,62.08,11.65,8.11,12.9,15.21
2021-11-18,61.7,65.65,11.56,7.67,12.27,14.87
2021-11-19,61.92,68.59,11.88,7.78,12.24,14.93
2021-11-22,59.82,70.42,13.76,7.79,12.45,15.38
2021-11-23,59.68,71.95,13.99,7.76,12.36,15.27
2021-11-24,59.67,72.13,13.01,7.57,11.65,15.72
2021-11-26,61.29,72.67,12.99,9.99,15.02,17.28
2021-11-29,61.79,78.09,12.12,10.05,14.55,17.36
2021-11-30,61.84,78.03,12.27,10.82,14.55,17.82
2021-12-01,60.81,77.79,12.29,10.93,13.93,17.27
2021-12-02,60.19,75.55,12.12,11.76,14.54,17.06
2021-12-03,59.74,77.7,12.37,11.98,14.92,17.25
2021-12-06,61.36,77.86,12.26,12.39,15.19,17.71
2021-12-07,59.98,75.97,12.12,13.92,15.9,17.92
2021-12-08,59.01,76.05,11.94,13.94,15.94,18.63
2021-12-09,60.39,77.72,12.03,14.06,15.84,17.96
2021-12-10,59.02,74.57,12.11,13.92,15.84,17.94
2021-12-13,58.13,74.43,11.88,14.2,15.94,18.41
2021-12-14,58.06,74.29,12.08,14.19,15.72,18.27
2021-12-15,59.01,75.33,12.14,14.68,15.56,18.5
2021-12-16,59.21,75.35,12.39,14.6,15.48,18.21
2021-12-17,59.39,75.44,11.97,14.82,15.52,18.25
2021-12-20,59.77,75.59,11.38,15.0,16.01,17.91
2021-12-21,51.74,72.53,11.31,15.82,16.61,17.94
2021-12-22,51.75,72.47,11.57,16.09,16.69,17.58
2021-12-23,53.73,73.05,11.1,15.99,16.77,16.92
2021-12-27,53.71,72.82,10.97,16.27,15.95,16.93
2021-12-28,55.82,74.47,10.98,16.16,15.91,16.92
2021-12-29,55.99,75.19,10.99,16.15,15.93,16.82
2021-12-30,54.88,72.78,11.08,16.15,16.36,16.95
2021-12-31,54.87,72.54,10.92,16.13,16.35,16.82
2022-01-03,52.98,70.38,11.71,16.21,16.19,18.49
2022-01-04,52.39,66.73,11.78,16.17,16.21,18.22
2022-01-05,53.44,67.79,9.84,16.78,16.7,17.98
2022-01-06,52.65,65.5,10.16,16.79,16.78,17.52
2022-01-07,53.14,67.55,10.25,16.79,17.02,16.94
2022-01-10,52.03,66.9,10.26,15.17,13.84,15.06
2022-01-11,46.04,60.8,10.8,15.34,15.27,15.13
2022-01-12,47.31,60.76,10.58,14.8,15.88,14.32
2022-01-13,47.61,61.26,10.61,14.98,16.54,14.47
2022-01-14,47.99,61.83,10.5,14.45,16.21,14.95
2022-01-18,46.36,60.53,10.28,15.15,16.54,14.7
2022-01-19,44.06,59.33,11.15,14.98,16.44,14.62
2022-01-20,44.34,59.61,11.17,13.65,15.88,14.73
2022-01-21,52.46,70.27,11.24,14.35,16.4,14.52
2022-01-24,50.79,68.9,11.12,14.23,16.84,14.53
2022-01-25,51.01,68.38,11.1,14.29,16.84,14.52
2022-01-26,51.02,68.4,12.18,14.12,16.61,14.0
2022-01-27,51.19,68.41,12.47,14.11,16.91,15.23
2022-01-28,48.96,66.29,12.45,14.46,16.98,15.05
2022-01-31,49.27,69.29,12.06,15.8,19.55,15.08
2022-02-01,48.87,70.75,12.05,15.75,19.55,14.58
2022-02-02,49.88,70.87,12.02,15.62,18.99,14.57
2022-02-03,47.64,70.23,12.03,15.83,18.69,14.67
2022-02-04,59.98,79.17,11.72,15.62,18.65,15.0
2022-02-07,60.92,80.36,11.9,15.46,18.61,14.91
2022-02-08,61.0,80.31,11.91,15.26,18.77,14.9
2022-02-09,58.64,79.8,11.86,16.06,19.27,14.94
2022-02-10,58.46,80.02,11.93,16.53,19.33,15.26
2022-02-11,58.66,80.58,12.97,17.3,19.59,15.76
2022-02-14,58.5,80.62,12.91,17.3,19.64,15.99
2022-02-15,60.18,84.44,12.37,18.1,20.55,14.6
2022-02-16,60.21,84.42,12.53,18.14,20.61,14.77
2022-02-17,62.63,85.4,12.99,18.37,20.32,14.96
2022-02-18,62.67,85.28,12.33,18.45,20.52,15.32
2022-02-22,63.02,84.55,12.31,18.66,20.76,15.24
2022-02-23,63.34,84.19,12.33,18.98,21.01,15.66
2022-02-24,63.56,82.62,12.18,18.59,20.48,15.49
2022-02-25,63.35,84.0,12.24,19.81,20.64,15.49
2022-02-28,69.6,85.26,12.45,19.58,20.59,16.66
2022-03-01,69.93,85.25,13.26,20.03,20.83,16.48
2022-03-02,69.8,84.34,13.72,20.12,20.36,18.83
2022-03-03,70.4,84.87,13.14,20.23,20.56,18.97
2022-03-04,73.72,87.25,13.7,20.51,21.01,19.57
2022-03-07,67.45,76.96,14.06,21.78,23.01,19.34
2022-03-08,67.6,76.19,15.74,21.78,22.91,19.41
2022-03-09,71.57,77.93,18.47,23.62,24.72,19.58
2022-03-10,74.05,79.22,17.6,23.67,24.99,19.7
2022-03-11,74.25,79.23,17.21,23.93,25.42,18.86
2022-03-14,74.35,77.97,17.94,23.38,26.01,19.85
2022-03-15,74.26,76.36,18.98,23.0,23.61,19.83
2022-03-16,75.35,77.4,19.01,25.14,34.2,20.15
2022-03-17,73.94,76.56,19.02,25.27,34.2,20.14
2022-03-18,74.09,77.58,19.27,24.94,34.47,20.5
2022-03-21,66.26,70.48,19.33,24.91,34.66,21.1
2022-03-22,64.8,69.12,19.47,25.18,35.18,21.32
2022-03-23,64.88,69.35,19.76,25.26,35.03,22.41
2022-03-24,65.27,68.87,19.82,25.05,34.68,22.46
2022-03-25,65.08,67.25,19.82,24.73,34.7,22.35
2022-03-28,66.87,68.73,20.03,24.12,34.54,22.02
2022-03-29,66.87,68.84,19.99,24.5,34.96,21.96
2022-03-30,65.75,64.78,19.84,24.06,34.26,21.9
2022-03-31,66.37,65.28,19.67,24.51,34.33,21.83
2022-04-01,61.99,62.01,19.42,23.91,34.69,21.73
2022-04-04,61.76,60.95,19.45,23.93,35.07,21.52
2022-04-05,60.6,59.38,19.55,24.07,35.22,22.33
2022-04-06,62.23,63.26,19.52,23.93,35.26,22.14
2022-04-07,61.88,63.34,19.44,23.92,34.85,22.18
2022-04-08,62.35,61.32,19.46,23.06,34.37,22.29
2022-04-11,58.12,62.79,19.3,23.35,34.35,21.31
2022-04-12,57.71,62.75,18.71,22.86,34.17,20.81
2022-04-13,58.26,63.19,18.46,22.75,34.41,18.88
2022-04-14,58.09,62.79,18.44,22.76,34.38,19.04
2022-04-18,53.7,58.12,17.88,22.32,33.89,17.91
2022-04-19,53.11,56.07,17.86,20.34,32.05,17.91
2022-04-20,52.97,55.8,15.86,20.32,32.1,19.26
2022-04-21,47.44,54.41,13.45,19.12,31.49,19.21
2022-04-22,44.32,52.59,13.65,20.12,31.13,18.97
2022-04-25,44.29,52.19,14.41,19.68,30.61,19.27
2022-04-26,47.07,56.23,13.84,21.24,30.46,18.7
2022-04-27,47.82,56.67,12.94,20.76,30.65,18.95
2022-04-28,46.03,54.47,12.9,19.18,19.58,18.62
2022-04-29,46.76,55.76,12.8,20.23,19.62,18.8
2022-05-02,46.28,54.24,13.62,19.92,19.02,18.65
2022-05-03,46.37,54.56,13.42,20.06,18.8,18.01
2022-05-04,48.0,56.54,13.66,21.01,18.24,17.93
2022-05-05,52.69,59.29,13.0,22.88,20.87,17.79
2022-05-06,52.0,58.88,12.78,22.59,20.96,18.02
2022-05-09,68.16,75.41,13.31,23.99,22.2,18.18
2022-05-10,65.35,72.96,12.54,23.98,22.24,18.21
2022-05-11,66.9,78.44,12.84,23.3,21.34,19.13
2022-05-12,67.11,79.14,13.16,23.33,21.33,18.85
2022-05-13,67.22,80.01,13.26,24.78,23.09,19.03
2022-05-16,67.37,77.77,13.63,24.6,22.29,18.91
2022-05-17,67.76,78.38,13.55,25.29,22.96,19.03
2022-05-18,68.84,80.67,13.51,26.57,23.32,19.64
2022-05-19,70.77,81.6,14.29,26.52,23.86,19.64
2022-05-20,70.96,81.09,14.22,26.53,23.91,20.0
2022-05-23,70.84,81.31,14.15,27.15,24.07,20.27
2022-05-24,69.46,79.97,14.27,26.99,24.29,20.81
2022-05-25,69.11,79.51,14.06,27.13,24.39,20.86
2022-05-26,68.31,80.24,13.91,27.37,24.54,20.87
2022-05-27,68.15,80.51,13.93,28.04,24.65,20.1
2022-05-31,76.13,90.28,14.02,28.05,25.05,20.95
2022-06-01,77.44,90.89,13.72,27.86,25.09,20.86
2022-06-02,77.98,91.09,14.19,28.59,25.59,19.91
2022-06-03,78.05,91.13,14.4,28.64,25.41,19.83
2022-06-06,80.22,92.92,14.23,27.97,25.32,20.41
2022-06-07,79.88,92.56,13.53,28.06,25.23,20.45
2022-06-08,78.76,91.25,13.51,27.01,24.34,20.26
2022-06-09,78.02,90.46,13.38,27.82,25.2,20.06
2022-06-10,78.13,91.36,13.89,27.96,25.05,20.08
2022-06-13,100.36,118.26,15.8,28.93,26.93,21.61
2022-06-14,100.28,118.02,15.08,28.87,27.31,21.37
2022-06-15,100.71,118.68,15.58,29.24,27.52,22.08
2022-06-16,101.4,120.33,15.67,29.14,28.57,22.16
2022-06-17,100.06,120.63,15.8,27.76,26.68,20.83
2022-06-21,100.4,121.97,15.81,28.64,26.85,20.97
2022-06-22,91.02,115.11,15.33,27.28,26.01,22.37
2022-06-23,92.52,117.95,15.24,27.32,25.98,22.34
2022-06-24,91.09,117.42,15.03,28.58,26.75,21.88
2022-06-27,91.11,116.91,14.36,28.59,26.65,21.97
2022-06-28,91.02,116.52,14.16,27.79,25.54,21.68
2022-06-29,90.57,116.57,13.88,27.79,25.54,22.21
2022-06-30,90.12,115.61,13.88,27.09,24.53,22.08
2022-07-01,89.28,114.05,13.88,25.52,23.58,21.39
2022-07-05,88.8,115.09,14.42,25.55,23.19,21.5
2022-07-06,88.88,116.43,15.0,25.53,23.19,21.77
2022-07-07,90.73,117.46,14.89,25.52,23.87,21.4
2022-07-08,90.44,117.36,14.64,25.43,23.34,20.71
2022-07-11,92.82,120.19,14.62,25.6,24.52,21.37
2022-07-12,93.02,119.55,14.63,25.06,24.0,21.44
2022-07-13,94.46,121.87,14.75,24.13,23.66,21.72
2022-07-14,87.78,117.38,14.99,24.15,23.22,20.96
2022-07-15,86.78,117.27,14.76,24.8,23.31,21.02
2022-07-18,90.13,144.35,14.11,23.87,22.73,21.24
2022-07-19,91.06,144.19,14.03,24.88,23.05,21.29
2022-07-20,89.12,143.52,14.16,24.87,22.95,20.59
2022-07-21,89.14,143.82,14.75,24.97,23.24,20.96
2022-07-22,88.96,143.96,14.81,24.95,23.25,21.27
2022-07-25,90.2,144.97,14.81,24.11,22.42,21.51
2022-07-26,89.9,143.58,14.05,23.16,22.32,21.4
2022-07-27,66.0,122.93,12.65,21.47,20.66,19.18
2022-07-28,66.77,123.49,13.11,21.53,20.3,18.73
2022-07-29,66.67,123.55,12.48,21.41,19.95,18.17
2022-08-01,60.09,117.18,12.09,19.32,17.99,19.2
2022-08-02,60.36,117.29,12.0,19.55,18.01,20.39
2022-08-03,60.39,117.36,12.03,18.91,17.51,19.98
2022-08-04,59.41,115.1,13.01,18.75,16.83,18.58
2022-08-05,57.96,114.58,13.27,18.8,16.81,19.91
2022-08-08,58.2,113.36,13.55,16.82,15.3,19.88
2022-08-09,58.37,113.87,13.59,16.87,15.32,19.71
2022-08-10,58.42,114.53,13.6,17.08,15.68,19.85
2022-08-11,58.28,113.19,13.61,17.01,15.67,20.66
2022-08-12,57.99,112.35,13.8,17.0,15.87,20.71
2022-08-15,57.38,112.96,14.29,17.0,15.81,20.5
2022-08-16,56.36,112.45,12.88,16.84,15.61,20.41
2022-08-17,56.87,112.83,12.13,17.11,15.54,20.04
2022-08-18,55.06,112.59,12.16,16.68,14.58,19.86
2022-08-19,62.7,119.72,12.36,17.29,15.13,20.16
2022-08-22,58.25,114.74,12.42,17.72,13.16,19.53
2022-08-23,57.28,112.86,12.52,17.56,13.16,19.49
2022-08-24,55.96,111.82,12.48,17.47,13.13,19.23
2022-08-25,55.82,110.66,11.72,17.6,14.1,19.61
2022-08-26,58.73,116.22,12.3,19.5,14.86,19.68
2022-08-29,53.7,83.53,12.3,19.59,14.91,19.59
2022-08-30,52.46,83.45,12.55,18.5,14.57,19.56
2022-08-31,52.71,83.48,12.45,18.57,14.56,19.72
2022-09-01,52.76,83.01,12.0,18.32,14.32,19.6
2022-09-02,52.57,82.67,12.27,18.33,14.28,18.93
2022-09-06,52.31,80.65,12.36,18.35,14.59,19.92
2022-09-07,52.92,81.44,12.73,18.58,14.72,20.62
2022-09-08,46.87,71.6,12.46,17.15,13.62,20.73
2022-09-09,55.55,71.39,12.0,17.79,14.32,20.55
2022-09-12,57.36,71.4,12.08,17.76,14.98,20.61
2022-09-13,62.98,73.31,12.43,21.08,17.26,19.05
2022-09-14,62.9,73.98,12.38,21.05,17.31,18.39
2022-09-15,63.26,79.53,13.31,20.79,17.35,17.56
2022-09-16,63.28,79.84,12.33,20.86,17.3,17.6
2022-09-19,62.54,76.78,12.07,21.01,17.35,16.58
2022-09-20,62.5,76.73,11.7,21.21,17.35,15.72
2022-09-21,62.31,77.31,11.77,21.59,17.87,16.77
2022-09-22,63.14,74.71,11.78,20.42,17.3,18.0
2022-09-23,63.11,74.38,12.56,20.97,18.26,17.1
2022-09-26,62.67,72.98,12.29,20.35,17.88,17.32
2022-09-27,62.66,72.86,12.05,20.3,17.91,18.52
2022-09-28,63.02,73.0,13.88,21.58,18.28,21.41
2022-09-29,62.93,72.93,13.83,21.96,19.01,21.31
2022-09-30,62.93,72.76,13.84,21.98,19.02,21.45
2022-10-03,56.15,63.77,15.68,23.4,19.78,21.84
2022-10-04,56.71,64.5,16.17,25.48,22.37,21.84
2022-10-05,56.71,63.88,16.1,25.47,22.27,21.91
2022-10-06,56.75,63.89,16.07,25.55,22.28,21.89
2022-10-07,56.9,63.3,16.3,25.76,21.62,21.4
2022-10-10,54.35,55.65,16.5,24.65,21.59,21.42
2022-10-11,54.35,54.69,16.49,24.68,21.85,21.52
2022-10-12,53.94,54.78,16.46,24.6,21.8,21.59
2022-10-13,53.92,54.29,16.43,25.71,21.78,21.6
2022-10-14,53.97,53.85,16.62,26.27,21.98,21.2
2022-10-17,54.24,54.67,16.41,27.53,23.78,21.03
2022-10-18,51.66,54.75,16.37,27.7,23.65,20.12
2022-10-19,51.3,52.86,16.41,27.36,23.8,19.79
2022-10-20,51.32,52.79,16.36,27.29,23.97,20.08
2022-10-21,40.37,50.2,17.2,27.48,23.99,20.37
2022-10-24,37.75,51.74,17.1,27.18,25.38,20.37
2022-10-25,29.38,54.26,16.78,25.48,24.43,22.56
2022-10-26,30.95,57.44,16.88,25.44,25.0,23.09
2022-10-27,30.7,50.28,15.99,25.33,24.94,23.43
2022-10-28,30.97,50.08,16.17,25.68,24.89,23.41
2022-10-31,30.78,48.54,16.31,25.66,24.82,23.38
2022-11-01,28.93,46.77,16.55,25.42,25.6,23.58
2022-11-02,28.8,45.15,16.59,25.68,25.31,22.84
2022-11-03,25.63,42.26,16.61,25.71,25.4,21.88
2022-11-04,28.63,46.72,18.22,25.84,27.51,22.14
2022-11-07,29.78,49.28,17.9,25.57,27.25,21.73
2022-11-08,42.06,66.91,19.0,25.57,27.31,20.97
2022-11-09,58.67,84.01,18.21,25.63,27.71,18.16
2022-11-10,67.19,99.86,20.12,29.16,28.75,21.76
2022-11-11,67.7,99.89,20.15,29.04,29.59,21.51
2022-11-14,67.84,100.44,19.03,28.66,29.44,20.88
2022-11-15,67.02,100.09,18.64,27.19,28.69,21.53
2022-11-16,67.05,100.41,18.57,27.27,29.16,22.38
2022-11-17,67.06,100.45,18.72,27.0,29.07,22.53
2022-11-18,66.92,100.44,18.53,25.68,28.37,22.44
2022-11-21,68.34,103.07,18.0,25.6,28.3,22.0
2022-11-22,68.93,103.35,17.97,25.48,27.77,22.34
2022-11-23,69.44,104.08,17.99,25.41,27.8,22.83
2022-11-25,69.28,104.15,17.81,24.84,27.9,22.65
2022-11-28,69.38,104.35,17.54,24.33,27.47,22.47
2022-11-29,69.25,104.73,17.56,23.42,27.07,22.73
2022-11-30,70.64,106.32,17.83,24.49,28.06,22.79
2022-12-01,70.66,106.26,17.77,24.14,27.36,23.62
2022-12-02,70.72,106.31,17.82,24.04,27.36,22.95
2022-12-05,70.68,106.6,18.24,24.26,27.53,22.63
2022-12-06,70.65,106.16,18.16,24.58,24.62,22.43
2022-12-07,69.57,103.27,18.26,24.19,24.79,21.97
2022-12-08,69.13,101.64,18.24,24.24,24.64,21.89
2022-12-09,68.92,101.31,18.2,24.2,24.59,23.5
2022-12-12,68.71,100.95,18.09,23.94,24.5,23.31
2022-12-13,69.61,101.55,18.25,23.89,24.41,23.15
2022-12-14,69.63,101.53,18.22,23.95,24.08,23.1
2022-12-15,69.82,101.39,18.86,24.32,25.1,22.96
2022-12-16,70.62,103.51,18.83,24.35,25.09,23.23
2022-12-19,68.9,100.65,16.99,23.6,22.23,23.23
2022-12-20,69.44,101.12,17.4,23.56,22.23,23.74
2022-12-21,63.4,91.46,16.33,23.76,22.27,23.65
2022-12-22,47.25,75.32,16.72,23.36,21.77,23.67
2022-12-23,35.21,53.54,14.34,17.42,19.27,21.74
2022-12-27,34.06,53.5,14.42,16.8,18.12,22.57
2022-12-28,33.42,52.8,14.49,17.01,18.56,22.63
2022-12-29,33.12,52.82,14.54,17.56,17.98,22.39
2022-12-30,32.92,52.15,14.56,17.51,17.82,21.72
2023-01-03,32.95,52.15,14.49,17.5,17.97,22.2
2023-01-04,33.09,53.0,14.45,17.9,19.79,22.4
2023-01-05,28.7,46.13,14.89,18.08,19.38,22.4
2023-01-06,27.89,45.87,15.68,18.97,20.13,22.64
2023-01-09,27.21,45.78,15.63,18.85,20.11,22.16
2023-01-10,27.4,45.75,15.63,18.92,20.03,22.71
2023-01-11,27.7,46.0,15.36,18.62,19.9,23.16
2023-01-12,30.96,45.13,15.57,18.7,19.15,23.44
2023-01-13,32.32,41.9,15.53,16.86,17.53,23.61
2023-01-17,35.97,46.89,15.02,16.86,17.6,21.88
2023-01-18,37.0,48.29,15.0,17.16,17.77,22.69
2023-01-19,36.95,47.57,14.39,16.44,17.42,22.37
2023-01-20,41.86,50.82,14.51,16.67,17.79,22.6
2023-01-23,41.24,50.11,14.39,16.78,17.63,21.49
2023-01-24,41.62,51.63,14.38,16.7,17.44,21.94
2023-01-25,41.5,51.9,14.39,16.61,17.22,20.56
2023-01-26,41.67,52.06,14.45,16.59,17.22,20.6
2023-01-27,41.13,51.47,13.83,16.43,17.34,20.42
2023-01-30,41.47,51.85,13.83,16.81,18.6,20.4
2023-01-31,40.21,50.5,12.68,15.2,17.03,20.51
2023-02-01,37.37,44.06,12.89,14.95,17.23,20.54
2023-02-02,37.26,44.03,14.52,14.78,17.43,19.87
2023-02-03,37.13,43.04,15.89,15.39,18.45,19.66
2023-02-06,38.68,44.4,15.88,15.39,19.01,19.81
2023-02-07,38.72,44.92,15.38,14.98,18.74,19.98
2023-02-08,39.22,45.37,15.38,15.33,18.74,19.47
2023-02-09,42.67,49.97,15.46,15.44,18.38,18.72
2023-02-10,42.59,50.05,15.38,14.79,18.04,18.97
2023-02-13,42.57,50.2,15.42,14.32,17.61,18.85
2023-02-14,42.51,50.61,15.38,14.11,17.01,18.52
2023-02-15,48.91,54.09,15.49,14.11,17.18,18.01
2023-02-16,50.35,54.38,15.23,14.25,14.92,18.07
2023-02-17,50.82,54.63,14.82,13.85,15.26,18.18
2023-02-21,51.08,55.41,13.77,13.45,14.42,18.13
2023-02-22,51.5,54.83,13.82,13.48,14.25,18.29
2023-02-23,51.88,54.83,13.75,13.46,14.15,17.96
2023-02-24,53.04,54.85,13.87,13.71,15.33,17.61
2023-02-27,51.48,54.74,13.43,13.67,15.34,16.5
2023-02-28,49.91,54.83,12.95,13.67,15.18,16.44
2023-03-01,47.14,50.85,13.04,13.69,16.66,16.6
2023-03-02,46.61,49.85,13.03,13.42,16.65,14.8
2023-03-03,48.74,51.52,12.52,14.03,16.72,16.68
2023-03-06,43.56,47.29,12.55,13.32,15.97,16.22
2023-03-07,43.51,47.01,13.34,13.84,16.29,16.33
2023-03-08,43.83,45.51,13.24,13.86,16.38,15.68
2023-03-09,46.75,47.64,13.56,14.54,17.29,15.68
2023-03-10,46.77,47.65,15.01,14.65,16.87,18.79
2023-03-13,75.1,70.47,16.53,14.64,16.94,18.79
2023-03-14,75.21,70.23,16.6,15.0,16.23,19.36
2023-03-15,75.35,70.76,16.73,15.0,16.74,20.06
2023-03-16,75.42,70.16,16.3,15.52,17.01,19.84
2023-03-17,79.83,72.81,17.3,15.45,17.01,20.35
2023-03-20,79.82,73.48,15.44,15.58,16.55,20.04
2023-03-21,79.1,73.68,16.58,16.02,16.48,20.08
2023-03-22,79.78,74.14,17.2,15.88,16.47,20.31
2023-03-23,80.03,75.02,17.47,15.78,17.09,20.27
2023-03-24,79.03,73.27,17.67,15.79,17.0,20.07
2023-03-27,79.13,73.28,17.97,15.84,16.87,21.01
2023-03-28,79.14,73.66,17.95,15.48,17.26,20.88
2023-03-29,79.6,73.25,18.06,15.96,17.3,20.88
2023-03-30,75.62,70.24,17.81,16.16,17.44,20.71
2023-03-31,74.98,69.99,17.93,16.17,17.44,20.61
2023-04-03,74.85,69.5,17.98,16.24,17.16,20.55
2023-04-04,74.82,69.64,18.46,15.42,16.75,19.58
2023-04-05,74.69,69.65,18.31,15.49,16.85,19.62
2023-04-06,74.61,70.02,18.54,15.47,16.83,19.5
2023-04-10,75.15,69.52,18.55,14.88,15.4,19.73
2023-04-11,75.2,69.63,18.57,14.82,15.42,19.73
2023-04-12,74.92,69.32,18.57,14.72,15.42,19.73
2023-04-13,74.84,69.85,18.79,15.14,14.68,19.59
2023-04-14,74.7,70.45,19.75,15.15,14.75,19.6
2023-04-17,73.91,68.71,19.73,14.58,14.58,18.82
2023-04-18,74.15,68.64,19.6,14.57,14.54,18.66
2023-04-19,76.17,73.42,18.79,13.72,13.97,18.61
2023-04-20,76.08,73.02,18.76,13.8,13.95,18.74
2023-04-21,74.17,71.92,19.04,12.79,12.58,18.84
2023-04-24,73.94,71.87,18.18,12.0,12.49,16.18
2023-04-25,48.59,51.84,17.1,13.06,13.73,16.72
2023-04-26,48.32,51.77,17.09,12.6,13.82,16.29
2023-04-27,48.79,51.17,16.99,12.58,13.27,15.57
2023-04-28,48.49,51.27,16.99,11.92,12.67,16.1
2023-05-01,42.57,48.56,14.85,11.33,12.56,17.62
2023-05-02,42.83,47.85,15.86,11.75,12.92,18.97
2023-05-03,42.75,46.7,14.88,11.29,12.7,18.85
2023-05-04,41.71,45.39,14.25,10.83,12.86,18.69
2023-05-05,40.88,47.03,14.65,11.76,12.81,18.71
2023-05-08,44.03,50.87,14.23,11.76,12.78,19.07
2023-05-09,43.85,50.4,14.02,11.86,12.81,17.86
2023-05-10,43.84,49.59,13.88,11.87,12.14,18.08
2023-05-11,42.74,50.09,14.06,11.46,12.15,18.32
2023-05-12,42.68,50.12,13.86,11.3,12.23,18.45
2023-05-15,42.63,49.92,13.76,11.11,13.43,18.13
2023-05-16,42.1,49.89,14.14,11.25,13.57,18.06
2023-05-17,42.09,48.91,13.02,11.52,13.65,17.98
2023-05-18,42.49,48.6,13.51,11.47,13.55,17.71
2023-05-19,42.49,48.36,13.74,11.43,13.49,17.72
2023-05-22,38.72,47.96,13.59,11.43,13.71,17.23
2023-05-23,38.46,48.28,13.46,12.05,14.28,17.24
2023-05-24,39.4,48.76,13.53,12.35,14.3,17.27
2023-05-25,39.32,46.48,13.04,11.75,13.63,17.18
2023-05-26,39.46,44.55,12.21,12.35,14.64,17.25
2023-05-30,40.12,46.24,12.34,12.4,14.9,17.24
2023-05-31,39.02,46.1,12.28,12.56,15.09,17.4
2023-06-01,36.42,40.02,12.46,13.03,15.84,17.44
2023-06-02,36.38,40.67,13.08,13.66,16.64,17.52
2023-06-05,38.42,40.89,12.94,13.69,16.39,17.46
2023-06-06,41.98,42.52,12.91,13.75,16.55,17.3
2023-06-07,42.12,43.16,13.22,12.93,15.56,17.13
2023-06-08,42.15,43.22,13.77,13.0,15.6,17.34
2023-06-09,40.51,42.69,13.78,12.12,15.2,17.13
2023-06-12,40.86,45.26,13.78,12.18,15.16,16.42
2023-06-13,39.19,44.38,13.88,12.31,15.32,14.44
2023-06-14,39.37,46.08,12.55,11.73,15.04,12.56
2023-06-15,39.64,45.78,12.45,11.93,15.14,12.8
2023-06-16,40.79,46.76,12.2,11.9,15.13,12.55
2023-06-20,46.18,44.78,11.76,11.5,15.97,12.72
2023-06-21,45.67,42.75,11.73,11.58,16.05,12.06
2023-06-22,45.7,42.86,11.69,11.47,15.97,12.53
2023-06-23,46.17,42.94,11.77,11.96,16.58,12.55
2023-06-26,45.8,42.6,11.64,11.94,16.56,12.14
2023-06-27,45.75,42.8,11.68,12.2,16.36,11.93
2023-06-28,46.2,43.93,11.62,12.09,15.66,11.6
2023-06-29,46.16,44.08,11.17,11.77,15.59,12.73
2023-06-30,46.09,45.78,11.39,11.88,15.69,13.17
2023-07-03,45.78,45.67,10.83,11.84,15.87,13.09
2023-07-05,46.39,46.28,10.39,11.98,16.01,13.23
2023-07-06,46.9,47.35,10.4,12.62,17.0,13.83
2023-07-07,46.91,47.12,10.68,11.96,16.64,13.9
2023-07-10,45.61,46.26,10.46,11.53,16.45,13.85
2023-07-11,45.61,46.27,10.17,11.65,16.62,13.91
2023-07-12,45.74,46.17,10.86,11.56,17.06,14.1
2023-07-13,45.67,49.34,10.71,11.74,16.88,14.13
2023-07-14,46.78,50.21,10.74,11.5,16.68,13.99
2023-07-17,46.55,50.37,10.47,11.15,16.06,13.94
2023-07-18,46.58,49.95,10.1,10.54,15.62,13.64
2023-07-19,43.21,47.66,9.96,10.45,15.64,14.01
2023-07-20,40.36,46.25,10.07,10.71,15.67,14.38
2023-07-21,38.88,45.48,9.46,10.51,15.61,13.68
2023-07-24,39.77,45.95,8.73,10.4,15.95,13.3
2023-07-25,39.75,45.94,8.85,10.41,16.06,13.3
2023-07-26,39.01,43.04,8.95,10.28,16.11,13.27
2023-07-27,39.09,43.1,9.85,10.35,16.36,14.14
2023-07-28,37.67,40.02,10.12,10.7,17.64,14.02
2023-07-31,37.55,40.21,9.94,10.28,17.47,13.71
2023-08-01,36.97,39.43,10.39,10.48,17.86,14.41
2023-08-02,30.59,37.9,10.03,11.28,18.32,14.45
2023-08-03,24.99,34.27,10.02,11.25,18.29,15.64
2023-08-04,24.99,34.18,9.62,11.28,18.25,16.45
2023-08-07,23.69,34.01,9.62,10.91,17.68,16.23
2023-08-08,24.2,33.97,9.8,11.07,18.08,16.7
2023-08-09,23.88,33.62,9.81,10.79,17.86,16.83
2023-08-10,23.26,32.21,9.79,10.8,17.76,17.25
2023-08-11,22.95,31.99,9.79,10.86,18.24,16.6
2023-08-14,22.95,29.2,9.62,10.4,18.15,16.09
2023-08-15,21.93,29.02,9.64,10.98,18.12,16.1
2023-08-16,21.63,28.5,9.73,11.11,18.21,16.04
2023-08-17,29.1,33.1,9.7,10.69,17.27,15.66
2023-08-18,29.1,32.95,9.41,10.67,17.02,15.69
2023-08-21,29.11,32.92,9.46,10.76,17.04,16.02
2023-08-22,28.9,33.24,9.39,10.49,16.72,16.13
2023-08-23,29.5,34.53,8.99,10.47,16.02,17.53
2023-08-24,26.96,26.21,8.98,10.41,15.44,17.2
2023-08-25,25.39,24.9,8.96,10.62,15.42,17.23
2023-08-28,25.47,24.78,9.01,10.88,15.76,17.24
2023-08-29,31.92,28.9,8.82,11.58,16.17,17.51
2023-08-30,32.12,29.09,8.87,11.61,16.19,17.07
2023-08-31,34.91,30.46,8.77,11.49,16.43,16.9
2023-09-01,34.83,30.47,8.74,11.52,16.83,17.37
2023-09-05,34.33,30.09,8.96,11.56,16.42,17.71
2023-09-06,34.3,30.01,8.85,11.59,16.21,17.77
2023-09-07,34.86,30.07,8.7,11.6,16.3,17.8
2023-09-08,34.96,30.07,7.5,11.5,16.06,17.11
2023-09-11,35.62,32.84,7.1,11.35,14.71,17.07
2023-09-12,36.77,34.12,7.14,11.37,14.69,17.17
2023-09-13,36.77,34.17,6.58,11.24,14.36,16.6
2023-09-14,36.8,34.28,6.46,10.61,12.97,16.46
2023-09-15,36.82,34.48,6.78,10.84,12.91,15.18
2023-09-18,36.9,34.48,6.92,10.83,12.91,14.3
2023-09-19,37.29,34.54,6.9,10.64,12.98,14.18
2023-09-20,36.7,34.15,6.64,10.67,12.6,13.74
2023-09-21,37.05,34.6,6.83,11.59,13.4,15.33
2023-09-22,37.07,34.72,6.89,11.56,13.94,14.98
2023-09-25,37.12,34.72,7.06,11.56,13.39,16.43
2023-09-26,37.11,34.78,7.38,12.17,13.88,16.44
2023-09-27,37.17,34.81,8.17,11.75,13.57,16.42
2023-09-28,37.85,36.5,8.13,11.75,13.39,16.39
2023-09-29,31.67,31.15,8.61,11.64,13.37,16.38
2023-10-02,31.51,30.87,9.06,11.7,13.31,16.88
2023-10-03,31.55,30.88,9.0,12.12,13.77,17.5
2023-10-04,31.68,30.34,8.96,12.22,13.78,17.92
2023-10-05,31.77,29.87,8.27,11.66,12.91,15.98
2023-10-06,31.99,30.4,8.5,11.8,13.68,16.16
2023-10-09,32.24,32.53,10.28,11.7,13.72,17.86
2023-10-10,32.35,32.58,10.22,11.74,14.09,17.83
2023-10-11,27.36,29.19,10.02,11.0,13.67,18.75
2023-10-12,27.03,29.29,9.97,11.13,13.96,20.04
2023-10-13,22.61,27.87,13.91,11.19,13.59,20.86
2023-10-16,28.5,29.33,13.97,11.54,13.29,20.89
2023-10-17,28.54,29.96,13.78,11.46,13.14,20.77
2023-10-18,28.58,29.96,14.33,12.03,13.71,20.78
2023-10-19,28.37,29.81,14.73,12.22,13.43,21.28
2023-10-20,29.27,30.63,14.73,12.58,13.75,21.34
2023-10-23,41.85,39.04,14.79,12.2,13.1,21.81
2023-10-24,41.78,38.54,14.68,12.47,13.78,22.18
2023-10-25,41.81,38.51,14.67,12.86,14.19,22.84
2023-10-26,42.19,38.47,14.67,12.61,13.97,23.48
2023-10-27,42.41,38.75,14.9,12.51,13.97,23.47
2023-10-30,42.48,38.92,14.98,13.16,14.44,23.32
2023-10-31,42.42,38.92,15.09,13.3,14.44,23.3
2023-11-01,42.46,38.79,15.13,13.67,14.77,24.34
2023-11-02,42.09,38.88,14.95,14.21,14.97,24.41
2023-11-03,42.25,39.07,14.96,14.61,15.75,24.37
2023-11-06,41.83,40.04,15.08,14.61,15.86,23.48
2023-11-07,41.65,40.19,14.91,13.92,15.27,23.88
2023-11-08,41.64,40.21,14.74,13.93,15.43,24.32
2023-11-09,41.77,51.98,14.64,13.95,15.68,25.26
2023-11-10,41.57,52.64,14.68,14.29,15.8,25.32
2023-11-13,42.49,52.84,14.27,14.21,15.72,24.83
2023-11-14,43.61,54.32,14.32,14.79,16.88,24.71
2023-11-15,46.62,55.1,14.38,14.77,16.92,24.86
2023-11-16,48.93,56.85,14.54,14.79,17.26,25.01
2023-11-17,48.85,56.72,14.55,14.48,16.83,24.67
2023-11-20,48.55,55.38,13.81,14.56,17.03,23.87
2023-11-21,50.89,57.14,13.99,14.47,16.77,23.87
2023-11-22,51.17,59.49,14.04,14.44,16.73,23.17
2023-11-24,50.96,58.94,13.99,14.19,16.32,21.94
2023-11-27,51.4,59.89,10.87,14.08,16.33,21.87
2023-11-28,49.18,59.54,11.22,13.91,16.37,21.22
2023-11-29,49.09,59.09,11.22,13.91,16.46,21.04
2023-11-30,49.11,59.0,10.72,13.08,15.7,21.19
2023-12-01,49.31,59.0,11.24,12.74,15.54,20.48
2023-12-04,53.5,61.8,13.09,12.28,15.48,20.61
2023-12-05,45.4,55.99,13.11,12.31,15.64,21.11
2023-12-06,45.46,56.98,13.13,12.3,15.33,21.11
2023-12-07,45.72,58.63,13.09,11.48,14.7,19.82
2023-12-08,45.52,58.69,13.72,10.76,14.68,19.9
2023-12-11,50.3,61.46,13.67,10.55,14.69,19.83
2023-12-12,50.2,61.63,13.58,10.28,14.5,19.67
2023-12-13,50.86,61.87,15.0,10.7,14.48,20.23
2023-12-14,50.68,62.01,15.03,10.57,14.78,20.57
2023-12-15,51.2,62.98,15.29,9.64,14.3,19.92
2023-12-18,51.13,62.95,15.31,9.3,13.2,20.24
2023-12-19,51.33,62.71,15.2,9.38,13.22,19.81
2023-12-20,51.86,62.64,15.25,10.53,14.34,19.59
2023-12-21,51.87,62.7,14.97,10.89,15.07,19.45
2023-12-22,51.47,53.23,14.98,10.58,14.84,17.94
2023-12-26,52.66,54.37,14.59,10.29,14.86,17.93
2023-12-27,52.25,57.16,14.57,10.26,14.89,18.25
2023-12-28,51.88,56.02,14.61,8.58,13.08,17.76
2023-12-29,48.98,55.52,14.59,8.66,12.92,17.37
2024-01-02,50.03,53.49,14.34,9.16,13.09,17.4
2024-01-03,52.45,57.02,14.61,9.55,13.22,17.4
2024-01-04,52.71,56.84,14.59,9.42,12.8,18.18
2024-01-05,50.55,55.13,14.3,9.35,12.65,18.51
2024-01-08,52.0,52.61,14.44,9.85,12.64,18.63
2024-01-09,52.53,52.6,14.38,10.0,13.35,18.34
2024-01-10,52.21,58.75,14.27,9.98,13.31,17.96
2024-01-11,52.3,58.78,13.73,9.99,13.14,17.99
2024-01-12,57.58,60.01,14.03,9.98,13.06,17.75
2024-01-16,57.53,60.21,14.25,10.42,14.87,18.22
2024-01-17,57.33,60.82,13.6,10.55,15.37,17.48
2024-01-18,52.94,57.95,12.37,10.59,15.28,17.67
2024-01-19,50.86,57.71,12.35,10.85,15.51,16.55
2024-01-22,52.81,61.11,12.35,10.8,15.72,16.17
2024-01-23,52.87,59.53,12.4,10.7,15.86,16.24
2024-01-24,52.5,59.53,12.0,10.7,16.13,16.16
2024-01-25,48.94,57.19,11.57,10.71,16.05,16.27
2024-01-26,50.84,57.43,11.57,10.7,16.05,16.25
2024-01-29,50.87,57.27,9.75,10.17,15.8,15.07
2024-01-30,50.92,56.94,9.6,10.08,15.33,13.15
2024-01-31,50.41,56.09,9.21,10.77,15.32,13.52
2024-02-01,50.3,56.13,9.59,11.25,15.61,14.57
2024-02-02,50.23,55.82,9.81,11.14,15.4,15.83
2024-02-05,49.46,55.79,9.82,10.33,14.5,16.62
2024-02-06,49.53,56.3,9.71,9.86,14.99,16.88
2024-02-07,50.22,55.55,9.62,9.93,14.92,16.89
2024-02-08,49.51,54.07,9.32,9.88,14.83,16.89
2024-02-09,50.45,51.29,9.24,9.94,14.78,15.88
2024-02-12,52.55,54.56,9.13,9.94,14.79,15.83
2024-02-13,52.36,54.16,9.88,11.06,15.74,16.32
2024-02-14,50.19,55.55,9.88,11.11,15.98,16.41
2024-02-15,47.71,51.76,9.88,10.93,15.95,16.45
2024-02-16,47.16,51.69,9.95,10.97,15.96,16.0
2024-02-20,47.13,55.16,10.13,11.05,15.96,15.82
2024-02-21,44.02,55.32,9.88,10.6,15.95,15.56
2024-02-22,43.76,55.37,9.88,11.43,15.55,15.61
2024-02-23,43.92,48.3,9.99,11.41,15.52,16.13
2024-02-26,48.46,53.99,10.0,11.46,15.59,16.03
2024-02-27,43.27,52.52,9.57,11.46,15.58,16.13
2024-02-28,49.76,53.28,9.18,11.17,14.28,15.48
2024-02-29,50.31,52.83,8.66,10.81,13.42,15.62
2024-03-01,48.32,52.06,9.93,10.86,13.63,15.47
2024-03-04,53.54,53.67,10.86,10.66,13.45,15.5
2024-03-05,55.41,48.44,10.82,11.05,13.45,15.94
2024-03-06,55.64,49.43,10.96,11.19,13.81,15.81
2024-03-07,55.55,49.03,10.58,11.46,13.59,15.69
2024-03-08,55.18,48.6,10.72,11.62,13.62,15.62
2024-03-11,55.64,49.15,10.68,11.67,13.61,15.61
2024-03-12,55.98,50.58,11.28,11.84,13.87,15.5
2024-03-13,55.48,50.67,11.37,11.83,13.63,15.34
2024-03-14,56.25,51.02,11.49,11.13,13.62,15.64
2024-03-15,57.78,53.54,11.31,10.86,13.64,14.37
2024-03-18,59.01,57.66,10.81,10.86,13.57,13.02
2024-03-19,65.22,66.78,10.62,10.75,13.71,11.72
2024-03-20,69.56,72.76,10.96,10.97,12.54,11.33
2024-03-21,71.04,72.95,10.98,10.92,12.54,11.28
2024-03-22,71.94,74.82,11.35,10.98,12.61,11.52
2024-03-25,75.61,77.07,11.21,10.97,12.58,11.6
2024-03-26,74.46,75.36,11.12,11.0,12.43,11.62
2024-03-27,74.53,75.91,10.05,9.84,10.94,10.76
2024-03-28,74.03,74.95,10.37,9.48,10.28,10.7
2024-04-01,74.37,75.27,10.5,9.36,10.22,11.99
2024-04-02,77.23,78.11,10.97,9.54,10.18,11.98
2024-04-03,77.21,75.39,11.04,9.46,10.18,11.98
2024-04-04,77.49,75.18,11.36,10.03,10.26,11.96
2024-04-05,77.47,75.21,11.91,9.03,9.88,12.58
2024-04-08,78.28,81.2,11.92,9.04,10.03,11.9
2024-04-09,77.17,79.46,11.74,8.98,10.05,12.22
2024-04-10,76.42,79.34,12.35,9.66,10.92,13.6
2024-04-11,71.96,78.55,13.04,9.67,10.22,13.48
2024-04-12,72.81,81.59,14.09,10.71,12.39,13.39
2024-04-15,74.67,82.11,14.07,10.7,12.02,13.83
2024-04-16,69.34,80.19,13.66,10.79,12.59,13.88
2024-04-17,67.58,80.47,14.04,10.6,12.34,13.59
2024-04-18,67.6,77.56,13.97,10.31,11.6,13.4
2024-04-19,67.51,77.32,13.96,9.87,11.46,13.51
2024-04-22,68.66,78.8,16.06,10.34,11.96,13.51
2024-04-23,66.6,77.44,16.12,10.89,12.2,13.52
2024-04-24,67.15,77.51,15.69,10.43,11.78,13.48
2024-04-25,66.75,77.49,15.67,10.45,11.78,13.53
2024-04-26,66.54,77.16,15.54,10.8,12.19,13.11
2024-04-29,66.12,77.12,15.51,10.78,12.34,13.42
2024-04-30,67.23,77.44,16.84,11.56,13.05,13.58
2024-05-01,63.75,71.71,16.93,11.51,12.96,13.77
2024-05-02,56.83,63.16,16.75,11.72,14.6,13.86
2024-05-03,59.26,64.39,16.75,12.17,14.8,14.22
2024-05-06,58.78,63.21,16.66,12.46,14.59,13.95
2024-05-07,51.24,58.71,16.79,12.45,14.73,14.05
2024-05-08,51.41,58.71,16.85,12.44,14.73,14.09
2024-05-09,52.35,58.92,17.26,12.38,14.74,13.82
2024-05-10,52.8,59.53,17.05,12.39,14.72,13.88
2024-05-13,53.9,59.72,17.3,12.37,14.83,12.91
2024-05-14,51.34,57.25,16.97,12.33,14.87,12.95
2024-05-15,56.08,59.54,17.16,12.72,15.11,13.57
2024-05-16,55.11,60.04,17.11,12.33,15.02,13.41
2024-05-17,55.67,62.04,17.06,12.17,15.04,12.92
2024-05-20,56.57,75.39,17.02,12.16,15.06,12.95
2024-05-21,55.88,74.31,16.98,12.17,15.15,12.74
2024-05-22,55.73,74.45,17.65,11.73,14.55,10.96
2024-05-23,55.91,74.36,17.71,11.84,14.72,11.05
2024-05-24,54.63,70.78,17.3,10.93,12.83,10.98
2024-05-28,51.89,69.56,16.68,10.42,12.62,10.84
2024-05-29,52.02,69.93,16.87,10.79,12.81,11.26
2024-05-30,50.51,69.0,16.77,10.75,12.87,11.15
2024-05-31,49.79,68.78,16.8,10.82,13.29,11.18
2024-06-03,50.02,68.75,17.0,10.55,13.43,12.02
2024-06-04,48.76,67.78,15.61,10.31,13.94,12.37
2024-06-05,48.71,67.81,15.96,10.34,14.46,12.47
2024-06-06,47.65,67.43,16.07,10.32,14.48,12.23
2024-06-07,48.14,68.53,19.14,10.41,14.95,13.34
2024-06-10,47.95,68.45,19.32,10.17,14.7,13.51
2024-06-11,48.99,69.76,19.34,10.18,14.51,13.61
2024-06-12,46.49,66.9,18.42,9.19,14.09,13.39
2024-06-13,45.32,67.28,18.41,9.21,14.13,13.82
2024-06-14,45.45,67.28,18.76,8.74,12.04,13.93
2024-06-17,41.81,66.58,18.83,8.41,11.9,14.15
2024-06-18,42.31,66.47,18.62,8.14,12.18,14.31
2024-06-20,42.13,66.1,18.9,8.2,12.06,14.45
2024-06-21,41.89,65.92,19.45,8.32,12.12,14.28
2024-06-24,44.59,67.55,18.92,8.19,12.09,14.27
2024-06-25,43.98,66.18,18.81,8.21,12.11,14.11
2024-06-26,43.04,66.25,18.72,8.24,11.93,14.85
2024-06-27,42.76,65.87,18.86,8.12,11.83,14.81
2024-06-28,36.54,64.76,18.44,7.5,11.39,15.38
2024-07-01,38.55,64.06,18.44,7.48,11.4,16.18
2024-07-02,37.71,62.73,17.71,7.59,11.35,16.24
2024-07-03,32.57,33.39,18.02,7.83,12.13,16.65
2024-07-05,35.84,40.83,18.5,7.95,12.03,16.75
2024-07-08,35.83,41.19,18.07,7.77,11.98,16.76
2024-07-09,36.66,41.37,17.08,7.43,11.78,16.69
2024-07-10,36.42,41.68,17.1,7.73,11.85,16.69
2024-07-11,36.42,40.29,17.59,7.88,11.91,16.26
2024-07-12,36.65,40.41,17.33,7.27,10.89,15.75
2024-07-15,51.47,53.16,17.34,7.2,11.4,16.05
2024-07-16,51.37,53.23,18.03,7.12,10.93,16.4
2024-07-17,51.16,53.36,18.01,8.27,11.87,15.82
2024-07-18,50.5,53.33,17.89,8.73,11.42,15.68
2024-07-19,52.13,53.66,18.49,8.44,10.99,15.64
2024-07-22,52.3,53.77,18.38,8.9,11.16,15.66
2024-07-23,52.46,53.06,14.86,8.82,10.95,14.68
2024-07-24,52.48,54.35,14.76,10.63,11.69,14.9
2024-07-25,51.75,54.53,15.55,10.73,11.71,14.79
2024-07-26,52.48,55.15,15.8,10.91,11.73,14.8
2024-07-29,52.3,54.89,15.58,10.87,11.75,14.25
2024-07-30,52.26,54.98,15.41,10.91,11.81,14.08
2024-07-31,52.7,55.01,16.05,11.75,13.32,14.07
2024-08-01,52.46,55.02,16.11,12.84,14.01,14.05
2024-08-02,55.35,58.06,15.8,13.79,14.56,16.44
2024-08-05,65.3,79.11,15.57,15.64,16.58,16.46
2024-08-06,64.3,78.76,15.77,15.8,16.72,17.89
2024-08-07,63.95,79.33,15.68,15.75,16.86,18.04
2024-08-08,73.26,91.82,15.93,17.05,18.24,17.6
2024-08-09,73.3,91.71,15.68,17.1,18.32,17.77
2024-08-12,73.42,93.01,16.31,17.1,18.34,16.75
2024-08-13,72.64,92.71,16.34,17.7,18.62,15.77
2024-08-14,73.09,92.74,16.59,17.65,18.66,15.74
2024-08-15,72.81,92.71,16.35,18.13,18.44,15.72
2024-08-16,70.99,88.95,17.11,18.09,18.72,15.62
2024-08-19,71.02,89.02,16.62,18.31,18.94,15.64
2024-08-20,70.82,89.07,16.62,18.33,19.04,15.61
2024-08-21,71.51,89.28,16.64,18.15,19.0,15.62
2024-08-22,71.61,89.28,16.42,18.27,19.22,15.84
2024-08-23,73.59,90.76,16.7,18.57,19.84,15.89
2024-08-26,65.1,84.11,16.7,18.6,19.75,15.44
2024-08-27,66.9,86.92,15.75,18.55,19.68,15.04
2024-08-28,66.82,87.59,15.84,18.24,19.19,15.06
2024-08-29,66.86,87.44,15.74,18.04,18.99,14.88
2024-08-30,65.52,86.95,14.9,18.01,18.76,15.15
2024-09-03,65.73,87.42,14.99,18.7,19.5,15.69
2024-09-04,65.57,87.41,14.97,18.7,19.34,15.96
2024-09-05,66.05,87.18,15.04,17.74,18.85,15.48
2024-09-06,66.75,87.72,14.4,18.4,19.59,15.42
2024-09-09,68.32,89.29,14.18,18.32,19.51,15.36
2024-09-10,68.39,89.28,14.17,18.32,19.52,15.39
2024-09-11,68.37,89.34,13.99,18.45,19.59,15.42
2024-09-12,68.28,89.49,13.94,18.01,18.66,15.38
2024-09-13,69.4,90.34,14.07,17.19,17.97,15.26
2024-09-16,68.11,89.94,14.03,16.25,17.43,12.71
2024-09-17,58.63,71.44,13.53,13.92,15.02,12.76
2024-09-18,58.02,71.35,13.51,13.96,15.06,11.45
2024-09-19,57.85,70.69,14.02,14.58,16.04,11.27
2024-09-20,46.16,56.85,13.8,13.68,14.86,11.15
2024-09-23,45.95,56.98,13.81,13.68,14.93,10.9
2024-09-24,45.39,55.24,13.54,13.73,17.66,10.87
2024-09-25,45.46,55.8,13.54,13.3,17.86,11.03
2024-09-26,45.2,55.97,13.17,13.57,20.35,10.9
2024-09-27,44.65,55.36,13.54,12.98,20.27,10.7
2024-09-30,45.92,56.32,12.51,12.97,20.81,10.78
2024-10-01,47.45,58.69,12.73,12.89,20.74,10.89
2024-10-02,47.39,59.09,12.73,12.86,21.16,10.94
2024-10-03,46.2,58.63,12.72,12.91,21.58,11.27
2024-10-04,46.42,59.3,12.09,12.83,21.21,11.46
2024-10-07,42.79,56.91,11.86,12.46,20.88,11.43
2024-10-08,42.44,56.44,12.14,12.41,22.12,11.45
2024-10-09,40.03,51.73,12.29,12.44,22.23,11.53
2024-10-10,39.98,51.05,12.17,12.31,22.1,11.57
2024-10-11,41.23,51.5,12.42,12.41,22.14,11.58
2024-10-14,44.21,56.44,12.18,12.34,22.22,11.23
2024-10-15,43.21,55.02,12.04,11.31,22.34,10.73
2024-10-16,43.2,54.96,12.06,11.26,22.39,10.03
2024-10-17,41.88,53.93,11.98,11.24,22.42,10.68
2024-10-18,39.61,50.4,11.85,9.81,21.64,10.7
2024-10-21,37.37,47.72,11.87,9.73,21.78,11.45
2024-10-22,37.38,48.05,12.09,9.8,21.74,11.14
2024-10-23,37.67,49.39,12.79,10.03,21.84,11.12
2024-10-24,38.08,49.4,12.09,9.79,21.79,11.42
2024-10-25,37.28,49.93,11.87,9.74,21.79,11.35
2024-10-28,37.27,48.79,11.87,9.8,21.8,10.78
2024-10-29,37.56,49.08,11.92,9.79,21.85,10.85
2024-10-30,37.4,49.04,11.53,9.85,22.05,10.59
2024-10-31,38.44,50.56,12.1,9.51,21.35,10.65
2024-11-01,38.66,49.26,11.78,9.52,21.34,11.18
2024-11-04,39.48,49.86,11.78,9.45,21.28,12.36
2024-11-05,39.74,50.0,11.16,9.86,19.22,12.53
2024-11-06,46.65,61.46,14.4,10.36,19.31,14.46
2024-11-07,46.01,63.72,15.07,10.37,17.26,15.04
2024-11-08,46.0,63.69,15.02,10.38,18.61,15.51
2024-11-11,62.36,73.71,16.38,10.38,18.19,15.51
2024-11-12,60.77,72.24,16.25,10.44,18.73,15.71
2024-11-13,60.75,71.47,16.47,10.45,17.6,15.75
2024-11-14,62.44,72.94,16.47,10.44,17.41,15.8
2024-11-15,63.04,72.76,16.47,10.51,17.07,15.5
2024-11-18,63.21,73.07,17.45,10.45,17.27,15.44
2024-11-19,63.08,74.0,17.53,10.46,15.97,15.53
2024-11-20,62.02,73.4,17.51,10.39,15.94,15.49
2024-11-21,62.23,77.35,17.55,10.44,15.9,15.47
2024-11-22,62.07,77.54,17.66,10.33,15.68,15.45
2024-11-25,64.51,74.99,19.69,10.27,15.69,17.31
2024-11-26,64.88,75.51,19.67,9.78,14.63,16.94
2024-11-27,65.53,79.85,19.62,9.73,14.39,17.02
2024-11-29,65.36,80.21,19.71,9.91,14.42,16.68
2024-12-02,65.91,80.21,19.58,9.79,14.11,16.69
2024-12-03,65.48,80.38,19.6,9.67,14.07,16.06
2024-12-04,65.53,81.15,19.32,9.73,14.11,16.33
2024-12-05,65.87,79.67,19.14,9.29,14.23,16.29
2024-12-06,66.06,80.33,18.97,9.28,14.23,16.22
2024-12-09,66.19,82.82,19.22,9.3,15.53,16.37
2024-12-10,65.59,82.76,19.65,9.43,16.12,16.42
2024-12-11,65.85,83.57,19.59,9.6,16.17,16.68
2024-12-12,66.01,83.54,19.91,9.7,16.0,17.04
2024-12-13,64.85,81.11,19.72,8.47,15.9,17.28
2024-12-16,65.09,80.95,19.73,8.44,15.97,16.82
2024-12-17,64.19,79.78,19.73,8.56,15.87,16.19
2024-12-18,67.55,83.61,20.38,11.92,16.55,16.46
2024-12-19,64.29,79.25,18.51,11.36,16.32,15.08
2024-12-20,64.3,77.62,18.13,11.09,14.83,14.69
2024-12-23,65.37,77.76,18.09,11.25,13.34,14.3
2024-12-24,48.54,66.96,16.78,11.53,13.24,14.36
2024-12-26,49.37,67.42,16.69,11.32,12.1,13.76
2024-12-27,49.05,67.2,16.54,11.53,12.02,13.69
2024-12-30,47.99,65.9,16.55,11.83,12.14,13.8
2024-12-31,46.42,65.9,16.61,11.55,12.17,13.86
2025-01-02,47.5,65.97,16.16,11.46,11.66,13.87
2025-01-03,47.31,66.24,16.15,11.84,12.02,13.78
2025-01-06,48.28,66.19,16.07,12.01,12.07,13.8
2025-01-07,49.07,65.86,15.96,12.29,12.22,14.12
2025-01-08,49.36,66.0,15.56,12.24,12.29,14.13
2025-01-10,46.14,65.81,13.18,12.92,13.16,11.59
2025-01-13,45.99,66.44,13.54,12.9,13.24,11.6
2025-01-14,44.67,59.96,13.6,12.95,13.71,11.27
2025-01-15,46.01,63.48,13.54,13.71,14.29,12.1
2025-01-16,45.78,64.39,13.38,13.69,14.23,12.13
2025-01-17,47.64,66.14,13.5,13.93,14.42,12.04
2025-01-21,47.19,64.55,14.15,14.25,14.76,11.88
2025-01-22,47.26,64.87,13.95,14.29,14.62,11.85
2025-01-23,46.29,63.53,13.97,14.38,14.64,11.9
2025-01-24,45.63,60.34,13.82,14.36,13.42,11.9
2025-01-27,46.3,60.99,13.77,14.68,13.64,12.54
2025-01-28,44.42,58.86,13.72,14.66,13.77,12.32
2025-01-29,44.76,58.82,13.01,14.57,13.72,11.89
2025-01-30,44.68,60.46,13.04,14.74,14.62,11.63
2025-01-31,43.2,60.33,13.04,14.85,14.91,11.71
2025-02-03,43.28,69.46,12.96,15.0,15.04,11.96
2025-02-04,41.16,68.35,11.45,12.32,14.31,11.46
2025-02-05,40.65,67.29,11.47,12.36,14.33,11.53
2025-02-06,40.65,67.5,11.39,12.22,14.33,11.45
2025-02-07,39.55,67.63,11.17,12.41,14.26,11.27
2025-02-10,37.68,67.38,11.86,12.39,14.63,11.28
2025-02-11,37.04,66.56,12.0,12.39,14.64,11.45
2025-02-12,37.2,68.69,11.64,12.16,14.61,11.9
2025-02-13,37.08,68.73,11.6,12.06,14.42,12.63
2025-02-14,37.09,69.12,12.79,12.01,14.44,12.58
2025-02-18,36.04,68.11,13.02,11.97,14.45,13.08
2025-02-19,36.01,66.75,12.62,11.73,14.33,13.04
2025-02-20,34.33,66.29,12.57,11.65,14.48,12.98
2025-02-21,31.68,62.8,12.62,12.01,14.3,12.87
2025-02-24,34.3,64.26,12.63,12.16,15.06,12.87
2025-02-25,35.26,64.2,13.37,11.18,13.97,13.39
2025-02-26,37.86,65.65,12.83,11.17,13.84,13.4
2025-02-27,37.2,64.7,13.86,12.16,15.07,13.64
2025-02-28,34.65,60.2,13.99,11.57,15.36,13.25
2025-03-03,35.43,60.2,14.3,12.02,15.61,13.26
2025-03-04,32.35,57.63,14.24,11.96,15.63,13.92
2025-03-05,34.32,58.66,13.7,12.4,17.55,14.04
2025-03-06,33.88,58.53,13.83,13.11,17.69,13.97
2025-03-07,34.98,57.38,13.8,13.17,17.72,13.77
2025-03-10,43.16,66.42,14.07,15.05,19.09,13.99
2025-03-11,46.67,67.62,13.92,14.77,18.39,13.88
2025-03-12,46.93,67.5,13.8,14.74,18.34,14.02
2025-03-13,46.65,67.07,14.42,15.02,18.41,14.17
2025-03-14,48.09,65.86,13.94,16.06,18.51,14.28
2025-03-17,47.92,65.62,13.97,16.3,18.68,14.14
2025-03-18,47.99,57.17,14.21,16.26,18.59,13.99
2025-03-19,49.87,60.13,14.05,16.22,17.98,14.03
2025-03-20,50.44,60.05,14.03,16.16,18.22,13.26
2025-03-21,50.43,59.58,14.28,16.11,18.29,13.39
2025-03-24,52.11,62.46,14.39,16.6,18.31,13.6
2025-03-25,51.99,62.13,13.68,16.41,18.05,13.57
2025-03-26,51.83,62.28,13.62,16.68,18.11,13.57
2025-03-27,51.32,59.71,14.06,16.68,18.1,12.96
2025-03-28,51.94,60.95,13.95,16.87,18.85,12.68
2025-03-31,52.02,60.79,13.5,16.89,18.7,12.9
2025-04-01,52.87,62.97,12.9,16.88,18.63,12.51
2025-04-02,53.3,63.85,12.89,17.0,18.63,12.53
2025-04-03,53.01,63.92,13.1,20.02,19.33,12.55
2025-04-04,52.9,63.82,15.0,26.06,24.9,12.46
2025-04-07,53.36,73.42,16.3,26.1,26.57,15.45
2025-04-08,53.74,74.22,15.86,26.19,26.69,15.56
2025-04-09,57.63,84.38,19.0,37.59,34.02,15.56
2025-04-10,58.53,87.32,19.34,38.31,33.93,17.31
2025-04-11,60.2,87.98,19.64,38.57,35.12,16.94
2025-04-14,60.05,88.44,19.65,38.78,35.15,17.04
2025-04-15,59.99,88.33,19.6,38.74,35.06,16.8
2025-04-16,58.82,87.44,21.33,38.61,33.97,16.78
2025-04-17,58.9,87.49,21.3,38.45,34.05,16.93
2025-04-21,58.68,87.32,22.59,38.58,34.0,17.59
2025-04-22,54.4,86.29,22.94,38.6,33.67,17.36
2025-04-23,52.4,86.03,24.37,38.76,33.75,17.58
2025-04-24,52.37,86.11,24.55,39.1,33.89,17.82
2025-04-25,51.25,85.88,24.61,38.98,33.87,17.76
2025-04-28,50.45,85.59,24.78,38.55,33.43,17.8
2025-04-29,50.56,85.54,25.1,38.47,33.03,17.91
2025-04-30,50.21,85.53,25.17,38.41,33.03,18.06
2025-05-01,48.73,83.64,26.07,38.35,33.01,18.04
2025-05-02,47.6,83.0,26.06,38.64,33.98,18.27
2025-05-05,48.23,83.04,27.07,38.64,34.01,18.27
2025-05-06,47.26,81.16,27.88,38.45,34.02,18.09
2025-05-07,47.25,81.16,28.44,38.45,34.18,18.14
2025-05-08,50.23,102.98,29.22,38.32,34.13,18.33
2025-05-09,50.28,104.3,29.09,38.32,34.16,18.32
2025-05-12,49.01,103.93,30.42,38.53,34.19,17.98
2025-05-13,48.29,104.36,30.2,38.55,34.18,17.69
2025-05-14,47.93,104.62,30.88,38.55,34.22,17.47
2025-05-15,46.56,103.1,31.19,38.55,34.23,17.75
2025-05-16,46.66,103.23,31.36,36.62,33.53,17.7
2025-05-19,46.8,103.26,30.66,31.08,28.62,17.28
2025-05-20,42.81,92.2,30.15,30.82,25.81,15.23
2025-05-21,40.58,89.75,30.17,30.78,25.25,15.07
2025-05-22,34.79,83.52,28.66,18.51,16.85,15.04
2025-05-23,35.21,80.23,28.5,15.68,15.63,12.88
2025-05-27,33.45,80.85,28.55,15.67,13.5,13.45
2025-05-28,33.92,80.76,28.49,15.67,13.57,13.3
2025-05-29,34.5,80.66,28.5,15.66,13.52,13.56
2025-05-30,35.16,82.06,26.96,14.68,13.57,13.45
2025-06-02,35.29,82.03,28.02,14.72,13.56,13.48
2025-06-03,34.74,82.11,26.64,13.46,13.53,12.51
2025-06-04,29.67,77.1,26.39,12.32,13.34,13.29
2025-06-05,31.27,81.16,25.44,12.19,13.12,12.98
2025-06-06,32.09,80.88,25.41,11.42,12.85,13.08
2025-06-09,35.55,83.38,25.25,11.4,12.9,12.87
2025-06-10,35.58,83.93,24.9,11.41,12.92,12.81
2025-06-11,35.85,84.27,24.78,11.45,12.92,12.56
2025-06-12,36.89,85.88,24.9,11.43,12.93,12.95
2025-06-13,36.4,86.65,24.25,12.15,14.02,13.15
2025-06-16,36.41,86.97,24.71,11.5,12.04,13.11
2025-06-17,36.3,86.95,23.22,11.97,12.68,13.54
2025-06-18,35.89,86.87,21.77,11.77,12.59,13.51
2025-06-20,36.27,88.44,21.33,11.91,12.19,13.45
2025-06-23,31.83,63.0,20.51,12.08,12.31,13.09
2025-06-24,31.83,60.51,20.95,12.52,14.09,13.25
2025-06-25,31.98,57.66,19.18,10.65,12.89,12.94
2025-06-26,31.83,53.22,19.16,10.78,12.96,12.92
2025-06-27,31.76,52.79,18.89,10.81,12.96,12.9
2025-06-30,31.76,52.94,18.65,10.79,12.95,12.96
2025-07-01,32.03,53.75,18.38,10.76,12.93,12.96
2025-07-02,32.64,57.45,18.1,10.78,12.95,13.09
2025-07-03,32.55,57.47,17.48,10.82,12.94,13.08
2025-07-07,31.82,57.68,17.36,10.45,13.72,12.34
2025-07-08,31.4,56.85,17.43,10.42,13.69,12.29
2025-07-09,29.82,57.18,16.24,10.36,13.72,12.6
2025-07-10,31.8,58.23,15.47,9.39,13.66,12.01
2025-07-11,31.7,58.23,15.69,9.24,13.62,12.65
2025-07-14,31.27,57.99,15.65,9.22,13.61,12.39
2025-07-15,31.37,57.37,15.57,9.31,13.01,12.55
2025-07-16,31.13,60.16,13.54,9.18,12.95,12.25
2025-07-17,31.03,60.32,13.31,9.21,12.98,12.24
2025-07-18,31.18,60.38,13.2,9.22,12.72,11.27
2025-07-21,29.58,56.4,13.86,9.14,12.75,11.58
2025-07-22,29.23,56.59,13.45,8.96,12.75,11.06
2025-07-23,25.08,54.32,13.97,9.45,12.83,11.2
2025-07-24,25.12,53.19,14.11,9.47,12.97,11.12
2025-07-25,24.76,52.73,14.29,9.43,13.02,11.23
2025-07-28,23.28,50.16,13.9,9.57,13.23,10.83
2025-07-29,23.3,48.86,13.32,8.82,12.2,11.56
2025-07-30,23.31,48.2,13.61,8.68,12.06,11.25
2025-07-31,23.06,49.27,13.79,8.2,11.48,10.71
2025-08-01,24.14,53.24,15.02,9.17,11.75,11.44
2025-08-04,23.81,52.62,15.12,9.79,11.86,11.43
2025-08-05,23.4,54.09,15.09,9.62,11.7,11.43
2025-08-06,23.44,54.11,14.36,9.14,9.21,11.42
2025-08-07,23.9,55.27,14.52,9.13,9.47,11.43
2025-08-08,24.0,55.05,14.52,8.98,9.33,11.42
2025-08-11,24.35,55.86,14.13,8.99,9.28,11.26
2025-08-12,24.46,59.11,13.73,9.4,9.83,10.98
2025-08-13,24.72,56.99,13.52,9.44,10.32,11.23
2025-08-14,26.94,58.55,13.55,9.44,11.02,11.29
2025-08-15,27.09,59.81,13.41,9.34,10.97,11.3
2025-08-18,26.98,60.44,13.41,8.89,10.1,10.97
2025-08-19,28.49,64.01,13.15,9.09,10.37,11.08
2025-08-20,28.05,64.31,13.41,9.01,10.36,10.68
2025-08-21,25.65,63.54,13.44,9.09,10.39,10.78
2025-08-22,27.95,73.92,13.52,10.04,11.68,10.17
2025-08-25,31.92,80.77,13.49,10.29,11.88,10.19
2025-08-26,32.01,81.12,13.57,10.17,11.8,9.94
2025-08-27,31.9,79.7,13.52,10.14,11.92,9.96
2025-08-28,32.1,79.52,13.64,10.14,11.86,10.09
2025-08-29,33.58,80.38,13.87,10.33,11.94,10.36
2025-09-02,34.56,78.95,14.78,10.56,11.81,10.31
2025-09-03,33.9,79.17,14.71,10.61,11.85,10.65
2025-09-04,33.88,79.27,14.24,10.24,11.53,10.71
2025-09-05,33.88,79.15,14.45,10.21,11.92,11.47
2025-09-08,34.12,79.17,14.26,10.27,12.12,11.91
2025-09-09,34.11,79.13,14.07,10.16,11.97,11.87
2025-09-10,34.78,79.13,14.07,10.13,12.07,11.02
2025-09-11,35.03,79.34,12.78,10.35,12.33,10.97
2025-09-12,34.68,79.89,12.75,10.21,12.13,11.1
2025-09-15,34.14,78.86,11.91,9.36,11.83,10.42
2025-09-16,34.03,77.13,11.88,8.66,11.7,10.41
2025-09-17,33.95,76.42,12.27,8.59,11.71,10.44
2025-09-18,33.92,76.4,12.34,8.45,11.79,10.77
2025-09-19,33.55,75.25,12.45,8.45,11.75,10.77
2025-09-22,34.28,77.35,13.11,8.41,11.73,10.75
2025-09-23,33.87,75.85,11.99,8.46,11.64,10.9
2025-09-24,33.85,71.39,12.5,8.15,11.4,10.85
2025-09-25,34.32,72.93,12.5,8.26,11.23,10.62
2025-09-26,32.63,73.36,12.15,8.33,10.5,10.36
2025-09-29,35.08,74.36,12.62,8.33,10.7,10.28
2025-09-30,34.98,74.05,12.53,8.37,10.66,10.28
2025-10-01,35.78,73.51,12.18,8.21,10.33,10.2
2025-10-02,35.91,71.74,12.34,8.17,10.28,10.21
2025-10-03,35.62,71.26,12.12,8.01,10.17,10.09
2025-10-06,34.31,58.57,12.67,6.73,8.83,10.27
2025-10-07,30.54,53.54,12.45,6.68,9.0,10.3
2025-10-08,30.55,51.58,12.84,6.81,9.01,10.29
2025-10-09,30.84,52.23,14.63,7.05,9.45,10.28
2025-10-10,37.25,62.73,14.68,10.6,14.83,11.06
2025-10-13,35.86,69.63,15.64,11.29,16.76,10.77
2025-10-14,35.65,70.08,14.71,11.05,17.06,10.42
2025-10-15,36.16,70.13,15.1,11.12,17.55,10.14
2025-10-16,36.71,69.78,15.64,11.08,17.5,10.14
2025-10-17,36.98,69.88,17.13,11.12,17.3,9.32
2025-10-20,38.55,70.91,19.28,11.37,17.5,8.62
2025-10-21,38.92,71.26,28.05,11.43,17.92,8.47
2025-10-22,38.38,71.3,28.08,11.52,17.88,8.36
2025-10-23,38.75,70.93,28.03,11.33,17.6,8.48
2025-10-24,38.81,68.97,28.11,11.43,17.65,8.35
2025-10-27,39.68,69.76,29.51,11.65,17.78,8.37
2025-10-28,39.61,70.35,29.65,11.63,17.72,8.38
2025-10-29,40.26,70.16,29.56,11.61,17.74,8.91
2025-10-30,40.41,70.41,29.89,12.01,18.05,8.52
2025-10-31,40.48,70.28,29.91,12.02,18.05,8.56
2025-11-03,40.59,70.55,29.6,11.97,18.08,8.52
2025-11-04,42.62,74.43,30.15,12.54,18.97,8.32
2025-11-05,43.06,75.66,30.11,12.51,19.07,8.87
2025-11-06,42.3,73.75,30.12,12.7,19.12,9.22
2025-11-07,42.75,73.42,30.12,12.63,19.14,9.25
2025-11-10,41.46,73.08,30.73,13.27,19.6,8.95
2025-11-11,42.15,73.85,30.68,13.25,19.59,8.99
2025-11-12,40.17,72.02,30.93,13.2,19.49,8.98
2025-11-13,39.83,72.25,31.04,13.99,19.81,9.28
2025-11-14,41.64,72.6,31.57,13.99,19.8,9.42
2025-11-17,40.99,71.14,31.38,14.29,20.07,9.14
2025-11-18,41.03,71.46,31.41,14.39,20.0,8.99
2025-11-19,40.43,71.21,31.06,14.28,19.88,9.01
2025-11-20,42.32,72.46,30.54,14.85,20.06,9.08
2025-11-21,38.56,65.07,30.43,13.1,16.82,7.77
2025-11-24,40.11,60.08,29.95,12.71,14.85,7.96
2025-11-25,40.0,59.98,29.88,12.96,14.62,7.94
2025-11-26,41.84,60.35,29.54,13.04,13.99,8.02
2025-11-28,41.63,60.24,28.94,13.05,13.87,7.83
2025-12-01,43.56,63.45,28.45,13.1,13.87,8.58
2025-12-02,45.64,66.18,26.35,12.8,13.26,8.48
2025-12-03,46.26,69.24,18.36,12.8,12.86,8.38
2025-12-04,46.35,69.24,18.36,12.74,12.86,8.47
2025-12-05,46.18,69.53,18.35,12.62,12.79,8.36
2025-12-08,46.35,70.08,18.34,12.52,12.65,8.38
2025-12-09,46.05,71.25,16.24,12.14,12.19,8.3
2025-12-10,46.04,70.8,16.03,12.37,12.67,8.35
2025-12-11,45.78,70.95,16.11,12.39,12.6,7.91
2025-12-12,46.01,71.77,15.32,12.4,12.69,8.19
2025-12-15,46.93,72.2,15.15,12.39,12.7,8.18
2025-12-16,47.03,70.24,15.16,12.43,12.62,8.37
2025-12-17,45.63,67.08,14.03,12.22,11.67,8.32
2025-12-18,44.87,65.76,13.88,12.39,11.87,7.88
2025-12-19,45.74,67.37,13.83,12.33,12.07,7.45
2025-12-22,45.22,66.42,15.0,12.42,12.14,7.45
2025-12-23,44.35,65.25,13.54,11.8,11.09,7.48
2025-12-24,43.9,64.27,13.69,11.77,11.1,7.57
2025-12-26,43.83,64.27,13.37,11.77,11.3,7.59
2025-12-29,43.62,62.62,18.71,10.85,10.77,7.34
2025-12-30,41.37,61.74,17.78,10.85,10.83,7.18
2025-12-31,40.9,61.29,17.51,10.52,10.25,7.49
2026-01-02,41.67,62.51,17.46,10.25,12.78,7.49
2026-01-05,43.34,62.37,18.82,10.44,12.95,7.64
2026-01-06,40.21,59.32,18.92,9.16,12.09,7.55
2026-01-07,40.64,60.16,19.24,9.04,12.44,7.71
2026-01-08,39.31,57.56,18.88,8.64,12.24,7.6
2026-01-09,39.2,57.62,18.9,8.49,12.25,7.84
2026-01-12,37.84,57.26,19.4,8.29,12.63,7.72
2026-01-13,40.0,61.04,19.24,8.33,12.96,7.66
2026-01-14,36.97,56.1,19.36,8.2,12.94,7.01
2026-01-15,33.56,52.91,19.34,8.19,12.96,7.01
2026-01-16,32.9,49.75,19.45,8.16,13.08,7.15
2026-01-20,39.47,59.02,21.9,9.88,13.54,7.93
2026-01-21,38.68,58.32,22.03,10.4,14.09,8.18
2026-01-22,38.46,57.52,22.26,10.45,14.08,8.22
2026-01-23,37.85,54.25,22.39,10.44,14.05,8.26
2026-01-26,38.0,54.25,22.54,10.27,13.84,8.3
2026-01-27,38.08,54.8,23.13,10.53,14.48,8.49
2026-01-28,37.43,53.09,24.95,10.03,13.75,8.02
2026-01-29,38.42,55.0,24.91,10.05,13.87,8.02
2026-01-30,38.1,56.21,40.55,10.31,15.57,8.03
2026-02-02,42.04,66.71,42.5,9.78,15.23,8.07
2026-02-03,43.31,67.93,45.99,9.79,15.07,7.97
2026-02-04,42.92,66.0,46.01,9.66,15.76,7.93
2026-02-05,58.01,77.17,46.54,10.27,15.9,8.53
2026-02-06,70.12,88.3,47.14,11.89,17.3,8.52
2026-02-09,70.08,88.72,47.49,12.05,17.33,8.34
2026-02-10,70.17,89.14,47.63,12.06,17.31,8.93
2026-02-11,70.37,89.41,45.48,11.99,17.58,9.02
2026-02-12,70.04,89.23,46.96,12.78,18.13,9.75
2026-02-13,71.43,91.14,47.2,12.59,18.03,9.49
2026-02-17,70.75,89.22,48.39,12.46,16.63,9.46
2026-02-18,69.0,88.16,48.25,12.31,16.46,9.5
2026-02-19,69.17,87.56,48.21,12.27,16.45,9.46
2026-02-20,69.4,87.6,48.24,12.44,17.08,9.39
2026-02-23,70.38,88.49,48.66,12.78,17.56,9.27
2026-02-24,70.37,88.55,48.99,12.8,17.95,9.12
2026-02-25,73.17,95.49,48.86,12.99,17.82,9.05
2026-02-26,71.36,91.94,48.84,13.03,17.93,9.09
2026-02-27,70.97,92.11,48.88,13.08,17.98,9.1
2026-03-02,72.78,94.1,48.82,13.2,18.86,9.65
2026-03-03,72.73,94.1,50.86,14.42,24.13,9.49
2026-03-04,73.12,93.03,49.86,13.62,24.11,8.62
2026-03-05,73.15,92.87,49.92,13.66,24.71,8.52
2026-03-06,73.67,93.41,49.86,13.93,24.64,8.55
2026-03-09,73.72,93.49,49.74,14.22,25.27,8.86
2026-03-10,74.2,94.0,49.68,14.17,25.3,9.36
2026-03-11,74.12,93.27,49.2,13.86,24.6,9.94
2026-03-12,74.15,93.47,48.16,14.66,26.09,9.94
2026-03-13,72.99,92.3,48.25,14.73,26.07,10.04
2026-03-16,75.01,99.28,37.63,15.26,26.72,10.16
2026-03-17,72.76,91.46,35.55,15.18,26.77,10.14
2026-03-18,72.65,91.44,31.9,15.7,27.34,10.27
2026-03-19,72.15,91.18,34.01,15.68,27.09,10.37
2026-03-20,58.52,79.04,34.28,16.34,28.79,11.34
2026-03-23,46.01,69.42,33.32,15.8,29.12,11.52
2026-03-24,46.0,69.23,32.19,15.58,29.22,11.58
2026-03-25,45.72,68.1,33.67,15.93,29.67,11.42
2026-03-26,46.28,68.76,34.79,16.83,30.61,11.57
2026-03-27,47.37,69.55,35.47,16.8,30.52,10.86
2026-03-30,45.92,68.04,34.51,16.74,30.48,11.5
2026-03-31,46.05,68.45,35.48,19.41,32.68,11.48
2026-04-01,45.79,68.23,35.22,19.6,32.74,11.45
2026-04-02,46.06,69.3,35.57,19.6,32.84,11.62
2026-04-06,46.63,69.56,34.97,19.46,32.27,11.61
2026-04-07,45.75,69.22,34.04,19.33,32.22,11.54
2026-04-08,45.83,69.74,34.0,21.43,35.87,11.57
2026-04-09,42.61,62.63,34.14,21.27,35.69,11.58
2026-04-10,42.72,62.77,33.98,21.24,35.65,11.49
2026-04-13,42.26,62.54,33.65,21.41,35.75,11.36
2026-04-14,40.62,61.7,34.15,21.61,35.83,11.2
2026-04-15,40.54,61.22,31.89,20.78,32.45,11.24
2026-04-16,36.15,57.99,31.76,20.64,32.36,11.33
2026-04-17,35.91,57.79,31.92,20.59,31.74,11.66
2026-04-20,34.24,57.71,31.57,20.27,31.79,11.62
2026-04-21,34.25,57.71,32.47,20.49,31.82,11.38
2026-04-22,34.35,57.67,32.55,20.62,32.15,11.02
2026-04-23,34.36,58.1,32.61,20.73,32.62,10.39
2026-04-24,34.6,58.17,32.31,20.02,31.46,10.38
2026-04-27,34.61,58.22,32.19,19.86,31.44,10.38
2026-04-28,31.22,45.86,32.54,19.71,30.87,10.13
2026-04-29,31.07,45.91,32.62,19.76,30.92,10.32
2026-04-30,29.03,43.51,31.85,19.5,30.6,10.21
