date;BTC_drawdown_pct;GOLD_drawdown_pct;ETF_drawdown_pct
2014-09-17;0,0;0,0;0,0
2014-09-18;-7,19;0,0;0,0
2014-09-19;-13,67;-0,59;-0,3
2014-09-22;-12,07;-0,79;-1,11
2014-09-23;-4,71;-0,15;-1,73
2014-09-24;-7,46;-0,62;-1,12
2014-09-25;-10,01;-0,33;-2,72
2014-09-26;-11,57;-0,61;-2,05
2014-09-29;-17,9;-0,64;-2,61
2014-09-30;-15,39;-1,33;-2,85
2014-10-01;-16,12;-0,86;-4,12
2014-10-02;-17,99;-0,88;-4,5
2014-10-03;-21,39;-2,69;-3,96
2014-10-06;-27,83;-1,49;-3,46
2014-10-07;-26,49;-1,21;-4,93
2014-10-08;-22,83;-0,26;-3,36
2014-10-09;-20,18;-0,12;-5,54
2014-10-10;-20,94;-0,16;-6,98
2014-10-13;-14,63;0,0;-7,62
2014-10-14;-12,35;0,0;-7,49
2014-10-15;-13,68;0,0;-8,15
2014-10-16;-16,35;0,0;-8,41
2014-10-17;-16,09;-0,19;-7,13
2014-10-20;-16,29;0,0;-6,47
2014-10-21;-15,49;0,0;-5,08
2014-10-22;-16,22;-0,57;-5,81
2014-10-23;-21,63;-1,25;-4,75
2014-10-24;-21,64;-1,39;-4,21
2014-10-27;-22,82;-1,63;-4,47
2014-10-28;-21,8;-1,6;-3,27
2014-10-29;-26,62;-3,01;-3,69
2014-10-30;-24,5;-4,02;-2,97
2014-10-31;-26,02;-6,13;-1,68
2014-11-03;-28,38;-6,56;-2,09
2014-11-04;-27,74;-6,5;-2,56
2014-11-05;-25,77;-8,52;-2,16
2014-11-06;-23,62;-8,45;-2,26
2014-11-07;-25,13;-5,87;-2,03
2014-11-10;-19,77;-7,97;-1,81
2014-11-11;-19,6;-6,65;-1,48
2014-11-12;-7,38;-7,1;-1,8
2014-11-13;-8,0;-6,96;-1,65
2014-11-14;-13,01;-4,62;-1,52
2014-11-17;-15,29;-4,97;-1,67
2014-11-18;-17,96;-4,14;-0,94
2014-11-19;-16,79;-5,28;-1,11
2014-11-20;-21,76;-4,3;-1,17
2014-11-21;-23,28;-3,86;-0,31
2014-11-24;-17,59;-4,09;-0,07
2014-11-25;-17,93;-3,87;-0,12
2014-11-26;-19,45;-4,05;0,0
2014-11-28;-17,69;-6,59;-0,61
2014-12-01;-17,07;-2,87;-1,23
2014-12-02;-16,62;-4,07;-0,81
2014-12-03;-18,0;-3,07;-0,54
2014-12-04;-19,18;-3,45;-0,77
2014-12-05;-17,6;-4,66;-0,67
2014-12-08;-20,87;-3,53;-1,6
2014-12-09;-22,98;-1,52;-1,91
2014-12-10;-24,26;-1,72;-3,39
2014-12-11;-23,36;-1,94;-3,32
2014-12-12;-22,91;-2,17;-4,95
2014-12-15;-24,49;-4,69;-5,99
2014-12-16;-28,49;-4,22;-6,27
2014-12-17;-30,08;-4,79;-4,68
2014-12-18;-31,91;-4,06;-2,6
2014-12-19;-30,5;-4,37;-2,34
2014-12-22;-27,43;-6,22;-1,76
2014-12-23;-26,84;-6,07;-1,79
2014-12-24;-29,48;-6,04;-1,61
2014-12-26;-28,3;-4,32;-1,21
2014-12-29;-31,63;-5,29;-1,43
2014-12-30;-32,05;-4,02;-2,07
2014-12-31;-29,99;-5,37;-2,95
2015-01-02;-31,12;-4,95;-3,18
2015-01-05;-39,98;-3,52;-5,09
2015-01-06;-37,42;-2,42;-6,07
2015-01-07;-35,64;-2,99;-4,84
2015-01-08;-38,04;-3,4;-3,35
2015-01-09;-36,5;-2,3;-3,95
2015-01-12;-41,44;-1,22;-4,49
2015-01-13;-50,61;-1,55;-4,43
2015-01-14;-61,06;-1,71;-4,88
2015-01-15;-54,12;0,0;-5,09
2015-01-16;-54,5;0,0;-3,98
2015-01-20;-53,79;0,0;-3,76
2015-01-21;-50,39;0,0;-3,05
2015-01-22;-48,96;0,0;-1,92
2015-01-23;-49,08;-0,8;-2,52
2015-01-26;-40,2;-1,79;-1,86
2015-01-27;-42,39;-0,66;-2,54
2015-01-28;-48,85;-1,45;-3,83
2015-01-29;-48,94;-3,57;-2,92
2015-01-30;-50,49;-1,42;-4,23
2015-02-02;-47,91;-2,24;-2,99
2015-02-03;-50,31;-3,34;-1,48
2015-02-04;-50,4;-2,91;-2,06
2015-02-05;-52,53;-2,75;-0,99
2015-02-06;-51,4;-5,26;-1,82
2015-02-09;-51,87;-4,84;-2,17
2015-02-10;-51,93;-5,4;-1,34
2015-02-11;-52,07;-6,52;-1,59
2015-02-12;-51,51;-6,3;-0,36
2015-02-13;-48,52;-5,79;0,0
2015-02-17;-46,73;-7,36;0,0
2015-02-18;-48,33;-7,1;0,0
2015-02-19;-47,46;-7,42;-0,02
2015-02-20;-46,7;-7,95;0,0
2015-02-23;-47,76;-7,83;-0,26
2015-02-24;-47,8;-7,96;0,0
2015-02-25;-48,08;-7,61;0,0
2015-02-26;-48,3;-7,31;-0,16
2015-02-27;-44,5;-7,24;-0,41
2015-03-02;-39,72;-7,63;-0,02
2015-03-03;-38,4;-7,79;-0,54
2015-03-04;-40,29;-8,08;-1,0
2015-03-05;-39,61;-8,17;-0,9
2015-03-06;-40,37;-10,68;-2,24
2015-03-09;-36,67;-10,59;-2,11
2015-03-10;-36,2;-11,03;-3,89
2015-03-11;-35,19;-11,56;-3,84
2015-03-12;-35,64;-11,59;-2,71
2015-03-13;-37,61;-11,46;-3,34
2015-03-16;-36,46;-11,51;-2,17
2015-03-17;-37,57;-11,99;-2,27
2015-03-18;-43,96;-10,27;-0,69
2015-03-19;-42,95;-10,33;-1,54
2015-03-20;-42,77;-9,31;-0,07
2015-03-23;-41,68;-8,74;0,0
2015-03-24;-46,3;-8,51;-0,29
2015-03-25;-46,17;-8,38;-1,34
2015-03-26;-45,66;-7,79;-1,83
2015-03-27;-45,98;-8,12;-1,73
2015-03-30;-45,88;-9,17;-0,88
2015-03-31;-46,6;-9,24;-1,9
2015-04-01;-45,93;-7,69;-1,6
2015-04-02;-44,68;-7,95;-1,01
2015-04-06;-44,13;-6,82;-0,2
2015-04-07;-44,64;-7,28;-0,36
2015-04-08;-46,42;-7,79;0,0
2015-04-09;-46,72;-8,43;0,0
2015-04-10;-48,38;-7,39;0,0
2015-04-13;-50,89;-8,06;-0,53
2015-04-14;-52,08;-8,62;-0,16
2015-04-15;-51,06;-7,83;0,0
2015-04-16;-50,02;-8,15;0,0
2015-04-17;-51,26;-7,69;-1,24
2015-04-20;-50,88;-8,39;-0,71
2015-04-21;-48,56;-7,87;-0,42
2015-04-22;-48,8;-9,1;0,0
2015-04-23;-48,3;-8,44;0,0
2015-04-24;-49,43;-9,73;0,0
2015-04-27;-49,86;-7,91;-0,03
2015-04-28;-50,61;-7,11;0,0
2015-04-29;-50,63;-7,76;-0,57
2015-04-30;-48,36;-9,39;-1,61
2015-05-01;-49,25;-9,7;-0,72
2015-05-04;-47,74;-8,89;-0,49
2015-05-05;-48,37;-8,63;-1,75
2015-05-06;-49,76;-8,68;-2,02
2015-05-07;-48,1;-9,43;-2,01
2015-05-08;-46,68;-8,99;-0,45
2015-05-11;-47,05;-9,34;-1,04
2015-05-12;-47,28;-8,57;-1,24
2015-05-13;-48,31;-6,93;-0,99
2015-05-14;-48,19;-6,43;0,0
2015-05-15;-48,05;-6,15;0,0
2015-05-18;-49,02;-6,16;-0,08
2015-05-19;-49,28;-7,46;-0,25
2015-05-20;-48,83;-7,31;-0,27
2015-05-21;-48,54;-7,62;0,0
2015-05-22;-47,45;-7,69;-0,4
2015-05-26;-48,15;-9,04;-1,75
2015-05-27;-48,12;-9,06;-1,03
2015-05-28;-48,09;-8,95;-1,21
2015-05-29;-48,16;-8,89;-1,98
2015-06-01;-51,26;-8,97;-2,05
2015-06-02;-50,63;-8,6;-1,89
2015-06-03;-50,61;-9,25;-1,54
2015-06-04;-50,95;-9,89;-2,49
2015-06-05;-50,81;-10,37;-3,08
2015-06-08;-50,04;-10,11;-3,46
2015-06-09;-49,92;-9,91;-3,7
2015-06-10;-49,97;-9,14;-2,27
2015-06-11;-49,77;-9,56;-1,98
2015-06-12;-49,71;-9,58;-2,67
2015-06-15;-48,22;-9,18;-3,18
2015-06-16;-45,14;-9,51;-2,94
2015-06-17;-45,49;-9,09;-2,87
2015-06-18;-45,55;-7,91;-1,91
2015-06-19;-46,51;-8,07;-2,49
2015-06-22;-45,99;-9,25;-1,32
2015-06-23;-46,58;-9,85;-1,1
2015-06-24;-47,41;-10,09;-1,79
2015-06-25;-46,91;-10,21;-2,09
2015-06-26;-46,74;-10,12;-2,18
2015-06-29;-43,79;-9,71;-4,67
2015-06-30;-42,48;-10,27;-4,51
2015-07-01;-43,45;-10,58;-3,93
2015-07-02;-44,15;-10,76;-3,87
2015-07-06;-41,17;-10,52;-5,01
2015-07-07;-41,79;-11,55;-4,91
2015-07-08;-40,79;-11,29;-6,84
2015-07-09;-41,13;-11,08;-6,07
2015-07-10;-37,71;-10,97;-4,08
2015-07-13;-36,14;-11,37;-3,34
2015-07-14;-37,14;-11,57;-2,74
2015-07-15;-37,5;-12,03;-3,0
2015-07-16;-39,19;-12,35;-2,3
2015-07-17;-38,89;-13,24;-2,36
2015-07-20;-39,0;-15,6;-2,34
2015-07-21;-39,69;-15,86;-2,58
2015-07-22;-39,38;-16,31;-3,11
2015-07-23;-39,64;-16,69;-3,6
2015-07-24;-36,97;-15,87;-4,62
2015-07-27;-35,8;-16,27;-5,51
2015-07-28;-35,62;-16,14;-4,38
2015-07-29;-36,68;-16,02;-3,79
2015-07-30;-37,09;-16,74;-3,85
2015-07-31;-37,76;-16,21;-3,72
2015-08-03;-38,51;-16,87;-4,03
2015-08-04;-37,63;-16,71;-4,13
2015-08-05;-38,36;-17,01;-3,72
2015-08-06;-39,09;-16,64;-4,37
2015-08-07;-38,87;-16,43;-4,53
2015-08-10;-42,17;-15,58;-3,27
2015-08-11;-40,88;-15,15;-4,56
2015-08-12;-41,75;-13,96;-4,9
2015-08-13;-42,26;-14,67;-4,99
2015-08-14;-41,91;-14,68;-4,77
2015-08-17;-43,59;-14,45;-4,74
2015-08-18;-53,85;-14,47;-5,19
2015-08-19;-50,43;-13,32;-6,07
2015-08-20;-48,54;-11,81;-8,14
2015-08-21;-49,15;-11,26;-10,76
2015-08-24;-53,97;-11,74;-14,13
2015-08-25;-51,54;-12,83;-14,29
2015-08-26;-50,62;-14,02;-11,39
2015-08-27;-50,85;-13,97;-9,49
2015-08-28;-49,4;-13,2;-9,57
2015-08-31;-49,7;-13,1;-10,28
2015-09-01;-50,12;-12,8;-13,22
2015-09-02;-49,87;-13,26;-11,69
2015-09-03;-50,32;-13,89;-11,51
2015-09-04;-49,64;-14,17;-13,19
2015-09-08;-46,73;-14,14;-10,89
2015-09-09;-47,92;-15,25;-11,76
2015-09-10;-47,85;-15,05;-11,16
2015-09-11;-47,5;-15,23;-10,98
2015-09-14;-49,57;-15,18;-11,42
2015-09-15;-49,64;-15,44;-10,53
2015-09-16;-49,91;-14,31;-9,28
2015-09-17;-49,75;-13,43;-9,41
2015-09-18;-49,06;-12,79;-11,26
2015-09-21;-50,35;-13,34;-11,0
2015-09-22;-49,57;-13,93;-12,57
2015-09-23;-49,65;-13,58;-12,98
2015-09-24;-48,72;-11,77;-13,28
2015-09-25;-48,58;-12,31;-13,06
2015-09-28;-47,71;-13,42;-15,11
2015-09-29;-48,25;-13,77;-15,14
2015-09-30;-48,38;-14,67;-13,36
2015-10-01;-48,06;-14,77;-13,17
2015-10-02;-48,11;-12,97;-11,68
2015-10-05;-47,44;-13,14;-9,99
2015-10-06;-46,2;-12,27;-10,07
2015-10-07;-46,87;-12,4;-9,07
2015-10-08;-47,02;-12,85;-8,27
2015-10-09;-46,66;-11,47;-8,11
2015-10-12;-46,36;-11,12;-8,21
2015-10-13;-45,44;-10,68;-9,14
2015-10-14;-44,9;-9,12;-9,04
2015-10-15;-44,39;-9,53;-7,55
2015-10-16;-42,52;-10,17;-7,39
2015-10-19;-42,4;-10,55;-7,66
2015-10-20;-41,08;-9,98;-7,82
2015-10-21;-41,78;-10,78;-8,32
2015-10-22;-40,08;-10,81;-6,99
2015-10-23;-39,54;-10,96;-6,01
2015-10-26;-37,62;-11,02;-6,37
2015-10-27;-35,76;-10,82;-6,89
2015-10-28;-33,39;-11,54;-6,05
2015-10-29;-31,37;-12,39;-6,36
2015-10-30;-28,28;-12,72;-6,73
2015-11-02;-21,02;-13,29;-5,67
2015-11-03;-11,79;-14,57;-5,38
2015-11-04;-10,01;-15,38;-5,73
2015-11-05;-15,52;-15,64;-5,93
2015-11-06;-18,12;-16,87;-6,23
2015-11-09;-16,85;-16,63;-7,24
2015-11-10;-26,35;-16,81;-7,16
2015-11-11;-31,98;-17,09;-7,32
2015-11-12;-26,06;-17,07;-8,45
2015-11-13;-26,37;-17,3;-9,39
2015-11-16;-27,68;-17,18;-8,17
2015-11-17;-26,73;-18,28;-8,14
2015-11-18;-26,84;-18,21;-7,07
2015-11-19;-28,68;-17,3;-6,82
2015-11-20;-29,59;-17,68;-6,62
2015-11-23;-29,36;-18,34;-6,99
2015-11-24;-30,02;-17,8;-6,9
2015-11-25;-28,23;-18,18;-6,82
2015-11-27;-21,71;-19,15;-6,95
2015-11-30;-17,5;-18,61;-7,23
2015-12-01;-20,74;-18,33;-6,31
2015-12-02;-21,46;-19,6;-7,26
2015-12-03;-21,05;-18,74;-8,29
2015-12-04;-20,59;-16,94;-6,97
2015-12-07;-13,51;-18,01;-7,77
2015-12-08;-9,13;-17,88;-8,69
2015-12-09;-8,7;-18,04;-9,17
2015-12-10;-9,15;-18,11;-9,23
2015-12-11;-1,18;-17,66;-10,98
2015-12-14;-2,88;-18,72;-10,66
2015-12-15;0,0;-18,93;-9,78
2015-12-16;-2,23;-17,95;-8,21
2015-12-17;-1,99;-19,75;-9,47
2015-12-18;-0,37;-18,52;-10,76
2015-12-21;-5,73;-17,63;-10,07
2015-12-22;-6,18;-18,06;-9,37
2015-12-23;-4,93;-18,3;-8,07
2015-12-24;-2,22;-17,71;-8,18
2015-12-28;-9,25;-18,33;-8,46
2015-12-29;-6,95;-18,39;-7,6
2015-12-30;-8,32;-19,01;-8,27
2015-12-31;-7,47;-18,98;-9,18
2016-01-04;-6,93;-17,84;-10,79
2016-01-05;-7,17;-17,61;-10,71
2016-01-06;-7,78;-16,42;-12,06
2016-01-07;-1,56;-15,24;-14,11
2016-01-08;-2,6;-15,61;-15,1
2016-01-11;-3,63;-16,36;-15,0
2016-01-12;-6,37;-16,79;-14,45
2016-01-13;-7,08;-16,38;-16,19
2016-01-14;-7,52;-17,74;-14,97
2016-01-15;-21,7;-16,89;-17,38
2016-01-19;-18,3;-16,97;-16,89
2016-01-20;-9,69;-15,86;-18,23
2016-01-21;-11,83;-15,76;-17,77
2016-01-22;-17,8;-16,15;-15,69
2016-01-25;-15,82;-15,29;-16,94
2016-01-26;-15,72;-14,33;-15,56
2016-01-27;-15,12;-14,01;-16,26
2016-01-28;-18,27;-14,92;-15,8
2016-01-29;-18,45;-14,6;-14,0
2016-02-01;-19,83;-13,72;-14,16
2016-02-02;-19,53;-13,69;-15,98
2016-02-03;-20,5;-12,76;-15,33
2016-02-04;-16,27;-11,71;-15,09
2016-02-05;-16,93;-10,31;-16,5
2016-02-08;-19,74;-9,1;-17,87
2016-02-09;-19,19;-9,3;-18,32
2016-02-10;-17,98;-8,6;-18,34
2016-02-11;-18,41;-4,93;-19,43
2016-02-12;-17,42;-5,49;-18,01
2016-02-16;-12,43;-8,35;-16,37
2016-02-17;-10,53;-7,79;-14,86
2016-02-18;-9,23;-5,54;-15,22
2016-02-19;-9,57;-6,11;-15,36
2016-02-22;-5,93;-7,78;-14,17
2016-02-23;-9,58;-6,4;-15,44
2016-02-24;-8,67;-6,08;-15,31
2016-02-25;-8,76;-5,84;-14,4
2016-02-26;-7,13;-6,48;-14,61
2016-02-29;-5,94;-5,26;-15,07
2016-03-01;-6,49;-5,96;-12,99
2016-03-02;-8,88;-5,23;-12,43
2016-03-03;-9,38;-3,59;-11,78
2016-03-04;-11,69;-3,75;-11,23
2016-03-07;-10,96;-3,27;-11,16
2016-03-08;-11,04;-3,71;-12,12
2016-03-09;-10,84;-4,51;-11,65
2016-03-10;-10,36;-2,98;-11,7
2016-03-11;-9,38;-4,65;-9,93
2016-03-14;-10,51;-5,88;-10,12
2016-03-15;-10,42;-5,81;-10,71
2016-03-16;-10,38;-3,71;-9,86
2016-03-17;-9,61;-4,07;-9,07
2016-03-18;-11,99;-4,34;-8,89
2016-03-21;-11,18;-5,01;-8,89
2016-03-22;-10,15;-4,73;-9,0
2016-03-23;-10,16;-6,88;-9,94
2016-03-24;-10,51;-7,11;-10,14
2016-03-28;-8,83;-6,89;-9,86
2016-03-29;-10,49;-5,17;-8,92
2016-03-30;-10,85;-6,49;-8,35
2016-03-31;-10,44;-6,06;-8,79
2016-04-01;-10,18;-6,63;-8,85
2016-04-04;-9,43;-7,25;-9,18
2016-04-05;-8,87;-6,04;-10,48
2016-04-06;-9,01;-6,62;-9,41
2016-04-07;-9,15;-5,29;-10,56
2016-04-08;-9,66;-5,43;-9,62
2016-04-11;-9,21;-4,15;-9,65
2016-04-12;-8,62;-4,14;-8,51
2016-04-13;-8,94;-5,16;-7,41
2016-04-14;-8,82;-6,48;-7,28
2016-04-15;-7,65;-5,84;-7,42
2016-04-18;-7,89;-5,98;-6,76
2016-04-19;-6,41;-4,51;-5,88
2016-04-20;-5,14;-5,0;-5,96
2016-04-21;-3,42;-4,64;-6,41
2016-04-22;-4,21;-5,86;-6,43
2016-04-25;-0,84;-5,59;-6,77
2016-04-26;0,0;-5,21;-6,45
2016-04-27;-4,59;-4,94;-6,3
2016-04-28;-3,66;-3,15;-7,16
2016-04-29;-2,36;-1,26;-7,57
2016-05-02;-4,6;-1,59;-7,0
2016-05-03;-3,39;-1,81;-8,33
2016-05-04;-4,16;-2,41;-9,2
2016-05-05;-3,89;-2,52;-9,18
2016-05-06;-1,39;-1,64;-8,92
2016-05-09;-1,2;-3,66;-9,13
2016-05-10;-3,26;-3,39;-7,83
2016-05-11;-2,87;-2,48;-8,5
2016-05-12;-2,43;-3,25;-8,51
2016-05-13;-2,24;-2,81;-9,54
2016-05-16;-2,56;-2,74;-8,45
2016-05-17;-2,64;-2,4;-9,15
2016-05-18;-2,46;-4,1;-9,26
2016-05-19;-5,87;-4,28;-9,68
2016-05-20;-5,02;-4,41;-9,07
2016-05-23;-4,71;-4,68;-9,28
2016-05-24;-4,31;-6,33;-8,07
2016-05-25;-3,54;-6,59;-7,31
2016-05-26;-2,73;-6,91;-7,13
2016-05-27;0,0;-7,67;-7,03
2016-05-31;0,0;-7,32;-7,26
2016-06-01;0,0;-7,42;-7,13
2016-06-02;0,0;-7,63;-6,97
2016-06-03;0,0;-5,07;-6,71
2016-06-06;0,0;-5,04;-6,14
2016-06-07;-1,53;-5,12;-5,76
2016-06-08;-0,66;-3,71;-5,4
2016-06-09;-1,86;-3,18;-6,09
2016-06-10;-1,38;-2,79;-7,73
2016-06-13;0,0;-2,07;-8,71
2016-06-14;-2,67;-1,96;-9,33
2016-06-15;-1,41;-1,24;-9,05
2016-06-16;0,0;-2,28;-8,98
2016-06-17;-2,27;-1,02;-8,74
2016-06-20;-3,8;-1,61;-7,46
2016-06-21;-13,0;-3,51;-7,02
2016-06-22;-22,21;-3,46;-7,11
2016-06-23;-18,57;-4,09;-5,39
2016-06-24;-13,18;0,0;-10,49
2016-06-27;-14,49;0,0;-12,15
2016-06-28;-15,57;-1,07;-10,24
2016-06-29;-16,5;-0,66;-8,54
2016-06-30;-12,13;-0,17;-7,31
2016-07-01;-11,75;0,0;-7,11
2016-07-05;-12,49;0,0;-8,26
2016-07-06;-11,61;0,0;-8,11
2016-07-07;-16,41;-0,38;-8,33
2016-07-08;-13,02;0,0;-6,93
2016-07-11;-15,48;-0,94;-6,12
2016-07-12;-13,28;-2,58;-5,21
2016-07-13;-14,59;-1,69;-5,25
2016-07-14;-14,12;-2,44;-4,67
2016-07-15;-13,45;-2,82;-4,87
2016-07-18;-12,16;-2,67;-4,57
2016-07-19;-12,19;-2,54;-5,01
2016-07-20;-13,13;-3,93;-4,47
2016-07-21;-13,22;-2,47;-4,75
2016-07-22;-15,1;-3,19;-4,45
2016-07-25;-14,64;-3,87;-4,7
2016-07-26;-14,94;-3,46;-4,54
2016-07-27;-14,61;-1,91;-4,4
2016-07-28;-14,52;-2,19;-4,36
2016-07-29;-14,27;-1,18;-3,81
2016-08-01;-20,88;-1,0;-4,12
2016-08-02;-28,56;-0,19;-4,72
2016-08-03;-26,09;-0,67;-4,62
2016-08-04;-24,54;-0,5;-4,27
2016-08-05;-24,96;-2,28;-3,66
2016-08-08;-22,87;-2,36;-3,51
2016-08-09;-23,29;-1,96;-2,97
2016-08-10;-22,73;-1,5;-3,02
2016-08-11;-23,12;-2,18;-2,38
2016-08-12;-23,33;-2,39;-2,54
2016-08-15;-25,98;-2,05;-2,13
2016-08-16;-24,65;-1,57;-2,54
2016-08-17;-25,2;-1,55;-2,44
2016-08-18;-25,05;-1,08;-2,1
2016-08-19;-24,88;-1,95;-2,46
2016-08-22;-23,43;-2,1;-2,57
2016-08-23;-23,87;-2,11;-2,38
2016-08-24;-24,29;-3,2;-2,74
2016-08-25;-24,6;-3,29;-2,95
2016-08-26;-24,36;-3,42;-3,35
2016-08-29;-25,08;-3,23;-2,92
2016-08-30;-24,64;-4,21;-3,1
2016-08-31;-24,9;-4,4;-3,48
2016-09-01;-25,32;-4,01;-3,14
2016-09-02;-24,89;-3,03;-2,38
2016-09-06;-20,34;-1,39;-1,7
2016-09-07;-19,8;-1,72;-1,72
2016-09-08;-18,27;-2,24;-1,98
2016-09-09;-18,72;-2,89;-4,26
2016-09-12;-20,63;-3,01;-3,18
2016-09-13;-20,5;-3,65;-4,9
2016-09-14;-20,31;-3,33;-4,98
2016-09-15;-20,77;-3,95;-3,98
2016-09-16;-20,79;-4,18;-4,67
2016-09-19;-20,5;-3,98;-4,42
2016-09-20;-20,62;-3,89;-4,07
2016-09-21;-22,07;-2,49;-2,56
2016-09-22;-22,19;-2,26;-1,85
2016-09-23;-21,33;-2,2;-2,53
2016-09-26;-20,65;-2,28;-3,4
2016-09-27;-20,9;-2,99;-2,85
2016-09-28;-21,09;-3,29;-2,23
2016-09-29;-20,96;-3,41;-3,25
2016-09-30;-20,43;-3,74;-2,57
2016-10-03;-20,12;-3,98;-2,77
2016-10-04;-20,37;-7,32;-3,17
2016-10-05;-20,07;-7,46;-2,59
2016-10-06;-20,0;-8,32;-2,74
2016-10-07;-19,47;-8,26;-3,14
2016-10-10;-19,22;-7,94;-2,67
2016-10-11;-16,34;-8,4;-4,03
2016-10-12;-16,98;-8,26;-4,03
2016-10-13;-16,9;-8,04;-4,44
2016-10-14;-16,43;-8,55;-4,37
2016-10-17;-16,59;-8,31;-4,65
2016-10-18;-16,75;-7,74;-3,81
2016-10-19;-17,72;-7,21;-3,48
2016-10-20;-17,68;-7,49;-3,63
2016-10-21;-17,42;-7,42;-3,66
2016-10-24;-14,69;-7,63;-3,37
2016-10-25;-14,19;-6,93;-3,51
2016-10-26;-11,48;-7,45;-3,96
2016-10-27;-10,18;-7,29;-4,16
2016-10-28;-10,0;-6,85;-4,47
2016-10-31;-8,53;-6,57;-4,44
2016-11-01;-4,77;-5,97;-5,03
2016-11-02;-3,32;-5,27;-5,72
2016-11-03;-10,13;-4,77;-5,99
2016-11-04;-8,23;-4,7;-6,47
2016-11-07;-8,24;-6,41;-4,55
2016-11-08;-7,37;-6,8;-4,03
2016-11-09;-5,62;-6,86;-3,73
2016-11-10;-6,63;-8,25;-3,99
2016-11-11;-6,51;-10,28;-4,52
2016-11-14;-8,0;-11,04;-4,78
2016-11-15;-7,14;-10,27;-3,96
2016-11-16;-2,89;-10,53;-4,36
2016-11-17;-3,31;-10,99;-3,89
2016-11-18;-1,92;-11,78;-4,36
2016-11-21;-3,53;-11,45;-3,61
2016-11-22;-1,95;-11,48;-3,22
2016-11-23;-2,83;-13,23;-3,45
2016-11-25;-3,22;-13,72;-3,09
2016-11-28;-3,98;-12,81;-3,45
2016-11-29;-4,01;-13,22;-3,2
2016-11-30;-2,69;-14,38;-3,45
2016-12-01;-1,24;-14,54;-3,91
2016-12-02;0,0;-14,08;-3,75
2016-12-05;-2,47;-14,54;-3,09
2016-12-06;-1,76;-14,63;-2,56
2016-12-07;-1,26;-14,32;-1,22
2016-12-08;-0,92;-14,52;-1,04
2016-12-09;-0,66;-15,42;-0,58
2016-12-12;0,0;-15,09;-0,89
2016-12-13;0,0;-15,38;-0,1
2016-12-14;0,0;-16,62;-1,31
2016-12-15;-0,43;-17,76;-1,16
2016-12-16;0,0;-17,22;-1,35
2016-12-19;0,0;-16,8;-1,24
2016-12-20;0,0;-17,41;-0,89
2016-12-21;0,0;-17,37;-1,14
2016-12-22;0,0;-17,57;-1,3
2016-12-23;0,0;-17,31;-1,24
2016-12-27;0,0;-16,83;-1,1
2016-12-28;0,0;-16,6;-1,59
2016-12-29;-0,25;-15,5;-1,4
2016-12-30;-1,5;-16,02;-1,55
2017-01-03;0,0;-15,36;-0,79
2017-01-04;0,0;-15,06;0,0
2017-01-05;-12,24;-13,75;0,0
2017-01-06;-21,87;-14,38;0,0
2017-01-09;-21,81;-13,68;-0,23
2017-01-10;-21,39;-13,31;-0,23
2017-01-11;-32,65;-13,04;0,0
2017-01-12;-30,3;-12,73;-0,05
2017-01-13;-28,64;-12,5;0,0
2017-01-17;-21,37;-11,24;-0,31
2017-01-18;-23,22;-11,99;-0,48
2017-01-19;-22,14;-12,07;-0,76
2017-01-20;-22,49;-11,85;-0,35
2017-01-23;-20,24;-11,29;-0,33
2017-01-24;-22,69;-11,68;0,0
2017-01-25;-21,93;-12,41;0,0
2017-01-26;-20,54;-13,22;-0,2
2017-01-27;-20,35;-13,05;-0,39
2017-01-30;-20,29;-12,68;-1,03
2017-01-31;-15,96;-11,47;-0,88
2017-02-01;-14,35;-11,74;-0,83
2017-02-02;-12,38;-11,25;-0,7
2017-02-03;-10,81;-11,03;-0,13
2017-02-06;-10,1;-9,82;-0,5
2017-02-07;-8,09;-10,01;-0,59
2017-02-08;-7,94;-9,45;-0,33
2017-02-09;-13,89;-10,14;0,0
2017-02-10;-14,38;-9,9;0,0
2017-02-13;-14,21;-10,51;0,0
2017-02-14;-13,01;-10,41;0,0
2017-02-15;-12,75;-10,01;0,0
2017-02-16;-11,02;-9,53;0,0
2017-02-17;-9,4;-9,84;-0,06
2017-02-21;-3,41;-9,78;0,0
2017-02-22;-3,23;-9,66;0,0
2017-02-23;0,0;-8,87;0,0
2017-02-24;0,0;-8,29;-0,26
2017-02-27;0,0;-8,73;-0,18
2017-02-28;0,0;-8,65;-0,51
2017-03-01;0,0;-8,78;0,0
2017-03-02;0,0;-9,91;-0,63
2017-03-03;0,0;-9,97;-0,4
2017-03-06;-0,17;-10,57;-0,68
2017-03-07;-4,04;-11,29;-0,92
2017-03-08;-9,8;-11,84;-1,25
2017-03-09;-6,78;-12,3;-1,19
2017-03-10;-12,41;-12,11;-0,65
2017-03-13;-3,38;-12,09;-0,27
2017-03-14;-2,74;-12,57;-0,84
2017-03-15;-1,99;-10,93;0,0
2017-03-16;-6,84;-10,57;0,0
2017-03-17;-13,71;-10,37;-0,05
2017-03-20;-17,31;-9,97;-0,03
2017-03-21;-12,11;-9,18;-0,99
2017-03-22;-17,71;-8,96;-0,8
2017-03-23;-18,54;-9,08;-0,76
2017-03-24;-26,47;-8,93;-0,72
2017-03-27;-17,98;-8,42;-0,65
2017-03-28;-17,87;-8,8;-0,2
2017-03-29;-18,43;-8,57;-0,16
2017-03-30;-19,5;-9,23;-0,2
2017-03-31;-15,94;-9,04;-0,44
2017-04-03;-10,29;-8,56;-0,46
2017-04-04;-11,12;-8,35;-0,42
2017-04-05;-11,78;-8,35;-0,69
2017-04-06;-7,24;-8,69;-0,6
2017-04-07;-7,69;-8,47;-0,69
2017-04-10;-6,89;-8,47;-0,72
2017-04-11;-5,49;-7,15;-0,6
2017-04-12;-5,85;-6,51;-0,83
2017-04-13;-8,29;-6,07;-1,5
2017-04-17;-6,36;-6,34;-0,72
2017-04-18;-4,97;-5,9;-1,21
2017-04-19;-5,07;-6,73;-1,46
2017-04-20;-3,6;-6,56;-0,68
2017-04-21;-4,15;-6,29;-0,82
2017-04-24;-1,95;-6,93;0,0
2017-04-25;-0,75;-7,87;0,0
2017-04-26;0,0;-7,42;-0,2
2017-04-27;0,0;-7,76;-0,17
2017-04-28;-0,09;-7,47;-0,2
2017-05-01;0,0;-8,31;0,0
2017-05-02;0,0;-8,33;0,0
2017-05-03;0,0;-9,61;-0,29
2017-05-04;0,0;-10,52;-0,08
2017-05-05;0,0;-10,35;0,0
2017-05-08;0,0;-10,55;-0,2
2017-05-09;0,0;-11,09;-0,23
2017-05-10;0,0;-11,09;0,0
2017-05-11;0,0;-10,74;-0,14
2017-05-12;-6,73;-10,49;-0,02
2017-05-15;-5,96;-10,25;0,0
2017-05-16;-6,17;-9,86;0,0
2017-05-17;-0,51;-8,22;-1,51
2017-05-18;0,0;-8,97;-1,39
2017-05-19;0,0;-8,52;-0,37
2017-05-22;0,0;-8,14;0,0
2017-05-23;0,0;-8,72;0,0
2017-05-24;0,0;-8,36;0,0
2017-05-25;-5,67;-8,46;0,0
2017-05-26;-9,87;-7,65;-0,06
2017-05-30;-10,97;-7,95;-0,11
2017-05-31;-6,43;-7,59;-0,26
2017-06-01;-1,46;-7,51;0,0
2017-06-02;0,0;-6,83;0,0
2017-06-05;0,0;-6,73;-0,11
2017-06-06;0,0;-5,68;-0,36
2017-06-07;-4,58;-6,18;-0,3
2017-06-08;-2,01;-6,8;-0,23
2017-06-09;-1,38;-7,65;-0,57
2017-06-12;-7,11;-7,78;-0,75
2017-06-13;-5,11;-7,69;-0,2
2017-06-14;-12,46;-8,2;-0,33
2017-06-15;-13,92;-8,58;-0,87
2017-06-16;-12,04;-8,57;-0,51
2017-06-19;-9,56;-9,26;0,0
2017-06-20;-4,94;-9,45;-0,79
2017-06-21;-6,08;-9,19;-0,74
2017-06-22;-5,51;-8,89;-0,76
2017-06-23;-4,13;-8,5;-0,59
2017-06-26;-13,44;-9,32;-0,35
2017-06-27;-10,85;-8,97;-0,77
2017-06-28;-10,07;-8,9;0,0
2017-06-29;-11,31;-9,35;-0,91
2017-06-30;-13,35;-9,58;-0,67
2017-07-03;-10,45;-11,06;-0,55
2017-07-05;-9,12;-10,73;-0,53
2017-07-06;-8,89;-10,76;-1,27
2017-07-07;-12,03;-11,68;-0,89
2017-07-10;-17,14;-11,53;-0,65
2017-07-11;-18,35;-11,42;-0,5
2017-07-12;-16,22;-11,1;0,0
2017-07-13;-17,65;-11,26;0,0
2017-07-14;-22,0;-10,53;0,0
2017-07-17;-22,17;-10,14;-0,12
2017-07-18;-19,01;-9,51;0,0
2017-07-19;-20,6;-9,53;0,0
2017-07-20;-1,59;-9,41;0,0
2017-07-21;-6,83;-8,63;-0,13
2017-07-24;-3,78;-8,59;-0,21
2017-07-25;-10,01;-8,89;0,0
2017-07-26;-11,66;-8,15;0,0
2017-07-27;-6,69;-8,22;-0,19
2017-07-28;-1,89;-7,53;-0,3
2017-07-31;0,0;-7,49;-0,18
2017-08-01;-5,46;-7,56;0,0
2017-08-02;-5,73;-7,75;0,0
2017-08-03;-2,46;-7,61;-0,21
2017-08-04;0,0;-8,33;-0,01
2017-08-07;0,0;-8,44;0,0
2017-08-08;0,0;-8,17;-0,28
2017-08-09;-2,27;-7,06;-0,4
2017-08-10;-1,13;-6,37;-1,85
2017-08-11;0,0;-5,92;-1,83
2017-08-14;0,0;-6,59;-0,96
2017-08-15;-3,31;-7,31;-1,09
2017-08-16;0,0;-6,63;-0,64
2017-08-17;-1,03;-6,15;-1,94
2017-08-18;-4,94;-6,3;-1,85
2017-08-21;-8,57;-5,95;-1,76
2017-08-22;-6,31;-6,37;-0,96
2017-08-23;-5,14;-6,01;-1,12
2017-08-24;-0,96;-6,31;-1,18
2017-08-25;-0,11;-5,96;-0,8
2017-08-28;0,0;-4,47;-0,89
2017-08-29;0,0;-4,67;-0,96
2017-08-30;-0,3;-4,72;-0,67
2017-08-31;0,0;-3,6;-0,06
2017-09-01;0,0;-3,42;0,0
2017-09-05;-10,54;-2,34;-0,77
2017-09-06;-6,03;-2,84;-0,31
2017-09-07;-5,97;-1,83;0,0
2017-09-08;-13,56;-1,95;-0,1
2017-09-11;-14,94;-3,32;0,0
2017-09-12;-15,56;-3,03;0,0
2017-09-13;-20,63;-3,76;-0,26
2017-09-14;-35,51;-3,34;-0,22
2017-09-15;-25,64;-3,82;-0,03
2017-09-18;-16,9;-4,72;0,0
2017-09-19;-19,77;-4,52;0,0
2017-09-20;-20,16;-5,29;0,0
2017-09-21;-25,78;-6,01;-0,28
2017-09-22;-25,78;-5,58;-0,26
2017-09-25;-19,75;-4,59;-0,68
2017-09-26;-20,43;-5,65;-0,89
2017-09-27;-14,13;-6,54;-0,74
2017-09-28;-14,66;-6,37;-0,62
2017-09-29;-14,9;-6,85;-0,07
2017-10-02;-9,87;-7,47;0,0
2017-10-03;-11,74;-7,42;0,0
2017-10-04;-13,55;-7,16;0,0
2017-10-05;-11,52;-7,66;0,0
2017-10-06;-10,65;-7,22;-0,13
2017-10-09;-2,45;-6,47;-0,32
2017-10-10;-2,25;-6,22;0,0
2017-10-11;-1,34;-5,92;0,0
2017-10-12;0,0;-5,85;-0,01
2017-10-13;0,0;-5,13;0,0
2017-10-16;0,0;-5,78;0,0
2017-10-17;-2,1;-6,43;-0,1
2017-10-18;-2,36;-6,78;0,0
2017-10-19;-0,3;-6,23;-0,09
2017-10-20;0,0;-6,83;0,0
2017-10-23;-1,35;-6,68;-0,48
2017-10-24;-8,06;-7,04;-0,43
2017-10-25;-4,34;-7,03;-0,78
2017-10-26;-1,77;-7,81;-0,81
2017-10-27;-3,84;-7,37;-0,18
2017-10-30;0,0;-7,19;-0,34
2017-10-31;0,0;-7,55;-0,03
2017-11-01;0,0;-7,21;0,0
2017-11-02;0,0;-7,15;0,0
2017-11-03;0,0;-7,59;0,0
2017-11-06;-2,57;-6,8;0,0
2017-11-07;-0,88;-7,13;-0,13
2017-11-08;0,0;-6,81;0,0
2017-11-09;-4,24;-6,43;-0,48
2017-11-10;-11,28;-7,19;-0,65
2017-11-13;-12,07;-7,06;-0,79
2017-11-14;-11,05;-6,86;-0,99
2017-11-15;-1,93;-6,98;-1,48
2017-11-16;0,0;-6,99;-0,49
2017-11-17;-2,07;-5,87;-0,65
2017-11-20;0,0;-7,06;-0,45
2017-11-21;-1,58;-6,9;0,0
2017-11-22;0,0;-6,05;0,0
2017-11-24;0,0;-6,28;0,0
2017-11-27;0,0;-5,89;-0,36
2017-11-28;0,0;-5,91;0,0
2017-11-29;-1,69;-6,5;-0,38
2017-11-30;0,0;-7,22;0,0
2017-12-01;0,0;-6,84;-0,25
2017-12-04;0,0;-7,16;-0,5
2017-12-05;0,0;-7,81;-0,79
2017-12-06;0,0;-8,01;-0,99
2017-12-07;0,0;-9,22;-0,73
2017-12-08;-7,43;-9,22;-0,15
2017-12-11;-5,38;-9,58;0,0
2017-12-12;-2,71;-9,48;0,0
2017-12-13;-8,33;-8,7;0,0
2017-12-14;-7,46;-8,88;-0,51
2017-12-15;-1,08;-8,69;-0,11
2017-12-18;0,0;-8,27;0,0
2017-12-19;-7,0;-8,2;-0,32
2017-12-20;-13,02;-7,95;-0,39
2017-12-21;-17,32;-7,82;-0,06
2017-12-22;-27,64;-7,34;0,0
2017-12-26;-15,77;-6,7;-0,11
2017-12-27;-17,14;-6,35;0,0
2017-12-28;-23,58;-5,88;0,0
2017-12-29;-23,32;-5,26;-0,1
2018-01-02;-21,62;-4,11;0,0
2018-01-03;-20,47;-4,37;0,0
2018-01-04;-18,39;-3,88;0,0
2018-01-05;-8,81;-3,98;0,0
2018-01-08;-20,63;-3,99;0,0
2018-01-09;-23,64;-4,44;0,0
2018-01-10;-21,66;-4,21;-0,23
2018-01-11;-29,86;-3,89;0,0
2018-01-12;-26,86;-2,73;0,0
2018-01-16;-39,89;-2,57;-0,17
2018-01-17;-41,46;-3,36;0,0
2018-01-18;-39,97;-3,57;-0,13
2018-01-19;-39,27;-3,14;0,0
2018-01-22;-42,81;-2,97;0,0
2018-01-23;-43,14;-2,48;0,0
2018-01-24;-40,57;-1,29;0,0
2018-01-25;-41,09;-1,95;-0,09
2018-01-26;-41,55;-1,88;0,0
2018-01-29;-40,9;-2,43;-0,86
2018-01-30;-47,13;-2,85;-1,83
2018-01-31;-46,53;-2,2;-1,73
2018-02-01;-52,02;-1,88;-1,79
2018-02-02;-53,8;-3,16;-3,93
2018-02-05;-63,61;-2,92;-7,75
2018-02-06;-59,43;-3,94;-5,79
2018-02-07;-60,13;-4,39;-6,89
2018-02-08;-56,76;-4,24;-9,94
2018-02-09;-54,29;-4,41;-8,9
2018-02-12;-53,3;-3,95;-7,63
2018-02-13;-55,02;-3,4;-7,47
2018-02-14;-50,33;-1,75;-5,89
2018-02-15;-46,81;-1,64;-4,84
2018-02-16;-46,46;-1,96;-4,73
2018-02-20;-40,34;-3,28;-5,53
2018-02-21;-44,07;-3,72;-5,95
2018-02-22;-47,66;-3,23;-5,75
2018-02-23;-46,11;-3,36;-4,58
2018-02-26;-45,76;-3,12;-3,56
2018-02-27;-43,89;-4,13;-5,03
2018-02-28;-45,6;-4,23;-6,13
2018-03-01;-42,71;-4,44;-7,3
2018-03-02;-42,0;-3,93;-6,87
2018-03-05;-39,45;-4,09;-6,14
2018-03-06;-43,6;-3,06;-5,65
2018-03-07;-47,86;-3,68;-5,71
2018-03-08;-50,85;-3,91;-5,36
2018-03-09;-51,15;-3,82;-4,14
2018-03-12;-51,84;-3,82;-4,1
2018-03-13;-51,9;-3,63;-4,75
2018-03-14;-56,73;-3,69;-4,94
2018-03-15;-56,57;-4,31;-4,98
2018-03-16;-56,38;-4,54;-5,02
2018-03-19;-54,85;-4,33;-6,02
2018-03-20;-53,37;-4,76;-5,89
2018-03-21;-53,28;-3,1;-5,8
2018-03-22;-54,34;-3,48;-8,03
2018-03-23;-53,54;-2,23;-9,61
2018-03-26;-57,05;-1,72;-7,49
2018-03-27;-59,02;-2,32;-8,82
2018-03-28;-58,38;-3,67;-8,76
2018-03-29;-62,51;-3,62;-7,53
2018-04-02;-62,94;-2,5;-9,39
2018-04-03;-60,99;-3,23;-8,42
2018-04-04;-64,14;-3,12;-7,78
2018-04-05;-64,36;-3,62;-7,12
2018-04-06;-65,28;-3,16;-8,67
2018-04-09;-64,58;-2,83;-8,19
2018-04-10;-64,24;-2,6;-6,76
2018-04-11;-63,54;-1,85;-7,17
2018-04-12;-58,73;-2,99;-6,65
2018-04-13;-58,69;-2,35;-6,86
2018-04-16;-57,84;-2,21;-6,41
2018-04-17;-58,66;-2,12;-5,73
2018-04-18;-57,29;-2,05;-5,42
2018-04-19;-56,61;-2,24;-5,82
2018-04-20;-53,72;-2,98;-6,55
2018-04-23;-53,28;-3,75;-6,68
2018-04-24;-49,27;-3,29;-7,57
2018-04-25;-53,72;-3,92;-7,56
2018-04-26;-51,44;-4,25;-6,81
2018-04-27;-52,98;-3,85;-6,62
2018-04-30;-51,66;-4,54;-7,16
2018-05-01;-52,29;-5,22;-7,26
2018-05-02;-51,68;-5,26;-7,65
2018-05-03;-49,02;-4,78;-7,63
2018-05-04;-49,25;-4,58;-6,86
2018-05-07;-50,96;-4,56;-6,71
2018-05-08;-51,69;-4,54;-6,67
2018-05-09;-51,21;-4,74;-6,13
2018-05-10;-52,68;-4,09;-5,17
2018-05-11;-55,84;-4,23;-4,97
2018-05-14;-54,4;-4,62;-4,82
2018-05-15;-55,48;-6,16;-5,65
2018-05-16;-56,22;-6,31;-5,22
2018-05-17;-57,65;-6,25;-5,34
2018-05-18;-56,83;-6,21;-5,66
2018-05-21;-55,95;-6,16;-5,06
2018-05-22;-57,93;-6,21;-5,16
2018-05-23;-60,46;-6,11;-5,35
2018-05-24;-60,31;-5,31;-5,7
2018-05-25;-60,87;-5,6;-5,97
2018-05-29;-60,91;-5,62;-7,4
2018-05-30;-61,25;-5,48;-6,19
2018-05-31;-60,79;-5,68;-6,72
2018-06-01;-60,55;-6,15;-5,75
2018-06-04;-60,69;-6,24;-5,2
2018-06-05;-60,06;-5,88;-5,3
2018-06-06;-59,96;-5,82;-4,4
2018-06-07;-59,83;-5,87;-4,82
2018-06-08;-60,11;-5,75;-4,63
2018-06-11;-63,86;-5,59;-4,32
2018-06-12;-65,56;-5,9;-4,45
2018-06-13;-66,78;-5,62;-4,64
2018-06-14;-65,08;-5,47;-4,67
2018-06-15;-66,22;-7,03;-5,04
2018-06-18;-64,77;-7,21;-5,46
2018-06-19;-64,58;-7,45;-6,1
2018-06-20;-64,55;-7,86;-5,88
2018-06-21;-64,79;-8,02;-6,59
2018-06-22;-68,17;-7,8;-6,09
2018-06-25;-67,31;-8,14;-7,42
2018-06-26;-68,12;-8,63;-7,29
2018-06-27;-67,79;-9,15;-8,19
2018-06-28;-69,11;-9,42;-7,71
2018-06-29;-67,47;-9,09;-7,27
2018-07-02;-65,4;-10,01;-7,54
2018-07-03;-65,84;-9,09;-7,62
2018-07-05;-65,27;-8,79;-6,95
2018-07-06;-65,09;-8,93;-6,27
2018-07-09;-64,73;-8,71;-5,36
2018-07-10;-66,88;-8,88;-5,17
2018-07-11;-66,54;-9,87;-6,29
2018-07-12;-67,41;-9,49;-5,4
2018-07-13;-67,36;-9,89;-5,26
2018-07-16;-64,73;-9,94;-5,39
2018-07-17;-61,7;-10,91;-5,02
2018-07-18;-61,44;-10,89;-4,97
2018-07-19;-60,94;-11,27;-5,41
2018-07-20;-61,53;-10,7;-5,09
2018-07-23;-59,66;-11,12;-5,09
2018-07-24;-55,93;-11,09;-4,61
2018-07-25;-57,2;-10,6;-3,67
2018-07-26;-58,4;-11,3;-4,07
2018-07-27;-57,28;-11,25;-4,36
2018-07-30;-57,2;-11,39;-4,67
2018-07-31;-59,29;-11,13;-4,42
2018-08-01;-60,11;-11,78;-4,63
2018-08-02;-60,41;-12,26;-4,68
2018-08-03;-61,11;-11,95;-4,33
2018-08-06;-63,63;-12,4;-4,34
2018-08-07;-64,67;-12,21;-3,9
2018-08-08;-67,01;-11,96;-3,89
2018-08-09;-65,64;-12,09;-4,14
2018-08-10;-67,64;-12,13;-5,27
2018-08-13;-67,05;-13,45;-5,83
2018-08-14;-67,56;-13,37;-5,4
2018-08-15;-67,0;-14,81;-6,52
2018-08-16;-66,86;-14,88;-5,82
2018-08-17;-65,57;-14,09;-5,39
2018-08-20;-67,0;-13,66;-5,04
2018-08-21;-66,05;-13,41;-4,59
2018-08-22;-66,64;-13,22;-4,45
2018-08-23;-65,81;-14,04;-4,9
2018-08-24;-64,84;-12,53;-4,17
2018-08-27;-63,98;-12,21;-3,25
2018-08-28;-62,87;-12,9;-3,2
2018-08-29;-63,13;-12,5;-2,62
2018-08-30;-63,49;-12,93;-3,46
2018-08-31;-63,18;-13,03;-3,76
2018-09-04;-61,49;-13,48;-4,29
2018-09-05;-64,46;-13,18;-4,81
2018-09-06;-65,84;-13,01;-5,15
2018-09-07;-66,17;-13,25;-5,54
2018-09-10;-66,88;-13,31;-5,39
2018-09-11;-66,93;-13,25;-5,1
2018-09-12;-66,77;-12,53;-4,92
2018-09-13;-65,9;-12,84;-4,27
2018-09-14;-65,93;-13,41;-4,19
2018-09-17;-67,14;-12,96;-4,5
2018-09-18;-66,67;-13,09;-3,82
2018-09-19;-66,52;-12,75;-3,57
2018-09-20;-65,89;-12,45;-2,66
2018-09-21;-64,76;-13,05;-2,61
2018-09-24;-65,49;-13,06;-3,07
2018-09-25;-66,27;-12,93;-2,87
2018-09-26;-66,02;-13,38;-2,94
2018-09-27;-65,07;-14,15;-2,94
2018-09-28;-65,24;-13,61;-3,17
2018-10-01;-65,53;-13,75;-2,9
2018-10-02;-65,7;-12,76;-3,22
2018-10-03;-65,98;-13,1;-3,29
2018-10-04;-65,59;-13,06;-4,32
2018-10-05;-65,35;-12,81;-4,88
2018-10-08;-65,2;-13,78;-5,04
2018-10-09;-65,25;-13,73;-5,22
2018-10-10;-65,55;-13,52;-7,97
2018-10-11;-67,27;-11,29;-9,52
2018-10-12;-67,17;-11,71;-8,43
2018-10-15;-65,49;-11,12;-8,92
2018-10-16;-65,49;-11,28;-7,08
2018-10-17;-65,76;-11,29;-7,33
2018-10-18;-66,12;-11,19;-8,82
2018-10-19;-66,17;-11,12;-8,63
2018-10-22;-66,06;-11,35;-8,87
2018-10-23;-66,12;-10,83;-9,57
2018-10-24;-66,02;-10,62;-12,08
2018-10-25;-66,12;-10,82;-10,82
2018-10-26;-66,13;-10,53;-12,02
2018-10-29;-66,87;-10,89;-12,6
2018-10-30;-66,86;-11,28;-11,35
2018-10-31;-66,95;-11,78;-10,37
2018-11-01;-66,63;-10,64;-9,12
2018-11-02;-66,58;-10,63;-9,29
2018-11-05;-66,41;-10,84;-9,01
2018-11-06;-66,2;-11,09;-8,62
2018-11-07;-65,84;-11,1;-6,95
2018-11-08;-66,24;-11,29;-7,71
2018-11-09;-66,59;-12,29;-8,49
2018-11-12;-66,67;-12,92;-10,17
2018-11-13;-66,73;-12,89;-10,04
2018-11-14;-69,98;-12,17;-10,37
2018-11-15;-70,45;-12,07;-9,51
2018-11-16;-70,83;-11,42;-9,27
2018-11-19;-74,51;-11,38;-10,64
2018-11-20;-76,71;-11,38;-12,27
2018-11-21;-75,92;-11,23;-11,46
2018-11-23;-77,26;-11,3;-12,05
2018-11-26;-80,23;-11,4;-10,76
2018-11-27;-80,01;-11,93;-10,66
2018-11-28;-77,73;-11,6;-8,84
2018-11-29;-77,61;-11,32;-9,22
2018-11-30;-78,98;-11,48;-8,95
2018-12-03;-79,63;-10,81;-7,77
2018-12-04;-79,3;-10,27;-10,36
2018-12-06;-81,58;-10,25;-10,75
2018-12-07;-82,11;-9,52;-12,45
2018-12-10;-81,68;-9,84;-12,72
2018-12-11;-82,08;-9,94;-12,6
2018-12-12;-81,76;-9,75;-11,67
2018-12-13;-82,66;-9,95;-11,75
2018-12-14;-83,04;-10,31;-13,17
2018-12-17;-81,45;-9,69;-14,49
2018-12-18;-80,66;-9,48;-14,53
2018-12-19;-80,4;-10,03;-15,72
2018-12-20;-78,37;-8,64;-16,45
2018-12-21;-79,61;-9,04;-18,03
2018-12-24;-78,66;-8,04;-19,49
2018-12-26;-79,82;-8,32;-16,52
2018-12-27;-80,88;-7,62;-16,12
2018-12-28;-79,47;-7,25;-15,92
2018-12-31;-80,42;-7,1;-15,51
2019-01-02;-79,37;-7,04;-15,54
2019-01-03;-79,93;-6,2;-16,97
2019-01-04;-79,82;-6,96;-14,33
2019-01-07;-78,94;-6,64;-13,8
2019-01-08;-78,91;-6,89;-13,17
2019-01-09;-78,89;-6,29;-12,36
2019-01-10;-80,75;-6,84;-11,96
2019-01-11;-80,71;-6,68;-12,27
2019-01-14;-80,61;-6,46;-12,77
2019-01-15;-81,01;-6,62;-11,98
2019-01-16;-80,88;-6,32;-11,73
2019-01-17;-80,75;-6,44;-11,09
2019-01-18;-80,86;-7,28;-10,15
2019-01-22;-81,14;-6,95;-11,34
2019-01-23;-81,24;-7,08;-11,11
2019-01-24;-81,16;-7,22;-10,96
2019-01-25;-81,17;-5,87;-9,97
2019-01-28;-81,84;-5,54;-10,59
2019-01-29;-81,96;-5,01;-10,57
2019-01-30;-81,76;-4,47;-9,31
2019-01-31;-81,91;-4,42;-8,72
2019-02-01;-81,75;-4,61;-8,82
2019-02-04;-81,9;-5,03;-8,3
2019-02-05;-81,87;-4,78;-7,76
2019-02-06;-82,14;-5,42;-8,11
2019-02-07;-82,21;-5,19;-9,07
2019-02-08;-80,82;-4,83;-9,1
2019-02-11;-80,91;-5,3;-9,22
2019-02-12;-80,89;-5,1;-8,1
2019-02-13;-81,0;-5,48;-8,05
2019-02-14;-81,08;-4,95;-8,1
2019-02-15;-81,06;-4,38;-7,15
2019-02-19;-79,35;-2,93;-6,83
2019-02-20;-79,07;-3,1;-6,58
2019-02-21;-79,31;-4,19;-6,81
2019-02-22;-79,04;-3,85;-6,24
2019-02-25;-79,69;-3,95;-6,0
2019-02-26;-79,84;-3,78;-5,94
2019-02-27;-79,85;-4,47;-6,14
2019-02-28;-79,83;-5,0;-6,47
2019-03-01;-79,81;-6,62;-5,97
2019-03-04;-80,32;-6,86;-6,24
2019-03-05;-79,62;-6,74;-6,23
2019-03-06;-79,58;-6,83;-6,69
2019-03-07;-79,54;-6,9;-7,66
2019-03-08;-79,59;-5,88;-7,9
2019-03-11;-79,57;-6,34;-6,68
2019-03-12;-79,55;-5,78;-6,32
2019-03-13;-79,56;-5,12;-5,78
2019-03-14;-79,47;-6,21;-5,87
2019-03-15;-79,28;-5,78;-5,11
2019-03-18;-78,9;-5,73;-4,58
2019-03-19;-78,7;-5,47;-4,5
2019-03-20;-78,62;-4,86;-4,74
2019-03-21;-78,92;-5,24;-4,07
2019-03-22;-78,95;-5,02;-6,06
2019-03-25;-79,27;-4,29;-6,07
2019-03-26;-79,15;-4,77;-5,43
2019-03-27;-78,62;-5,26;-5,86
2019-03-28;-78,71;-6,6;-5,58
2019-03-29;-78,56;-6,52;-4,99
2019-04-01;-78,25;-6,89;-3,83
2019-04-02;-74,47;-6,54;-3,87
2019-04-03;-73,98;-6,68;-3,42
2019-04-04;-74,25;-6,44;-3,28
2019-04-05;-73,65;-6,54;-2,91
2019-04-08;-72,33;-6,14;-2,79
2019-04-09;-72,77;-5,65;-3,31
2019-04-10;-72,14;-5,36;-2,9
2019-04-11;-73,5;-6,57;-3,2
2019-04-12;-73,37;-6,66;-2,52
2019-04-15;-73,49;-6,83;-2,55
2019-04-16;-72,61;-7,67;-2,45
2019-04-17;-72,52;-7,85;-2,41
2019-04-18;-72,28;-7,78;-2,38
2019-04-22;-71,75;-7,78;-2,4
2019-04-23;-70,85;-7,97;-1,87
2019-04-24;-71,41;-7,7;-2,41
2019-04-25;-72,74;-7,62;-2,44
2019-04-26;-72,38;-7,01;-2,07
2019-04-29;-72,55;-7,42;-1,83
2019-04-30;-72,01;-7,14;-1,74
2019-05-01;-71,73;-7,75;-2,41
2019-05-02;-71,2;-8,11;-2,63
2019-05-03;-69,82;-7,56;-1,61
2019-05-06;-69,93;-7,44;-2,42
2019-05-07;-69,5;-7,13;-4,08
2019-05-08;-68,7;-7,36;-4,13
2019-05-09;-67,7;-7,14;-4,62
2019-05-10;-66,63;-6,96;-4,03
2019-05-13;-59,11;-6,01;-6,44
2019-05-14;-58,18;-6,18;-5,57
2019-05-15;-57,07;-6,23;-5,19
2019-05-16;-58,75;-6,9;-4,48
2019-05-17;-61,58;-7,56;-5,2
2019-05-20;-58,26;-7,57;-5,78
2019-05-21;-58,34;-7,78;-4,92
2019-05-22;-59,82;-7,88;-5,31
2019-05-23;-58,76;-7,16;-6,37
2019-05-24;-58,21;-7,06;-5,86
2019-05-28;-54,38;-7,42;-6,66
2019-05-29;-54,7;-7,39;-7,2
2019-05-30;-56,47;-6,77;-6,79
2019-05-31;-55,14;-5,51;-7,7
2019-06-03;-57,05;-4,14;-7,53
2019-06-04;-59,68;-4,11;-6,03
2019-06-05;-59,07;-3,87;-5,7
2019-06-06;-59,08;-3,56;-5,2
2019-06-07;-57,92;-3,01;-4,2
2019-06-10;-58,14;-3,98;-3,79
2019-06-11;-58,52;-4,09;-3,52
2019-06-12;-57,38;-3,59;-4,07
2019-06-13;-56,94;-3,0;-3,74
2019-06-14;-54,52;-3,03;-4,16
2019-06-17;-51,24;-3,1;-4,07
2019-06-18;-52,49;-2,6;-2,83
2019-06-19;-51,48;-2,02;-2,51
2019-06-20;-50,16;0,0;-1,41
2019-06-21;-46,93;0,0;-1,67
2019-06-24;-42,39;0,0;-1,78
2019-06-25;-38,31;0,0;-2,57
2019-06-26;-31,9;-0,92;-2,5
2019-06-27;-41,49;-1,01;-2,13
2019-06-28;-35,09;-0,75;-1,71
2019-07-01;-44,63;-2,67;-0,94
2019-07-02;-43,49;-0,59;-0,7
2019-07-03;-37,42;-0,42;-0,07
2019-07-05;-42,56;-1,54;-0,54
2019-07-08;-35,72;-2,17;-1,06
2019-07-09;-34,22;-1,83;-1,11
2019-07-10;-36,4;-0,28;-0,61
2019-07-11;-40,57;-1,12;-0,49
2019-07-12;-38,18;-0,5;-0,19
2019-07-15;-43,0;-0,5;-0,11
2019-07-16;-50,42;-1,34;-0,49
2019-07-17;-49,28;0,0;-0,93
2019-07-18;-44,2;0,0;-0,46
2019-07-19;-44,91;-1,47;-1,03
2019-07-22;-45,89;-1,49;-0,79
2019-07-23;-48,2;-2,04;-0,25
2019-07-24;-48,67;-1,55;0,0
2019-07-25;-48,14;-2,24;-0,75
2019-07-26;-48,36;-2,08;-0,25
2019-07-29;-50,2;-1,43;-0,32
2019-07-30;-49,74;-1,1;-0,8
2019-07-31;-47,23;-2,4;-1,72
2019-08-01;-45,59;-0,05;-2,52
2019-08-02;-44,97;-0,43;-3,38
2019-08-05;-38,24;0,0;-6,24
2019-08-06;-39,95;0,0;-5,17
2019-08-07;-37,52;0,0;-4,84
2019-08-08;-37,4;0,0;-3,44
2019-08-09;-37,94;-0,33;-4,09
2019-08-12;-40,45;0,0;-5,17
2019-08-13;-43,0;-0,6;-3,78
2019-08-14;-47,41;0,0;-6,53
2019-08-15;-46,05;0,0;-6,36
2019-08-16;-45,72;-0,64;-5,08
2019-08-19;-42,89;-1,8;-4,28
2019-08-20;-43,69;-1,04;-4,78
2019-08-21;-46,96;-1,35;-4,0
2019-08-22;-47,0;-1,6;-4,14
2019-08-23;-45,55;0,0;-6,14
2019-08-26;-45,74;0,0;-5,28
2019-08-27;-46,71;0,0;-5,53
2019-08-28;-48,97;-0,28;-5,14
2019-08-29;-50,25;-1,0;-4,08
2019-08-30;-49,79;-1,25;-3,89
2019-09-03;-44,42;0,0;-4,41
2019-09-04;-44,57;0,0;-3,13
2019-09-05;-44,67;-2,4;-2,08
2019-09-06;-45,83;-3,23;-1,95
2019-09-09;-45,93;-3,59;-1,83
2019-09-10;-47,08;-4,42;-1,81
2019-09-11;-46,75;-3,84;-1,05
2019-09-12;-45,54;-3,64;-0,63
2019-09-13;-45,8;-4,44;-0,52
2019-09-16;-46,23;-3,64;-0,93
2019-09-17;-46,42;-3,45;-0,77
2019-09-18;-46,65;-4,06;-0,83
2019-09-19;-46,29;-3,67;-0,72
2019-09-20;-46,73;-2,53;-1,09
2019-09-23;-49,1;-1,98;-1,23
2019-09-24;-54,9;-1,47;-1,81
2019-09-25;-55,6;-3,29;-1,55
2019-09-26;-57,52;-3,32;-1,65
2019-09-27;-56,83;-3,82;-2,2
2019-09-30;-56,61;-5,31;-1,73
2019-10-01;-56,35;-4,79;-2,86
2019-10-02;-56,09;-3,68;-4,49
2019-10-03;-56,79;-3,25;-3,69
2019-10-04;-57,07;-3,25;-2,68
2019-10-07;-56,86;-4,07;-3,06
2019-10-08;-56,95;-3,23;-4,34
2019-10-09;-55,03;-3,14;-3,52
2019-10-10;-55,08;-3,99;-2,76
2019-10-11;-56,46;-4,52;-1,44
2019-10-14;-56,19;-4,14;-1,71
2019-10-15;-57,07;-4,81;-0,72
2019-10-16;-57,9;-4,26;-0,69
2019-10-17;-57,6;-4,13;-0,45
2019-10-18;-58,29;-4,23;-0,79
2019-10-21;-56,87;-4,68;-0,07
2019-10-22;-57,74;-4,4;-0,39
2019-10-23;-60,69;-4,18;-0,03
2019-10-24;-60,8;-3,5;0,0
2019-10-25;-54,69;-3,27;0,0
2019-10-28;-51,57;-4,1;0,0
2019-10-29;-50,68;-4,37;-0,12
2019-10-30;-51,84;-3,85;0,0
2019-10-31;-51,87;-2,88;-0,24
2019-11-01;-51,55;-2,8;0,0
2019-11-04;-50,76;-3,08;0,0
2019-11-05;-51,12;-4,64;0,0
2019-11-06;-51,03;-4,23;-0,05
2019-11-07;-51,51;-5,72;0,0
2019-11-08;-53,94;-6,32;0,0
2019-11-11;-54,18;-6,55;-0,23
2019-11-12;-53,88;-6,29;-0,3
2019-11-13;-53,92;-5,92;-0,39
2019-11-14;-54,44;-5,52;-0,38
2019-11-15;-55,57;-5,76;0,0
2019-11-18;-56,53;-5,48;0,0
2019-11-19;-57,07;-5,43;-0,12
2019-11-20;-58,0;-5,39;-0,54
2019-11-21;-60,02;-5,9;-0,58
2019-11-22;-61,83;-6,08;-0,49
2019-11-25;-62,61;-6,53;0,0
2019-11-26;-62,24;-6,08;0,0
2019-11-27;-60,6;-6,58;0,0
2019-11-29;-59,4;-6,0;-0,62
2019-12-02;-61,69;-6,05;-1,26
2019-12-03;-61,7;-5,15;-1,76
2019-12-04;-62,06;-5,28;-1,08
2019-12-05;-61,03;-5,22;-0,97
2019-12-06;-60,52;-6,16;-0,19
2019-12-09;-61,28;-6,19;-0,51
2019-12-10;-61,92;-5,93;-0,58
2019-12-11;-62,24;-5,28;-0,1
2019-12-12;-62,11;-5,61;0,0
2019-12-13;-61,97;-5,19;0,0
2019-12-16;-63,73;-5,2;0,0
2019-12-17;-65,26;-5,22;-0,01
2019-12-18;-61,93;-5,21;0,0
2019-12-19;-62,32;-4,96;0,0
2019-12-20;-62,23;-4,87;0,0
2019-12-23;-61,52;-4,58;0,0
2019-12-24;-61,69;-3,68;0,0
2019-12-26;-62,13;-2,92;0,0
2019-12-27;-61,86;-2,95;0,0
2019-12-30;-61,85;-2,75;-0,6
2019-12-31;-62,37;-2,56;-0,38
2020-01-02;-63,45;-1,85;0,0
2020-01-03;-61,57;-0,55;-0,86
2020-01-06;-59,35;0,0;-0,64
2020-01-07;-57,29;0,0;-0,89
2020-01-08;-57,73;-0,75;-0,4
2020-01-09;-58,78;-1,31;0,0
2020-01-10;-57,27;-0,72;-0,22
2020-01-13;-57,39;-1,45;0,0
2020-01-14;-53,82;-1,54;-0,09
2020-01-15;-53,92;-0,97;-0,15
2020-01-16;-54,36;-1,12;0,0
2020-01-17;-53,29;-0,94;0,0
2020-01-21;-54,24;-0,83;-0,54
2020-01-22;-54,58;-0,8;-0,47
2020-01-23;-56,02;-0,57;-0,46
2020-01-24;-55,82;0,0;-1,28
2020-01-27;-53,39;0,0;-3,11
2020-01-28;-51,04;-0,89;-2,2
2020-01-29;-51,26;-0,36;-2,21
2020-01-30;-50,25;-0,35;-2,21
2020-01-31;-51,08;0,0;-3,94
2020-02-03;-51,38;-0,65;-3,28
2020-02-04;-51,97;-1,94;-1,62
2020-02-05;-49,71;-1,82;-0,69
2020-02-06;-49,1;-1,29;-0,49
2020-02-07;-48,75;-1,03;-1,14
2020-02-10;-48,43;-0,78;-0,65
2020-02-11;-46,59;-1,12;-0,15
2020-02-12;-45,98;-1,2;0,0
2020-02-13;-46,56;-0,64;-0,45
2020-02-14;-46,05;-0,22;-0,35
2020-02-18;-46,94;0,0;-0,75
2020-02-19;-49,6;0,0;-0,33
2020-02-20;-49,73;0,0;-0,91
2020-02-21;-49,32;0,0;-1,68
2020-02-24;-49,51;0,0;-5,05
2020-02-25;-51,13;-1,79;-7,49
2020-02-26;-53,85;-1,36;-7,4
2020-02-27;-54,04;-1,34;-10,64
2020-02-28;-54,63;-4,94;-11,59
2020-03-02;-53,6;-4,41;-8,66
2020-03-03;-54,02;-1,41;-10,84
2020-03-04;-54,2;-1,24;-7,18
2020-03-05;-52,5;0,0;-10,02
2020-03-06;-52,27;0,0;-11,62
2020-03-09;-58,55;0,0;-18,28
2020-03-10;-58,62;-2,11;-14,52
2020-03-11;-58,61;-2,46;-18,94
2020-03-12;-73,99;-6,35;-26,91
2020-03-13;-70,89;-9,21;-21,67
2020-03-16;-73,77;-10,25;-30,45
2020-03-17;-72,66;-9,03;-26,11
2020-03-18;-72,59;-10,84;-30,55
2020-03-19;-67,61;-12,53;-30,11
2020-03-20;-67,57;-11,22;-32,33
2020-03-23;-66,43;-7,29;-33,53
2020-03-24;-64,77;-2,79;-28,12
2020-03-25;-65,05;-4,13;-26,15
2020-03-26;-64,86;-2,9;-22,26
2020-03-27;-66,15;-3,52;-24,53
2020-03-30;-66,36;-3,1;-22,87
2020-03-31;-66,31;-6,18;-23,44
2020-04-01;-65,44;-5,3;-26,95
2020-04-02;-64,46;-3,75;-25,49
2020-04-03;-64,77;-3,27;-26,6
2020-04-06;-61,96;-0,59;-22,07
2020-04-07;-62,46;-1,12;-21,99
2020-04-08;-61,63;-2,0;-20,1
2020-04-09;-61,8;0,0;-18,94
2020-04-13;-64,19;0,0;-19,59
2020-04-14;-64,2;0,0;-17,52
2020-04-15;-65,25;-0,51;-19,58
2020-04-16;-62,77;-0,6;-19,23
2020-04-17;-62,87;-2,53;-17,03
2020-04-20;-64,0;-1,83;-18,24
2020-04-21;-64,0;-2,5;-20,75
2020-04-22;-62,76;-0,58;-18,89
2020-04-23;-61,13;0,0;-18,98
2020-04-24;-60,5;-0,43;-18,15
2020-04-27;-59,22;-1,09;-16,81
2020-04-28;-59,16;-1,53;-16,8
2020-04-29;-53,96;-0,99;-14,6
2020-04-30;-54,7;-2,78;-15,92
2020-05-01;-53,62;-2,18;-18,13
2020-05-04;-53,37;-1,84;-17,86
2020-05-05;-52,9;-1,42;-17,29
2020-05-06;-51,51;-2,69;-17,73
2020-05-07;-47,94;-1,19;-16,64
2020-05-08;-48,51;-1,79;-15,26
2020-05-11;-55,0;-2,4;-15,17
2020-05-12;-53,94;-2,02;-16,6
2020-05-13;-51,5;-1,08;-17,7
2020-05-14;-49,08;-0,2;-17,19
2020-05-15;-51,2;0,0;-17,12
2020-05-18;-49,11;-0,76;-14,3
2020-05-19;-49,1;0,0;-15,17
2020-05-20;-50,18;0,0;-13,75
2020-05-21;-52,49;-1,46;-14,51
2020-05-22;-51,96;-0,87;-14,61
2020-05-26;-53,78;-2,28;-13,01
2020-05-27;-51,97;-2,11;-11,92
2020-05-28;-50,16;-1,78;-11,84
2020-05-29;-50,62;-1,06;-11,64
2020-06-01;-46,81;-0,6;-10,51
2020-06-02;-50,14;-1,25;-9,53
2020-06-03;-49,48;-3,07;-8,05
2020-06-04;-48,73;-2,05;-8,55
2020-06-05;-49,43;-4,03;-6,46
2020-06-08;-48,88;-2,99;-5,37
2020-06-09;-48,75;-2,06;-6,2
2020-06-10;-48,36;-0,66;-6,46
2020-06-11;-51,23;-1,37;-11,72
2020-06-12;-50,4;-1,23;-10,45
2020-06-15;-50,56;-1,41;-9,84
2020-06-16;-50,1;-1,46;-8,35
2020-06-17;-50,4;-1,27;-8,4
2020-06-18;-50,76;-1,46;-8,51
2020-06-19;-51,41;-0,38;-9,03
2020-06-22;-49,52;0,0;-8,11
2020-06-23;-49,62;0,0;-7,68
2020-06-24;-51,27;-0,35;-9,85
2020-06-25;-51,53;-0,41;-8,89
2020-06-26;-52,06;0,0;-10,65
2020-06-29;-51,92;0,0;-9,63
2020-06-30;-52,19;0,0;-9,04
2020-07-01;-51,72;-0,45;-8,36
2020-07-02;-52,27;-0,23;-7,51
2020-07-06;-50,95;0,0;-5,73
2020-07-07;-51,59;0,0;-6,83
2020-07-08;-50,67;0,0;-5,87
2020-07-09;-51,46;-0,27;-6,45
2020-07-10;-51,46;-0,53;-5,69
2020-07-13;-51,64;-0,41;-6,52
2020-07-14;-51,64;0,0;-5,36
2020-07-15;-51,91;0,0;-4,42
2020-07-16;-52,22;-0,95;-5,0
2020-07-17;-52,12;-0,13;-4,67
2020-07-20;-52,06;0,0;-3,83
2020-07-21;-50,95;0,0;-3,53
2020-07-22;-50,17;0,0;-3,23
2020-07-23;-49,87;0,0;-4,23
2020-07-24;-50,11;0,0;-4,79
2020-07-27;-42,5;0,0;-3,73
2020-07-28;-42,91;0,0;-4,39
2020-07-29;-41,93;0,0;-3,25
2020-07-30;-41,87;-0,74;-3,88
2020-07-31;-40,76;0,0;-4,16
2020-08-03;-41,16;0,0;-3,15
2020-08-04;-41,37;0,0;-2,65
2020-08-05;-38,54;0,0;-1,98
2020-08-06;-38,37;0,0;-1,63
2020-08-07;-39,3;-1,59;-2,08
2020-08-10;-37,86;-1,93;-1,83
2020-08-11;-40,3;-7,19;-2,18
2020-08-12;-39,39;-7,63;-0,63
2020-08-13;-38,35;-5,45;-0,84
2020-08-14;-38,43;-5,85;-1,07
2020-08-17;-35,89;-3,81;-0,35
2020-08-18;-37,27;-2,94;-0,24
2020-08-19;-38,48;-6,01;-0,78
2020-08-20;-37,86;-5,36;-0,68
2020-08-21;-39,35;-6,12;-0,52
2020-08-24;-38,4;-6,65;0,0
2020-08-25;-40,54;-6,53;0,0
2020-08-26;-39,9;-5,43;0,0
2020-08-27;-40,76;-6,52;-0,3
2020-08-28;-39,61;-4,9;0,0
2020-08-31;-38,89;-4,67;-0,6
2020-09-01;-37,37;-4,56;0,0
2020-09-02;-40,29;-5,81;0,0
2020-09-03;-46,4;-6,58;-3,05
2020-09-04;-45,01;-6,32;-3,52
2020-09-08;-46,99;-6,5;-5,79
2020-09-09;-46,41;-5,59;-3,94
2020-09-10;-45,78;-5,9;-5,36
2020-09-11;-45,59;-5,9;-5,01
2020-09-14;-44,12;-5,16;-3,84
2020-09-15;-43,51;-5,38;-3,2
2020-09-16;-42,58;-5,12;-3,46
2020-09-17;-42,72;-5,64;-3,99
2020-09-18;-42,74;-5,51;-4,89
2020-09-21;-45,26;-7,41;-6,2
2020-09-22;-44,87;-7,86;-5,76
2020-09-23;-46,39;-9,85;-7,51
2020-09-24;-43,71;-9,52;-7,46
2020-09-25;-44,06;-9,77;-6,45
2020-09-28;-43,97;-8,87;-4,96
2020-09-29;-43,26;-8,1;-5,3
2020-09-30;-43,58;-8,65;-4,87
2020-10-01;-44,44;-7,83;-4,15
2020-10-02;-44,67;-7,92;-4,88
2020-10-05;-43,53;-7,47;-3,31
2020-10-06;-44,52;-8,56;-4,34
2020-10-07;-44,18;-8,6;-3,04
2020-10-08;-42,89;-8,27;-2,25
2020-10-09;-42,11;-6,61;-1,42
2020-10-12;-39,55;-6,88;-0,26
2020-10-13;-40,22;-8,34;-0,93
2020-10-14;-40,2;-8,06;-1,4
2020-10-15;-39,86;-7,72;-1,92
2020-10-16;-40,77;-8,04;-1,86
2020-10-19;-38,57;-7,99;-2,82
2020-10-20;-37,66;-7,55;-2,36
2020-10-21;-32,91;-6,85;-2,59
2020-10-22;-32,17;-7,77;-2,29
2020-10-23;-32,35;-7,87;-1,87
2020-10-26;-31,59;-7,91;-3,52
2020-10-27;-28,57;-7,67;-3,84
2020-10-28;-30,57;-9,16;-6,92
2020-10-29;-29,7;-9,54;-6,18
2020-10-30;-29,13;-9,12;-6,99
2020-11-02;-29,11;-8,24;-5,96
2020-11-03;-27,02;-7,72;-4,24
2020-11-04;-26,06;-7,77;-2,21
2020-11-05;-18,49;-5,65;-0,23
2020-11-06;-18,56;-5,52;-0,1
2020-11-09;-19,79;-9,7;0,0
2020-11-10;-20,0;-9,4;-0,08
2020-11-11;-17,86;-9,79;0,0
2020-11-12;-14,85;-9,25;-1,08
2020-11-13;-14,63;-8,63;0,0
2020-11-16;-12,55;-8,63;0,0
2020-11-17;-7,68;-8,97;-0,24
2020-11-18;-6,85;-9,49;-1,08
2020-11-19;-6,79;-9,66;-0,57
2020-11-20;-2,58;-9,39;-0,82
2020-11-23;-3,92;-11,17;-0,45
2020-11-24;-0,04;-12,53;0,0
2020-11-25;-2,0;-12,57;-0,1
2020-11-27;-10,49;-13,46;0,0
2020-11-30;0,0;-14,04;-1,22
2020-12-01;-4,19;-12,23;0,0
2020-12-02;-2,16;-11,57;0,0
2020-12-03;-0,92;-10,87;0,0
2020-12-04;-4,72;-11,12;0,0
2020-12-07;-2,21;-9,8;-0,23
2020-12-08;-6,65;-9,48;0,0
2020-12-09;-5,46;-11,03;-0,7
2020-12-10;-6,93;-11,2;-0,43
2020-12-11;-7,98;-11,04;-0,69
2020-12-14;-1,93;-11,53;-0,99
2020-12-15;-1,06;-10,29;0,0
2020-12-16;0,0;-9,79;0,0
2020-12-17;0,0;-8,85;0,0
2020-12-18;0,0;-9,0;-0,45
2020-12-21;-1,45;-9,29;-1,09
2020-12-22;0,0;-10,01;-1,25
2020-12-23;-2,28;-9,41;-0,79
2020-12-24;-0,2;-9,05;-0,67
2020-12-28;0,0;-9,38;-0,01
2020-12-29;0,0;-9,05;0,0
2020-12-30;0,0;-8,35;0,0
2020-12-31;0,0;-8,01;0,0
2021-01-04;0,0;-5,96;-0,55
2021-01-05;0,0;-5,68;0,0
2021-01-06;0,0;-7,22;0,0
2021-01-07;0,0;-7,43;0,0
2021-01-08;0,0;-10,6;0,0
2021-01-11;-12,82;-10,77;-0,88
2021-01-12;-16,85;-10,2;-0,52
2021-01-13;-8,53;-10,58;-0,46
2021-01-14;-3,95;-10,63;-0,31
2021-01-15;-9,74;-11,74;-1,36
2021-01-19;-11,59;-10,99;-0,44
2021-01-20;-12,87;-9,54;0,0
2021-01-21;-24,44;-9,6;0,0
2021-01-22;-19,1;-10,31;-0,47
2021-01-25;-20,67;-10,23;-0,14
2021-01-26;-20,17;-10,45;-0,45
2021-01-27;-25,41;-11,02;-2,9
2021-01-28;-17,97;-10,94;-2,08
2021-01-29;-15,89;-10,98;-4,0
2021-02-01;-17,8;-10,14;-2,37
2021-02-02;-12,96;-11,23;-1,13
2021-02-03;-8,15;-11,37;-0,96
2021-02-04;-9,49;-13,28;-0,28
2021-02-05;-6,5;-12,42;0,0
2021-02-08;0,0;-11,54;0,0
2021-02-09;0,0;-11,25;0,0
2021-02-10;-3,36;-10,92;0,0
2021-02-11;0,0;-11,7;0,0
2021-02-12;-0,84;-11,97;0,0
2021-02-16;0,0;-13,23;0,0
2021-02-17;0,0;-14,21;-0,2
2021-02-18;-0,9;-14,22;-0,89
2021-02-19;0,0;-13,86;-0,71
2021-02-22;-3,01;-12,57;-1,74
2021-02-23;-12,64;-12,78;-1,67
2021-02-24;-11,06;-12,84;-1,11
2021-02-25;-15,74;-14,48;-3,29
2021-02-26;-17,08;-16,55;-4,15
2021-03-01;-11,2;-16,69;-1,95
2021-03-02;-13,44;-16,24;-2,58
2021-03-03;-9,57;-17,16;-3,65
2021-03-04;-13,11;-17,97;-5,02
2021-03-05;-12,45;-17,92;-3,69
2021-03-08;-6,52;-18,77;-4,54
2021-03-09;-1,9;-17,05;-2,91
2021-03-10;0,0;-16,62;-2,48
2021-03-11;0,0;-16,7;-1,21
2021-03-12;-0,82;-16,71;-1,4
2021-03-15;-3,28;-16,34;-0,87
2021-03-16;-1,73;-16,27;-0,88
2021-03-17;0,0;-15,67;-0,59
2021-03-18;-1,72;-16,16;-1,93
2021-03-19;-0,89;-15,81;-1,85
2021-03-22;-7,38;-15,93;-1,36
2021-03-23;-7,02;-16,55;-2,48
2021-03-24;-10,36;-16,26;-3,28
2021-03-25;-12,17;-16,56;-2,85
2021-03-26;-6,34;-16,32;-1,23
2021-03-29;-1,9;-17,32;-1,46
2021-03-30;0,0;-18,73;-1,62
2021-03-31;0,0;-17,5;-1,42
2021-04-01;0,0;-16,46;-0,13
2021-04-05;-0,06;-16,49;0,0
2021-04-06;-1,53;-15,82;-0,11
2021-04-07;-5,16;-16,06;-0,28
2021-04-08;-1,31;-15,15;0,0
2021-04-09;-1,44;-15,79;0,0
2021-04-12;0,0;-16,3;-0,27
2021-04-13;0,0;-15,71;0,0
2021-04-14;-0,62;-16,08;-0,06
2021-04-15;-0,3;-14,72;0,0
2021-04-16;-3,04;-14,2;0,0
2021-04-19;-12,25;-14,44;-0,41
2021-04-20;-11,07;-14,14;-1,47
2021-04-21;-15,11;-13,29;-0,6
2021-04-22;-18,49;-13,85;-1,2
2021-04-23;-19,54;-14,18;-0,13
2021-04-26;-14,93;-13,95;0,0
2021-04-27;-13,34;-14,17;-0,04
2021-04-28;-13,67;-13,92;0,0
2021-04-29;-15,67;-14,27;0,0
2021-04-30;-9,06;-14,56;-0,93
2021-05-03;-9,93;-13,45;-0,54
2021-05-04;-16,01;-14,09;-1,48
2021-05-05;-9,57;-13,73;-1,12
2021-05-06;-11,19;-12,29;-0,41
2021-05-07;-9,68;-11,5;0,0
2021-05-10;-12,04;-11,23;-0,98
2021-05-11;-10,71;-11,22;-1,8
2021-05-12;-22,6;-12,1;-3,83
2021-05-13;-21,71;-11,74;-3,05
2021-05-14;-21,45;-10,93;-1,52
2021-05-17;-31,44;-9,9;-1,67
2021-05-18;-32,43;-9,72;-1,94
2021-05-19;-41,73;-9,66;-2,4
2021-05-20;-35,78;-9,25;-1,27
2021-05-21;-41,26;-9,21;-1,38
2021-05-24;-39,05;-9,05;-0,61
2021-05-25;-39,53;-8,22;-0,61
2021-05-26;-38,12;-8,38;-0,37
2021-05-27;-39,47;-8,34;-0,26
2021-05-28;-43,79;-8,0;0,0
2021-06-01;-42,23;-8,25;0,0
2021-06-02;-40,83;-7,8;0,0
2021-06-03;-38,26;-9,6;-0,52
2021-06-04;-41,9;-8,63;0,0
2021-06-07;-47,15;-8,26;0,0
2021-06-08;-47,29;-8,55;-0,05
2021-06-09;-41,19;-8,72;-0,31
2021-06-10;-42,2;-8,33;0,0
2021-06-11;-41,21;-9,36;0,0
2021-06-14;-36,67;-9,89;0,0
2021-06-15;-36,37;-10,23;-0,2
2021-06-16;-39,61;-11,75;-0,84
2021-06-17;-40,08;-14,46;-1,03
2021-06-18;-43,65;-14,94;-2,34
2021-06-21;-50,12;-13,89;-1,18
2021-06-22;-48,81;-14,26;-0,78
2021-06-23;-46,9;-14,31;-0,97
2021-06-24;-45,42;-14,36;-0,27
2021-06-25;-50,18;-14,08;0,0
2021-06-28;-45,78;-14,09;-0,03
2021-06-29;-43,52;-14,99;0,0
2021-06-30;-44,82;-14,58;-0,39
2021-07-01;-47,13;-14,28;0,0
2021-07-02;-46,62;-13,72;0,0
2021-07-06;-46,09;-13,29;-0,42
2021-07-07;-46,69;-12,96;-0,21
2021-07-08;-48,23;-13,02;-1,3
2021-07-09;-46,78;-12,73;0,0
2021-07-12;-47,79;-12,84;0,0
2021-07-13;-48,5;-12,72;-0,34
2021-07-14;-48,31;-11,79;-0,21
2021-07-15;-49,95;-11,77;-0,63
2021-07-16;-50,52;-12,63;-1,38
2021-07-19;-51,47;-12,52;-2,87
2021-07-20;-53,06;-12,64;-1,8
2021-07-21;-49,43;-12,96;-0,76
2021-07-22;-49,12;-12,79;-0,6
2021-07-23;-47,12;-13,06;0,0
2021-07-26;-41,2;-13,27;-0,06
2021-07-27;-37,95;-13,13;-0,73
2021-07-28;-37,02;-12,69;-0,27
2021-07-29;-37,0;-11,72;0,0
2021-07-30;-33,49;-12,41;-0,56
2021-08-02;-38,27;-12,52;-0,52
2021-08-03;-39,92;-12,58;0,0
2021-08-04;-37,41;-12,56;-0,2
2021-08-05;-35,64;-12,91;0,0
2021-08-06;-32,58;-15,09;-0,16
2021-08-09;-26,99;-16,59;-0,12
2021-08-10;-28,22;-16,57;0,0
2021-08-11;-28,2;-15,42;0,0
2021-08-12;-30,04;-15,4;0,0
2021-08-13;-24,74;-14,18;0,0
2021-08-16;-27,56;-13,76;-0,13
2021-08-17;-29,62;-13,88;-1,06
2021-08-18;-29,45;-13,82;-1,73
2021-08-19;-26,43;-14,07;-2,26
2021-08-20;-22,3;-14,02;-1,68
2021-08-23;-21,98;-12,98;-0,68
2021-08-24;-24,88;-13,02;-0,23
2021-08-25;-22,9;-13,62;-0,11
2021-08-26;-26,08;-13,52;-0,74
2021-08-27;-22,75;-12,22;0,0
2021-08-30;-25,9;-12,66;0,0
2021-08-31;-25,73;-12,48;0,0
2021-09-01;-23,08;-12,48;0,0
2021-09-02;-22,32;-12,71;0,0
2021-09-03;-21,22;-11,77;0,0
2021-09-07;-26,29;-13,5;-0,15
2021-09-08;-27,42;-13,72;-0,68
2021-09-09;-26,95;-13,34;-0,95
2021-09-10;-29,32;-13,78;-1,53
2021-09-13;-29,2;-13,49;-1,17
2021-09-14;-25,84;-12,93;-1,76
2021-09-15;-24,14;-13,44;-1,17
2021-09-16;-24,75;-15,4;-1,42
2021-09-17;-25,57;-15,53;-2,4
2021-09-20;-32,53;-14,93;-4,12
2021-09-21;-35,92;-14,36;-3,89
2021-09-22;-31,38;-14,68;-3,01
2021-09-23;-29,3;-15,67;-1,95
2021-09-24;-32,54;-15,78;-2,22
2021-09-27;-33,49;-15,6;-2,33
2021-09-28;-35,38;-16,42;-4,25
2021-09-29;-34,55;-16,8;-4,42
2021-09-30;-31,04;-15,3;-5,1
2021-10-01;-24,23;-15,11;-4,3
2021-10-04;-22,66;-14,71;-5,48
2021-10-05;-18,88;-15,11;-4,66
2021-10-06;-12,82;-14,88;-4,59
2021-10-07;-15,27;-15,33;-3,54
2021-10-08;-15,02;-15,3;-3,65
2021-10-11;-9,48;-15,46;-4,22
2021-10-12;-11,75;-15,08;-4,34
2021-10-13;-9,61;-13,56;-3,62
2021-10-14;-9,73;-13,35;-2,37
2021-10-15;-3,01;-14,73;-1,58
2021-10-18;-2,33;-14,94;-1,52
2021-10-19;0,0;-14,67;-0,68
2021-10-20;0,0;-13,92;-0,39
2021-10-21;-5,73;-14,0;-0,37
2021-10-22;-8,03;-13,47;-0,36
2021-10-25;-4,47;-12,87;-0,02
2021-10-26;-8,53;-13,52;-0,08
2021-10-27;-11,38;-13,29;-0,57
2021-10-28;-8,14;-13,31;0,0
2021-10-29;-5,7;-14,05;-0,27
2021-11-01;-7,56;-13,6;0,0
2021-11-02;-4,19;-13,79;0,0
2021-11-03;-4,58;-14,5;0,0
2021-11-04;-6,88;-13,53;0,0
2021-11-05;-7,38;-12,4;0,0
2021-11-08;0,0;-12,09;0,0
2021-11-09;-0,88;-11,66;-0,25
2021-11-10;-3,81;-10,7;-1,16
2021-11-11;-3,87;-10,2;-0,83
2021-11-12;-5,05;-10,03;-0,14
2021-11-15;-5,93;-10,17;-0,2
2021-11-16;-10,96;-10,82;0,0
2021-11-17;-10,65;-10,0;-0,28
2021-11-18;-15,72;-10,29;-0,25
2021-11-19;-13,98;-10,98;-0,61
2021-11-22;-16,69;-12,97;-1,2
2021-11-23;-14,8;-13,72;-1,23
2021-11-24;-16,7;-13,81;-1,19
2021-11-26;-20,72;-13,95;-3,6
2021-11-29;-14,45;-14,06;-2,73
2021-11-30;-15,63;-14,64;-4,06
2021-12-01;-15,3;-14,3;-5,12
2021-12-02;-16,41;-14,78;-3,75
2021-12-03;-20,67;-14,06;-4,57
2021-12-06;-25,14;-14,27;-3,61
2021-12-07;-24,96;-13,97;-1,52
2021-12-08;-25,25;-13,92;-1,24
2021-12-09;-29,44;-14,45;-2,02
2021-12-10;-30,08;-14,09;-1,49
2021-12-13;-30,83;-13,87;-2,47
2021-12-14;-31,01;-14,67;-3,0
2021-12-15;-27,63;-14,31;-1,8
2021-12-16;-29,45;-13,27;-2,27
2021-12-17;-31,62;-13,46;-3,23
2021-12-20;-30,62;-13,82;-4,14
2021-12-21;-27,57;-13,86;-2,58
2021-12-22;-28,03;-13,05;-1,66
2021-12-23;-24,84;-12,85;-1,03
2021-12-27;-25,05;-12,65;0,0
2021-12-28;-29,57;-13,02;-0,1
2021-12-29;-31,26;-13,05;-0,09
2021-12-30;-30,18;-12,42;-0,22
2021-12-31;-31,47;-11,83;-0,38
2022-01-03;-31,24;-13,18;0,0
2022-01-04;-32,07;-12,54;-0,08
2022-01-05;-35,52;-12,81;-1,71
2022-01-06;-36,12;-13,87;-1,92
2022-01-07;-38,49;-13,48;-1,94
2022-01-10;-38,1;-13,22;-2,22
2022-01-11;-36,75;-12,17;-1,05
2022-01-12;-34,95;-11,94;-0,45
2022-01-13;-36,96;-12,24;-1,79
2022-01-14;-36,21;-12,49;-1,76
2022-01-18;-37,28;-12,64;-3,46
2022-01-19;-38,22;-11,25;-4,04
2022-01-20;-39,79;-11,47;-4,8
2022-01-21;-46,04;-11,76;-6,41
2022-01-24;-45,75;-11,27;-6,56
2022-01-25;-45,31;-10,99;-7,5
2022-01-26;-45,46;-12,43;-7,97
2022-01-27;-45,03;-13,56;-8,44
2022-01-28;-44,08;-13,82;-6,97
2022-01-31;-43,04;-13,31;-5,05
2022-02-01;-42,66;-13,23;-4,32
2022-02-02;-45,31;-12,92;-3,71
2022-02-03;-45,01;-13,04;-5,55
2022-02-04;-38,58;-12,91;-5,13
2022-02-07;-35,12;-12,26;-5,31
2022-02-08;-34,7;-12,0;-4,58
2022-02-09;-34,38;-11,7;-3,08
2022-02-10;-35,52;-12,03;-4,48
2022-02-11;-37,24;-10,36;-6,29
2022-02-14;-36,97;-9,88;-6,64
2022-02-15;-34,03;-10,73;-5,0
2022-02-16;-34,94;-9,81;-4,79
2022-02-17;-40,0;-8,58;-6,63
2022-02-18;-40,75;-8,65;-7,33
2022-02-22;-43,34;-8,46;-8,4
2022-02-23;-44,8;-8,05;-9,7
2022-02-24;-43,27;-8,64;-9,32
2022-02-25;-41,96;-8,94;-7,31
2022-02-28;-36,07;-8,0;-7,96
2022-03-01;-34,35;-6,33;-9,52
2022-03-02;-34,99;-7,3;-8,22
2022-03-03;-37,17;-6,75;-9,15
2022-03-04;-42,08;-5,27;-10,49
2022-03-07;-43,67;-3,86;-13,28
2022-03-08;-42,67;-1,23;-13,38
2022-03-09;-37,86;-4,16;-10,76
2022-03-10;-41,63;-3,86;-11,46
2022-03-11;-42,58;-4,54;-12,69
2022-03-14;-41,29;-5,98;-13,25
2022-03-15;-41,78;-7,74;-11,9
2022-03-16;-39,11;-7,16;-8,91
2022-03-17;-39,39;-6,7;-7,98
2022-03-18;-38,13;-7,52;-6,97
2022-03-21;-39,2;-6,82;-7,3
2022-03-22;-37,31;-7,49;-6,18
2022-03-23;-36,52;-6,23;-7,23
2022-03-24;-34,94;-5,55;-6,16
2022-03-25;-34,36;-5,94;-5,98
2022-03-28;-30,25;-7,65;-5,61
2022-03-29;-29,75;-7,61;-4,1
2022-03-30;-30,35;-6,86;-4,64
2022-03-31;-32,6;-6,83;-6,17
2022-04-01;-31,5;-7,42;-5,56
2022-04-04;-31,0;-6,97;-4,65
2022-04-05;-32,58;-7,56;-6,01
2022-04-06;-36,05;-7,34;-7,09
2022-04-07;-35,61;-6,99;-6,89
2022-04-08;-37,41;-6,41;-6,98
2022-04-11;-41,51;-5,94;-8,3
2022-04-12;-40,61;-5,22;-8,81
2022-04-13;-39,07;-4,77;-7,71
2022-04-14;-40,89;-5,08;-8,68
2022-04-18;-39,58;-4,79;-8,83
2022-04-19;-38,58;-6,23;-7,86
2022-04-20;-38,77;-5,77;-7,78
2022-04-21;-40,02;-6,1;-9,21
2022-04-22;-41,18;-7,01;-11,25
2022-04-25;-40,12;-8,69;-11,11
2022-04-26;-43,59;-8,55;-13,56
2022-04-27;-41,92;-9,24;-13,23
2022-04-28;-41,13;-8,75;-11,42
2022-04-29;-42,86;-8,76;-13,74
2022-05-02;-42,98;-10,45;-13,46
2022-05-03;-44,13;-10,21;-12,93
2022-05-04;-41,25;-9,33;-10,88
2022-05-05;-45,87;-9,68;-13,92
2022-05-06;-46,66;-9,53;-14,77
2022-05-09;-55,16;-10,84;-17,47
2022-05-10;-54,09;-11,59;-17,18
2022-05-11;-57,17;-10,87;-18,22
2022-05-12;-57,01;-12,23;-18,33
2022-05-13;-56,66;-12,95;-16,17
2022-05-16;-55,8;-12,12;-16,45
2022-05-17;-54,97;-12,67;-14,75
2022-05-18;-57,49;-12,62;-17,6
2022-05-19;-55,13;-11,34;-17,53
2022-05-20;-56,78;-11,27;-17,29
2022-05-23;-56,93;-10,86;-15,96
2022-05-24;-56,11;-10,19;-16,65
2022-05-25;-56,25;-10,73;-16,08
2022-05-26;-56,68;-10,9;-14,7
2022-05-27;-57,63;-10,85;-12,96
2022-05-31;-52,95;-11,73;-13,35
2022-06-01;-55,9;-11,17;-13,99
2022-06-02;-54,91;-10,08;-12,26
2022-06-03;-56,04;-10,99;-13,72
2022-06-06;-53,57;-11,38;-13,41
2022-06-07;-53,89;-10,81;-12,75
2022-06-08;-55,28;-10,89;-13,57
2022-06-09;-55,43;-11,17;-15,58
2022-06-10;-56,96;-9,98;-17,78
2022-06-13;-66,72;-12,36;-20,82
2022-06-14;-67,13;-13,06;-21,06
2022-06-15;-66,59;-11,92;-19,86
2022-06-16;-69,83;-10,93;-22,2
2022-06-17;-69,7;-11,67;-22,24
2022-06-21;-69,35;-12,0;-20,5
2022-06-22;-70,42;-11,65;-20,96
2022-06-23;-68,79;-12,19;-20,5
2022-06-24;-68,58;-12,28;-18,08
2022-06-27;-69,31;-12,37;-18,32
2022-06-28;-69,98;-12,52;-19,52
2022-06-29;-70,25;-12,58;-19,74
2022-06-30;-70,72;-13,12;-20,38
2022-07-01;-71,48;-13,19;-19,82
2022-07-05;-70,12;-15,03;-20,23
2022-07-06;-69,59;-16,38;-20,11
2022-07-07;-67,98;-16,33;-18,84
2022-07-08;-67,84;-16,29;-18,9
2022-07-11;-70,44;-16,74;-20,05
2022-07-12;-71,4;-17,05;-20,54
2022-07-13;-70,09;-16,65;-20,86
2022-07-14;-69,56;-17,82;-21,4
2022-07-15;-69,16;-17,99;-20,06
2022-07-18;-66,72;-17,91;-20,28
2022-07-19;-65,38;-17,72;-18,26
2022-07-20;-65,62;-18,49;-18,0
2022-07-21;-65,72;-17,34;-17,17
2022-07-22;-66,38;-17,13;-17,87
2022-07-25;-68,38;-17,36;-17,62
2022-07-26;-68,56;-17,46;-18,61
2022-07-27;-66,06;-16,62;-16,62
2022-07-28;-64,71;-15,6;-15,82
2022-07-29;-64,77;-15,36;-14,75
2022-08-01;-65,49;-14,88;-15,02
2022-08-02;-65,99;-15,39;-15,69
2022-08-03;-66,19;-15,18;-14,61
2022-08-04;-66,51;-13,78;-14,47
2022-08-05;-65,53;-14,75;-14,74
2022-08-08;-64,76;-14,03;-14,7
2022-08-09;-65,72;-13,77;-15,11
2022-08-10;-64,56;-13,98;-13,34
2022-08-11;-64,54;-14,21;-13,26
2022-08-12;-63,88;-13,42;-12,06
2022-08-15;-64,28;-14,53;-12,08
2022-08-16;-64,65;-14,68;-12,02
2022-08-17;-65,46;-15,24;-12,65
2022-08-18;-65,64;-15,46;-12,68
2022-08-19;-69,1;-16,08;-13,85
2022-08-22;-68,33;-16,63;-15,47
2022-08-23;-68,14;-16,05;-15,48
2022-08-24;-68,34;-15,8;-15,26
2022-08-25;-68,03;-15,54;-14,01
2022-08-26;-70,01;-16,57;-16,57
2022-08-29;-69,96;-16,52;-17,08
2022-08-30;-70,7;-17,22;-17,94
2022-08-31;-70,33;-17,86;-18,47
2022-09-01;-70,21;-18,58;-18,67
2022-09-02;-70,44;-17,86;-19,37
2022-09-06;-72,12;-18,34;-19,82
2022-09-07;-71,45;-17,51;-18,62
2022-09-08;-71,39;-18,01;-18,24
2022-09-09;-68,36;-17,57;-16,73
2022-09-12;-66,89;-17,15;-15,71
2022-09-13;-69,96;-18,23;-19,04
2022-09-14;-70,04;-18,55;-18,72
2022-09-15;-70,84;-20,07;-19,56
2022-09-16;-70,74;-19,62;-20,28
2022-09-19;-71,07;-19,56;-19,76
2022-09-20;-72,04;-20,02;-20,75
2022-09-21;-72,55;-19,65;-22,05
2022-09-22;-71,27;-19,7;-22,63
2022-09-23;-71,44;-21,08;-24,25
2022-09-26;-71,55;-22,0;-25,15
2022-09-27;-71,72;-21,84;-25,4
2022-09-28;-71,25;-20,22;-23,87
2022-09-29;-71,03;-20,23;-25,3
2022-09-30;-71,24;-20,23;-26,13
2022-10-03;-70,96;-18,29;-24,37
2022-10-04;-69,9;-17,12;-21,79
2022-10-05;-70,16;-17,58;-22,14
2022-10-06;-70,47;-17,67;-23,04
2022-10-07;-71,07;-18,57;-25,0
2022-10-10;-71,67;-19,81;-25,6
2022-10-11;-71,8;-19,98;-26,22
2022-10-12;-71,65;-19,55;-26,42
2022-10-13;-71,31;-20,1;-24,76
2022-10-14;-71,6;-21,1;-26,36
2022-10-17;-71,06;-20,87;-24,45
2022-10-18;-71,38;-20,7;-23,74
2022-10-19;-71,67;-21,76;-24,52
2022-10-20;-71,8;-21,89;-24,88
2022-10-21;-71,62;-20,5;-23,28
2022-10-24;-71,37;-20,75;-23,05
2022-10-25;-70,26;-20,57;-21,7
2022-10-26;-69,26;-20,07;-21,69
2022-10-27;-69,98;-20,19;-22,16
2022-10-28;-69,52;-21,01;-20,92
2022-10-31;-69,67;-21,65;-21,44
2022-11-01;-69,68;-20,85;-21,36
2022-11-02;-70,16;-21,4;-22,98
2022-11-03;-70,09;-21,7;-23,65
2022-11-04;-68,7;-19,3;-21,86
2022-11-07;-69,51;-19,62;-21,36
2022-11-08;-72,56;-17,76;-20,81
2022-11-09;-76,5;-18,18;-22,28
2022-11-10;-73,97;-15,68;-18,11
2022-11-11;-74,79;-15,13;-16,87
2022-11-14;-75,4;-14,94;-17,62
2022-11-15;-75,01;-14,64;-16,82
2022-11-16;-75,33;-14,84;-17,44
2022-11-17;-75,3;-15,46;-17,64
2022-11-18;-75,29;-16,04;-17,48
2022-11-21;-76,63;-16,51;-17,94
2022-11-22;-76,04;-16,41;-16,91
2022-11-23;-75,42;-15,89;-16,27
2022-11-25;-75,55;-15,82;-16,2
2022-11-28;-76,0;-16,48;-17,42
2022-11-29;-75,66;-16,07;-17,25
2022-11-30;-74,59;-15,0;-14,89
2022-12-01;-74,89;-13,44;-14,77
2022-12-02;-74,71;-13,73;-14,84
2022-12-05;-74,88;-15,21;-16,3
2022-12-06;-74,71;-14,98;-17,19
2022-12-07;-75,06;-14,21;-17,34
2022-12-08;-74,49;-14,14;-16,7
2022-12-09;-74,64;-13,84;-17,1
2022-12-12;-74,53;-14,55;-16,36
2022-12-13;-73,68;-13,09;-15,59
2022-12-14;-73,63;-13,3;-15,92
2022-12-15;-74,3;-14,72;-17,98
2022-12-16;-75,36;-13,98;-18,78
2022-12-19;-75,67;-14,22;-19,27
2022-12-20;-74,98;-12,8;-19,09
2022-12-21;-75,11;-12,94;-18,03
2022-12-22;-75,09;-13,99;-19,02
2022-12-23;-75,14;-13,73;-18,64
2022-12-27;-75,26;-13,01;-18,67
2022-12-28;-75,5;-13,4;-19,72
2022-12-29;-75,37;-12,91;-18,33
2022-12-30;-75,43;-12,51;-18,82
2023-01-03;-75,31;-11,77;-18,8
2023-01-04;-75,04;-10,94;-17,76
2023-01-05;-75,08;-12,05;-18,6
2023-01-06;-74,91;-10,41;-16,72
2023-01-09;-74,55;-10,21;-16,54
2023-01-10;-74,18;-9,88;-16,07
2023-01-11;-73,46;-9,94;-15,19
2023-01-12;-72,07;-8,9;-14,6
2023-01-13;-70,53;-7,8;-14,21
2023-01-17;-68,68;-8,41;-14,27
2023-01-18;-69,38;-8,67;-15,21
2023-01-19;-68,79;-7,22;-15,54
2023-01-20;-66,44;-7,53;-14,23
2023-01-23;-66,06;-7,35;-13,48
2023-01-24;-66,5;-7,02;-13,59
2023-01-25;-65,79;-6,59;-13,39
2023-01-26;-65,91;-7,44;-12,66
2023-01-27;-65,84;-7,57;-12,61
2023-01-30;-66,2;-7,8;-13,66
2023-01-31;-65,75;-7,47;-12,72
2023-02-01;-64,89;-6,3;-11,83
2023-02-02;-65,26;-8,25;-11,12
2023-02-03;-65,29;-10,54;-12,14
2023-02-06;-66,31;-10,35;-12,87
2023-02-07;-65,57;-10,27;-11,94
2023-02-08;-66,05;-10,05;-12,69
2023-02-09;-67,71;-10,76;-13,08
2023-02-10;-67,96;-10,59;-13,15
2023-02-13;-67,72;-11,04;-12,23
2023-02-14;-67,11;-10,98;-12,19
2023-02-15;-64,02;-11,86;-12,13
2023-02-16;-65,04;-11,93;-13,02
2023-02-17;-63,64;-11,67;-13,24
2023-02-21;-63,83;-12,0;-14,72
2023-02-22;-64,2;-12,5;-14,95
2023-02-23;-64,56;-12,54;-14,54
2023-02-24;-65,67;-13,17;-15,68
2023-02-27;-65,19;-12,83;-15,18
2023-02-28;-65,74;-12,43;-15,62
2023-03-01;-65,0;-11,93;-15,44
2023-03-02;-65,26;-11,98;-14,98
2023-03-03;-66,9;-11,04;-13,7
2023-03-06;-66,8;-11,49;-13,76
2023-03-07;-67,11;-13,03;-15,11
2023-03-08;-67,86;-13,07;-14,93
2023-03-09;-69,86;-12,22;-16,3
2023-03-10;-70,12;-10,33;-17,4
2023-03-13;-64,19;-8,27;-17,61
2023-03-14;-63,38;-8,8;-16,47
2023-03-15;-63,92;-8,09;-17,63
2023-03-16;-62,92;-7,9;-16,29
2023-03-17;-59,41;-5,22;-17,2
2023-03-20;-58,9;-5,18;-16,4
2023-03-21;-58,3;-6,97;-15,29
2023-03-22;-59,58;-5,39;-16,19
2023-03-23;-58,07;-4,2;-15,97
2023-03-24;-59,31;-5,28;-15,77
2023-03-27;-59,83;-6,16;-15,48
2023-03-28;-59,64;-5,39;-15,4
2023-03-29;-58,04;-5,86;-14,37
2023-03-30;-58,51;-5,01;-13,67
2023-03-31;-57,85;-5,5;-12,81
2023-04-03;-58,87;-4,82;-12,3
2023-04-04;-58,31;-3,05;-12,61
2023-04-05;-58,3;-3,13;-13,06
2023-04-06;-58,49;-3,82;-12,71
2023-04-10;-56,11;-4,53;-12,66
2023-04-11;-55,25;-3,92;-12,48
2023-04-12;-55,39;-3,46;-12,63
2023-04-13;-55,01;-2,15;-11,46
2023-04-14;-54,88;-3,88;-11,72
2023-04-17;-56,42;-4,31;-11,56
2023-04-18;-55,01;-3,94;-11,39
2023-04-19;-57,34;-4,4;-11,57
2023-04-20;-58,2;-4,02;-11,9
2023-04-21;-59,63;-4,97;-11,84
2023-04-24;-59,26;-4,68;-11,8
2023-04-25;-58,1;-4,2;-13,22
2023-04-26;-57,93;-4,72;-13,44
2023-04-27;-56,38;-4,71;-11,96
2023-04-28;-56,58;-4,69;-11,44
2023-05-01;-58,42;-5,12;-11,56
2023-05-02;-57,55;-3,29;-12,55
2023-05-03;-57,07;-2,47;-12,87
2023-05-04;-57,3;-1,78;-13,18
2023-05-05;-56,29;-3,32;-11,71
2023-05-08;-59,01;-3,2;-11,67
2023-05-09;-59,06;-2,51;-12,04
2023-05-10;-59,12;-2,65;-11,82
2023-05-11;-60,04;-3,49;-12,04
2023-05-12;-60,33;-3,65;-12,29
2023-05-15;-59,75;-3,45;-11,69
2023-05-16;-59,99;-4,65;-12,4
2023-05-17;-59,45;-4,98;-11,57
2023-05-18;-60,29;-6,21;-11,13
2023-05-19;-60,2;-5,29;-11,08
2023-05-22;-60,26;-5,51;-10,94
2023-05-23;-59,71;-5,39;-12,06
2023-05-24;-61,02;-6,16;-12,88
2023-05-25;-60,81;-7,06;-12,52
2023-05-26;-60,46;-6,69;-11,37
2023-05-30;-59,0;-6,11;-11,74
2023-05-31;-59,71;-5,97;-12,37
2023-06-01;-60,31;-5,22;-11,33
2023-06-02;-59,67;-6,62;-10,01
2023-06-05;-61,87;-6,06;-10,25
2023-06-06;-59,69;-5,96;-9,82
2023-06-07;-61,01;-7,09;-10,3
2023-06-08;-60,77;-5,86;-9,65
2023-06-09;-60,81;-6,11;-9,52
2023-06-12;-61,66;-6,19;-8,87
2023-06-13;-61,64;-6,89;-8,16
2023-06-14;-62,82;-6,83;-7,94
2023-06-15;-62,15;-6,18;-6,89
2023-06-16;-61,03;-6,32;-7,16
2023-06-20;-58,07;-7,29;-8,01
2023-06-21;-55,56;-7,43;-8,33
2023-06-22;-55,73;-8,34;-8,31
2023-06-23;-54,57;-8,09;-9,26
2023-06-26;-55,2;-7,93;-9,42
2023-06-27;-54,58;-8,36;-8,46
2023-06-28;-55,47;-8,57;-8,47
2023-06-29;-54,94;-8,66;-8,31
2023-06-30;-54,89;-8,06;-7,3
2023-07-03;-53,89;-7,95;-7,08
2023-07-05;-54,84;-8,28;-7,53
2023-07-06;-55,73;-8,55;-8,67
2023-07-07;-55,09;-7,87;-8,49
2023-07-10;-54,99;-7,79;-8,26
2023-07-11;-54,68;-7,45;-7,53
2023-07-12;-55,02;-6,19;-6,42
2023-07-13;-53,41;-6,13;-5,36
2023-07-14;-55,11;-6,43;-5,62
2023-07-17;-55,38;-6,36;-5,38
2023-07-18;-55,81;-5,29;-4,85
2023-07-19;-55,73;-5,27;-4,73
2023-07-20;-55,91;-5,75;-5,37
2023-07-21;-55,73;-6,04;-5,32
2023-07-24;-56,82;-6,44;-4,98
2023-07-25;-56,74;-5,92;-4,67
2023-07-26;-56,55;-5,46;-4,55
2023-07-27;-56,77;-6,95;-5,15
2023-07-28;-56,61;-6,2;-4,15
2023-07-31;-56,74;-5,95;-3,97
2023-08-01;-56,08;-6,93;-4,63
2023-08-02;-56,85;-7,37;-6,21
2023-08-03;-56,82;-7,4;-6,43
2023-08-04;-56,97;-7,07;-6,62
2023-08-07;-56,81;-7,28;-6,0
2023-08-08;-55,95;-7,87;-6,54
2023-08-09;-56,25;-8,3;-6,93
2023-08-10;-56,44;-8,4;-6,79
2023-08-11;-56,49;-8,4;-7,14
2023-08-14;-56,48;-8,68;-6,95
2023-08-15;-56,83;-8,92;-8,09
2023-08-16;-57,52;-9,45;-8,8
2023-08-17;-60,54;-9,59;-9,4
2023-08-18;-61,45;-9,57;-9,44
2023-08-21;-61,34;-9,32;-8,96
2023-08-22;-61,47;-9,18;-9,16
2023-08-23;-60,88;-8,25;-8,09
2023-08-24;-61,28;-8,27;-9,26
2023-08-25;-61,45;-8,39;-8,71
2023-08-28;-61,36;-8,13;-8,01
2023-08-29;-58,96;-7,23;-6,7
2023-08-30;-59,6;-7,0;-6,47
2023-08-31;-61,62;-7,15;-6,76
2023-09-01;-61,81;-7,11;-6,5
2023-09-05;-61,85;-7,87;-7,04
2023-09-06;-61,88;-8,28;-7,58
2023-09-07;-61,16;-8,19;-7,93
2023-09-08;-61,66;-8,15;-7,89
2023-09-11;-62,76;-7,98;-7,1
2023-09-12;-61,77;-8,46;-7,54
2023-09-13;-61,18;-8,67;-7,51
2023-09-14;-60,72;-8,62;-6,66
2023-09-15;-60,62;-8,02;-7,42
2023-09-18;-60,4;-7,48;-7,51
2023-09-19;-59,73;-7,57;-7,72
2023-09-20;-59,84;-7,5;-8,31
2023-09-21;-60,68;-8,17;-9,83
2023-09-22;-60,66;-7,88;-9,89
2023-09-25;-61,08;-8,35;-9,77
2023-09-26;-61,2;-9,08;-11,09
2023-09-27;-61,0;-10,21;-11,05
2023-09-28;-60,01;-10,66;-10,5
2023-09-29;-60,17;-11,57;-10,75
2023-10-02;-59,25;-12,5;-11,15
2023-10-03;-59,4;-12,75;-12,33
2023-10-04;-58,86;-12,76;-11,96
2023-10-05;-59,42;-12,92;-11,73
2023-10-06;-58,64;-12,48;-10,64
2023-10-09;-59,18;-10,87;-10,32
2023-10-10;-59,46;-11,02;-9,57
2023-10-11;-60,23;-10,37;-9,16
2023-10-12;-60,4;-10,64;-9,85
2023-10-13;-60,24;-7,77;-10,36
2023-10-16;-57,79;-8,22;-9,54
2023-10-17;-57,94;-8,05;-9,5
2023-10-18;-58,07;-6,72;-10,8
2023-10-19;-57,49;-5,57;-11,6
2023-10-20;-56,07;-5,31;-12,65
2023-10-23;-51,03;-5,63;-12,72
2023-10-24;-49,83;-5,64;-12,08
2023-10-25;-48,94;-5,25;-13,2
2023-10-26;-49,45;-5,1;-14,09
2023-10-27;-49,81;-3,99;-14,4
2023-10-30;-48,94;-4,53;-13,41
2023-10-31;-48,69;-5,05;-13,02
2023-11-01;-47,55;-5,35;-12,15
2023-11-02;-48,29;-5,04;-10,41
2023-11-03;-48,6;-4,69;-9,38
2023-11-06;-48,14;-5,44;-9,3
2023-11-07;-47,54;-5,83;-9,35
2023-11-08;-47,23;-6,77;-9,37
2023-11-09;-45,69;-6,4;-9,91
2023-11-10;-44,77;-7,42;-8,87
2023-11-13;-45,98;-6,9;-8,86
2023-11-14;-47,4;-6,07;-6,87
2023-11-15;-43,94;-6,32;-6,67
2023-11-16;-46,49;-5,26;-6,74
2023-11-17;-45,84;-5,27;-6,32
2023-11-20;-44,53;-5,43;-5,67
2023-11-21;-46,99;-4,4;-5,92
2023-11-22;-44,6;-4,81;-5,66
2023-11-24;-44,17;-4,32;-5,43
2023-11-27;-44,86;-3,67;-5,68
2023-11-28;-44,01;-2,39;-5,52
2023-11-29;-43,97;-2,24;-5,53
2023-11-30;-44,18;-2,65;-5,29
2023-12-01;-42,74;-0,97;-4,58
2023-12-04;-37,87;-3,11;-5,17
2023-12-05;-34,76;-3,48;-5,36
2023-12-06;-35,25;-3,12;-5,54
2023-12-07;-35,93;-2,96;-4,93
2023-12-08;-34,63;-4,25;-4,62
2023-12-11;-38,96;-5,31;-4,29
2023-12-12;-38,65;-5,36;-3,98
2023-12-13;-36,52;-3,23;-2,65
2023-12-14;-36,32;-2,66;-2,02
2023-12-15;-37,94;-3,55;-2,44
2023-12-18;-36,92;-3,12;-2,0
2023-12-19;-37,44;-2,45;-1,3
2023-12-20;-35,39;-2,99;-2,67
2023-12-21;-35,07;-2,3;-1,45
2023-12-22;-34,88;-1,87;-1,31
2023-12-26;-37,07;-1,12;-0,83
2023-12-27;-35,7;-0,67;-0,55
2023-12-28;-36,91;-1,25;-0,55
2023-12-29;-37,69;-1,4;-0,73
2024-01-02;-33,46;-1,63;-1,58
2024-01-03;-36,58;-2,45;-2,36
2024-01-04;-34,61;-2,36;-2,47
2024-01-05;-34,64;-2,34;-2,38
2024-01-08;-30,48;-3,1;-1,21
2024-01-09;-31,71;-3,07;-1,66
2024-01-10;-30,99;-3,3;-1,2
2024-01-11;-31,37;-3,1;-1,25
2024-01-12;-36,58;-2,16;-1,04
2024-01-16;-36,13;-3,08;-1,91
2024-01-17;-36,74;-4,15;-2,66
2024-01-18;-38,93;-3,36;-1,81
2024-01-19;-38,4;-3,07;-0,83
2024-01-22;-41,53;-3,44;-0,67
2024-01-23;-41,03;-3,06;-0,47
2024-01-24;-40,69;-3,86;-0,14
2024-01-25;-40,9;-3,48;0,0
2024-01-26;-38,11;-3,55;0,0
2024-01-29;-35,93;-2,87;0,0
2024-01-30;-36,43;-2,73;-0,16
2024-01-31;-36,98;-2,81;-1,46
2024-02-01;-36,25;-1,79;-0,23
2024-02-02;-36,08;-2,72;0,0
2024-02-05;-36,86;-3,26;-0,39
2024-02-06;-36,23;-2,75;0,0
2024-02-07;-34,41;-2,78;0,0
2024-02-08;-32,95;-2,87;-0,02
2024-02-09;-30,22;-3,24;0,0
2024-02-12;-26,06;-3,5;0,0
2024-02-13;-26,38;-4,83;-1,59
2024-02-14;-23,3;-4,88;-0,5
2024-02-15;-23,13;-4,24;0,0
2024-02-16;-22,8;-3,89;-0,25
2024-02-20;-22,62;-3,31;-0,53
2024-02-21;-23,28;-3,31;-0,5
2024-02-22;-24,07;-3,26;0,0
2024-02-23;-24,92;-2,72;0,0
2024-02-26;-19,31;-2,93;-0,27
2024-02-27;-15,51;-3,04;-0,07
2024-02-28;-7,49;-2,86;-0,5
2024-02-29;-9,43;-2,36;-0,11
2024-03-01;-7,59;-0,52;0,0
2024-03-04;0,0;0,0;-0,15
2024-03-05;-6,63;0,0;-0,96
2024-03-06;-3,25;0,0;-0,19
2024-03-07;-2,06;0,0;0,0
2024-03-08;-0,04;0,0;-0,49
2024-03-11;0,0;0,0;-0,69
2024-03-12;-0,89;-1,09;0,0
2024-03-13;0,0;-0,4;-0,13
2024-03-14;-2,31;-0,82;-0,52
2024-03-15;-5,03;-1,13;-1,03
2024-03-18;-7,57;-0,98;-0,62
2024-03-19;-15,28;-1,09;-0,28
2024-03-20;-7,07;0,0;0,0
2024-03-21;-10,39;-0,1;0,0
2024-03-22;-12,73;-0,91;-0,24
2024-03-25;-4,28;-0,59;-0,44
2024-03-26;-4,24;-0,27;-0,57
2024-03-27;-4,96;0,0;0,0
2024-03-28;-3,2;0,0;-0,02
2024-04-01;-4,63;0,0;-0,25
2024-04-02;-10,45;0,0;-0,84
2024-04-03;-9,72;0,0;-0,61
2024-04-04;-6,26;-0,57;-1,61
2024-04-05;-7,18;0,0;-0,84
2024-04-08;-1,99;0,0;-0,63
2024-04-09;-5,4;0,0;-0,48
2024-04-10;-3,41;-0,95;-1,62
2024-04-11;-4,14;0,0;-1,03
2024-04-12;-8,06;-1,32;-2,56
2024-04-15;-13,21;0,0;-3,5
2024-04-16;-12,69;0,0;-4,01
2024-04-17;-16,16;-0,74;-4,37
2024-04-18;-13,1;-0,4;-4,5
2024-04-19;-12,64;-0,09;-5,09
2024-04-22;-8,55;-2,55;-4,13
2024-04-23;-9,14;-2,79;-3,06
2024-04-24;-12,05;-2,97;-3,11
2024-04-25;-11,77;-2,4;-3,41
2024-04-26;-12,76;-2,08;-2,51
2024-04-29;-12,65;-2,28;-2,09
2024-04-30;-17,03;-4,23;-3,57
2024-05-01;-20,29;-3,36;-3,82
2024-05-02;-19,1;-3,66;-2,62
2024-05-03;-13,95;-3,73;-1,56
2024-05-06;-13,58;-2,72;-0,67
2024-05-07;-14,71;-3,17;-0,64
2024-05-08;-16,28;-3,45;-0,7
2024-05-09;-13,73;-1,93;-0,1
2024-05-10;-16,82;-1,13;0,0
2024-05-13;-13,93;-2,24;0,0
2024-05-14;-15,78;-1,41;0,0
2024-05-15;-9,33;-0,15;0,0
2024-05-16;-10,74;-0,54;-0,21
2024-05-17;-8,25;0,0;0,0
2024-05-20;-2,24;0,0;0,0
2024-05-21;-4,03;-0,15;0,0
2024-05-22;-5,42;-1,98;-0,47
2024-05-23;-7,05;-3,94;-1,13
2024-05-24;-6,24;-3,85;-0,49
2024-05-28;-6,55;-2,84;-0,46
2024-05-29;-7,53;-3,74;-1,47
2024-05-30;-6,46;-3,56;-1,72
2024-05-31;-7,65;-4,12;-1,04
2024-06-03;-5,85;-3,27;-0,85
2024-06-04;-3,44;-4,14;-0,98
2024-06-05;-2,74;-3,0;0,0
2024-06-06;-3,18;-2,28;0,0
2024-06-07;-5,12;-5,77;-0,5
2024-06-10;-4,89;-4,91;-0,2
2024-06-11;-7,87;-4,64;-0,41
2024-06-12;-6,63;-4,38;0,0
2024-06-13;-8,66;-5,16;-0,31
2024-06-14;-9,68;-3,93;-0,5
2024-06-17;-9,02;-4,43;0,0
2024-06-18;-10,87;-4,05;0,0
2024-06-20;-11,3;-2,85;-0,2
2024-06-21;-12,3;-4,36;-0,6
2024-06-24;-17,52;-3,98;-0,51
2024-06-25;-15,43;-4,45;-0,21
2024-06-26;-16,79;-5,33;-0,33
2024-06-27;-15,71;-4,26;-0,19
2024-06-28;-17,46;-4,25;-0,38
2024-07-01;-14,0;-4,0;-0,21
2024-07-02;-15,13;-4,01;0,0
2024-07-03;-17,66;-2,93;0,0
2024-07-05;-22,47;-1,62;0,0
2024-07-08;-22,41;-2,84;0,0
2024-07-09;-20,63;-2,67;-0,03
2024-07-10;-20,99;-2,32;0,0
2024-07-11;-21,54;-0,58;-0,39
2024-07-12;-20,78;-0,65;0,0
2024-07-15;-11,24;-0,33;-0,1
2024-07-16;-10,93;0,0;0,0
2024-07-17;-12,27;-0,46;-1,26
2024-07-18;-12,46;-1,1;-2,1
2024-07-19;-8,72;-2,87;-2,74
2024-07-22;-7,52;-2,84;-1,74
2024-07-23;-9,79;-2,5;-2,07
2024-07-24;-10,55;-2,84;-4,0
2024-07-25;-10,0;-4,36;-4,49
2024-07-26;-7,08;-3,36;-3,36
2024-07-29;-8,57;-3,49;-3,45
2024-07-30;-9,42;-2,53;-3,77
2024-07-31;-11,58;-0,76;-2,19
2024-08-01;-10,57;-1,1;-3,93
2024-08-02;-15,97;-1,29;-5,62
2024-08-05;-26,12;-2,55;-8,1
2024-08-06;-23,33;-3,32;-7,47
2024-08-07;-24,71;-3,39;-7,64
2024-08-08;-15,56;-1,87;-5,7
2024-08-09;-16,7;-1,63;-5,28
2024-08-12;-18,79;0,0;-5,21
2024-08-13;-17,07;-0,15;-3,75
2024-08-14;-19,63;-0,97;-3,5
2024-08-15;-21,24;-0,66;-1,96
2024-08-16;-19,42;0,0;-1,62
2024-08-19;-18,6;-0,16;-0,63
2024-08-20;-19,25;0,0;-0,88
2024-08-21;-16,29;-0,13;-0,37
2024-08-22;-17,38;-1,33;-1,16
2024-08-23;-12,3;-0,19;0,0
2024-08-26;-13,96;0,0;-0,37
2024-08-27;-18,58;0,0;-0,17
2024-08-28;-19,23;-0,7;-0,72
2024-08-29;-18,74;-0,19;-0,63
2024-08-30;-19,11;-0,9;0,0
2024-09-03;-21,42;-1,33;-1,91
2024-09-04;-20,68;-1,27;-2,21
2024-09-05;-23,16;-0,45;-2,33
2024-09-06;-26,18;-1,18;-3,99
2024-09-09;-21,98;-0,77;-3,0
2024-09-10;-21,12;-0,33;-2,86
2024-09-11;-21,54;-0,49;-2,01
2024-09-12;-20,46;0,0;-1,15
2024-09-13;-17,12;0,0;-0,66
2024-09-16;-20,38;-0,01;-0,32
2024-09-17;-17,48;-0,56;-0,42
2024-09-18;-15,64;-1,33;-0,7
2024-09-19;-13,88;0,0;0,0
2024-09-20;-13,53;0,0;-0,4
2024-09-23;-13,35;0,0;-0,02
2024-09-24;-12,02;0,0;0,0
2024-09-25;-13,6;-0,14;-0,42
2024-09-26;-10,81;0,0;0,0
2024-09-27;-9,98;-0,79;-0,23
2024-09-30;-13,35;-1,59;-0,24
2024-10-01;-16,76;-0,55;-0,88
2024-10-02;-17,04;-0,53;-0,64
2024-10-03;-16,86;-0,6;-1,13
2024-10-04;-15,07;-0,8;-0,3
2024-10-07;-14,84;-1,14;-0,93
2024-10-08;-14,98;-1,87;-0,67
2024-10-09;-17,11;-2,4;-0,26
2024-10-10;-17,53;-1,68;-0,36
2024-10-11;-14,56;-0,61;0,0
2024-10-14;-9,63;-0,77;0,0
2024-10-15;-8,27;-0,43;-1,04
2024-10-16;-7,49;0,0;-0,65
2024-10-17;-7,78;0,0;-0,69
2024-10-18;-6,38;0,0;-0,11
2024-10-21;-7,82;-0,02;-0,59
2024-10-22;-7,83;0,0;-0,8
2024-10-23;-9,1;-1,21;-1,68
2024-10-24;-6,74;-0,45;-1,45
2024-10-25;-8,81;-0,24;-1,62
2024-10-28;-4,35;-0,24;-1,11
2024-10-29;-0,5;0,0;-1,17
2024-10-30;-1,02;0,0;-1,61
2024-10-31;-3,92;-1,55;-3,09
2024-11-01;-4,93;-1,95;-2,72
2024-11-04;-7,21;-1,81;-2,73
2024-11-05;-5,1;-1,59;-1,6
2024-11-06;0,0;-4,58;-0,42
2024-11-07;0,0;-3,05;0,0
2024-11-08;0,0;-3,7;-0,26
2024-11-11;0,0;-5,97;-0,14
2024-11-12;-0,84;-6,78;-0,88
2024-11-13;0,0;-7,72;-1,08
2024-11-14;-3,68;-7,96;-1,54
2024-11-15;0,0;-8,12;-2,45
2024-11-18;-0,57;-6,37;-1,97
2024-11-19;0,0;-5,53;-1,69
2024-11-20;0,0;-5,0;-1,69
2024-11-21;0,0;-4,21;-1,32
2024-11-22;0,0;-2,97;-0,97
2024-11-25;-5,96;-5,83;-0,62
2024-11-26;-7,08;-5,65;-0,48
2024-11-27;-3,07;-5,44;-0,55
2024-11-29;-1,55;-4,63;0,0
2024-12-02;-3,16;-5,46;0,0
2024-12-03;-3,03;-5,27;0,0
2024-12-04;-0,23;-4,98;0,0
2024-12-05;-2,43;-5,69;0,0
2024-12-06;0,0;-5,65;0,0
2024-12-09;-2,49;-4,71;-0,24
2024-12-10;-3,25;-3,46;-0,83
2024-12-11;0,0;-2,54;-0,12
2024-12-12;-1,12;-3,97;-0,75
2024-12-13;0,0;-5,13;-0,86
2024-12-16;0,0;-4,9;-0,66
2024-12-17;0,0;-5,27;-1,04
2024-12-18;-5,75;-7,08;-3,98
2024-12-19;-8,15;-6,95;-3,97
2024-12-20;-7,9;-5,98;-3,22
2024-12-23;-10,79;-6,42;-2,62
2024-12-24;-7,03;-6,24;-1,8
2024-12-26;-9,75;-5,6;-1,72
2024-12-27;-11,28;-6,25;-2,46
2024-12-30;-12,72;-6,55;-3,46
2024-12-31;-11,98;-5,97;-3,73
2025-01-02;-8,72;-4,69;-3,91
2025-01-03;-7,57;-5,44;-2,91
2025-01-06;-3,83;-5,56;-2,24
2025-01-07;-8,68;-5,03;-3,18
2025-01-08;-10,46;-4,52;-3,18
2025-01-10;-10,78;-3,61;-4,65
2025-01-13;-10,95;-4,57;-4,67
2025-01-14;-9,05;-4,07;-4,4
2025-01-15;-5,31;-3,35;-2,84
2025-01-16;-6,01;-2,68;-2,83
2025-01-17;-1,58;-3,2;-2,0
2025-01-21;0,0;-1,7;-0,89
2025-01-22;-2,35;-1,19;-0,53
2025-01-23;-2,06;-1,33;0,0
2025-01-24;-1,25;-0,72;-0,01
2025-01-27;-3,82;-1,75;-1,2
2025-01-28;-4,54;-0,9;-0,55
2025-01-29;-2,3;-1,28;-0,84
2025-01-30;-1,33;0,0;-0,08
2025-01-31;-3,52;0,0;-0,72
2025-02-03;-4,47;0,0;-1,52
2025-02-04;-7,8;0,0;-0,63
2025-02-05;-8,98;0,0;-0,15
2025-02-06;-9,0;-0,27;0,0
2025-02-07;-9,06;-0,09;-0,8
2025-02-10;-8,2;0,0;0,0
2025-02-11;-9,8;-0,37;0,0
2025-02-12;-7,78;-0,26;-0,09
2025-02-13;-8,97;0,0;0,0
2025-02-14;-8,14;-1,49;-0,02
2025-02-18;-9,99;0,0;0,0
2025-02-19;-8,96;0,0;-0,12
2025-02-20;-7,36;0,0;-0,26
2025-02-21;-9,44;-0,09;-1,61
2025-02-24;-13,88;0,0;-2,13
2025-02-25;-16,4;-1,32;-2,29
2025-02-26;-20,54;-1,17;-2,1
2025-02-27;-20,2;-2,67;-3,59
2025-02-28;-20,51;-3,28;-2,66
2025-03-03;-18,92;-2,01;-3,69
2025-03-04;-17,83;-1,16;-4,39
2025-03-05;-14,62;-0,95;-2,88
2025-03-06;-15,25;-1,45;-4,37
2025-03-07;-18,28;-1,4;-3,73
2025-03-10;-26,02;-2,27;-6,22
2025-03-11;-21,94;-1,12;-6,71
2025-03-12;-21,13;-0,69;-6,15
2025-03-13;-23,63;0,0;-7,23
2025-03-14;-20,89;0,0;-5,38
2025-03-17;-20,79;0,0;-4,44
2025-03-18;-22,07;0,0;-5,12
2025-03-19;-18,17;0,0;-4,35
2025-03-20;-20,71;-0,13;-4,75
2025-03-21;-20,82;-0,93;-4,95
2025-03-24;-17,57;-1,37;-3,56
2025-03-25;-17,59;-0,94;-3,51
2025-03-26;-18,13;-1,02;-4,58
2025-03-27;-17,87;0,0;-4,71
2025-03-28;-20,53;0,0;-6,36
2025-03-31;-22,23;0,0;-6,24
2025-04-01;-19,76;-0,2;-5,91
2025-04-02;-22,29;0,0;-5,42
2025-04-03;-21,71;-0,6;-9,04
2025-04-04;-21,01;-2,93;-14,61
2025-04-07;-25,35;-5,01;-15,44
2025-04-08;-28,14;-4,5;-16,55
2025-04-09;-22,21;-0,96;-9,21
2025-04-10;-24,98;0,0;-11,99
2025-04-11;-21,42;0,0;-10,5
2025-04-14;-20,35;-0,57;-9,25
2025-04-15;-21,18;-0,05;-9,19
2025-04-16;-20,83;0,0;-10,63
2025-04-17;-20,02;-0,44;-10,26
2025-04-21;-17,55;0,0;-11,71
2025-04-22;-11,97;-1,42;-9,72
2025-04-23;-11,73;-3,78;-8,61
2025-04-24;-11,5;-2,38;-6,94
2025-04-25;-10,76;-3,44;-6,4
2025-04-28;-10,52;-2,07;-6,23
2025-04-29;-11,17;-3,02;-5,75
2025-04-30;-11,25;-3,75;-5,75
2025-05-01;-9,09;-5,74;-5,41
2025-05-02;-8,7;-5,58;-3,8
2025-05-05;-10,74;-2,76;-4,0
2025-05-06;-8,8;-0,03;-4,55
2025-05-07;-8,59;-1,53;-4,47
2025-05-08;-2,74;-3,47;-4,16
2025-05-09;-2,99;-2,77;-4,03
2025-05-12;-3,14;-5,51;-1,69
2025-05-13;-1,86;-5,11;-1,17
2025-05-14;-2,46;-7,11;-1,08
2025-05-15;-2,26;-5,62;-0,55
2025-05-16;-2,5;-6,77;-0,07
2025-05-19;-0,51;-5,56;0,0
2025-05-20;0,0;-3,81;-0,11
2025-05-21;0,0;-3,1;-1,35
2025-05-22;0,0;-3,95;-1,41
2025-05-23;-3,93;-1,85;-1,71
2025-05-27;-2,4;-3,51;-0,06
2025-05-28;-3,47;-3,73;-0,78
2025-05-29;-5,4;-3,16;-0,42
2025-05-30;-6,87;-3,8;-0,63
2025-06-02;-5,19;-1,24;0,0
2025-06-03;-5,59;-2,12;0,0
2025-06-04;-6,22;-1,49;0,0
2025-06-05;-9,04;-1,98;-0,3
2025-06-06;-6,52;-3,3;0,0
2025-06-09;-1,24;-2,84;0,0
2025-06-10;-1,27;-2,81;0,0
2025-06-11;-2,67;-2,29;-0,13
2025-06-12;-5,14;-1,07;0,0
2025-06-13;-5,0;0,0;-1,15
2025-06-16;-4,37;-1,43;-0,28
2025-06-17;-6,33;-1,38;-1,29
2025-06-18;-6,08;-1,91;-1,26
2025-06-20;-7,49;-1,95;-1,7
2025-06-23;-5,46;-1,65;-0,82
2025-06-24;-5,04;-3,19;0,0
2025-06-25;-3,86;-2,9;-0,07
2025-06-26;-4,22;-3,01;0,0
2025-06-27;-4,11;-4,76;0,0
2025-06-30;-4,06;-3,62;0,0
2025-07-01;-5,35;-2,76;-0,05
2025-07-02;-2,52;-2,23;0,0
2025-07-03;-1,81;-2,89;0,0
2025-07-07;-3,02;-2,82;-0,87
2025-07-08;-2,44;-3,84;-0,7
2025-07-09;-0,31;-3,41;-0,16
2025-07-10;0,0;-3,19;0,0
2025-07-11;0,0;-2,26;-0,5
2025-07-14;0,0;-2,62;-0,36
2025-07-15;-1,73;-3,02;-0,78
2025-07-16;-0,93;-2,54;-0,39
2025-07-17;-0,47;-2,75;0,0
2025-07-18;-1,54;-2,5;-0,08
2025-07-21;-2,01;-1,0;0,0
2025-07-22;0,0;-0,06;0,0
2025-07-23;-1,03;-1,3;0,0
2025-07-24;-1,36;-1,9;-0,2
2025-07-25;-1,97;-2,81;-0,02
2025-07-28;-1,73;-3,44;-0,46
2025-07-29;-1,73;-3,17;-0,64
2025-07-30;-1,8;-4,85;-0,98
2025-07-31;-3,53;-4,21;-1,47
2025-08-01;-5,56;-2,27;-2,71
2025-08-04;-4,1;-1,7;-1,31
2025-08-05;-4,88;-1,62;-1,58
2025-08-06;-4,14;-1,83;-0,85
2025-08-07;-2,08;-1,0;-0,61
2025-08-08;-2,76;-1,02;-0,03
2025-08-11;-1,05;-2,45;-0,3
2025-08-12;0,0;-2,54;0,0
2025-08-13;0,0;-2,24;0,0
2025-08-14;-4,04;-2,86;-0,16
2025-08-15;-4,82;-2,8;-0,13
2025-08-18;-5,75;-2,95;-0,11
2025-08-19;-8,52;-3,48;-0,64
2025-08-20;-7,35;-2,51;-0,76
2025-08-21;-8,86;-2,85;-1,14
2025-08-22;-5,25;-1,81;0,0
2025-08-25;-10,72;-2,04;-0,65
2025-08-26;-9,36;-1,33;-0,44
2025-08-27;-9,83;-1,13;-0,4
2025-08-28;-8,76;-0,4;0,0
2025-08-29;-12,11;0,0;-0,58
2025-09-02;-9,85;0,0;-1,28
2025-09-03;-9,42;0,0;-0,86
2025-09-04;-10,23;-0,44;-0,2
2025-09-05;-10,29;0,0;-0,11
2025-09-08;-9,14;0,0;0,0
2025-09-09;-9,58;-0,23;0,0
2025-09-10;-7,61;0,0;0,0
2025-09-11;-6,35;-0,15;0,0
2025-09-12;-5,87;0,0;-0,15
2025-09-15;-6,4;0,0;0,0
2025-09-16;-5,27;0,0;-0,1
2025-09-17;-5,57;-0,77;-0,2
2025-09-18;-5,03;-1,17;0,0
2025-09-19;-6,21;-0,12;0,0
2025-09-22;-8,59;0,0;0,0
2025-09-23;-9,19;0,0;-0,38
2025-09-24;-8,12;-0,91;-0,8
2025-09-25;-11,59;-0,49;-1,29
2025-09-26;-11,05;0,0;-0,77
2025-09-29;-7,25;0,0;-0,53
2025-09-30;-7,53;0,0;-0,12
2025-10-01;-3,81;0,0;0,0
2025-10-02;-2,16;-0,35;0,0
2025-10-03;-0,87;0,0;0,0
2025-10-06;0,0;0,0;0,0
2025-10-07;-2,65;0,0;-0,6
2025-10-08;-1,12;0,0;-0,01
2025-10-09;-2,44;-1,85;-0,5
2025-10-10;-9,25;-0,85;-3,1
2025-10-13;-7,6;0,0;-1,59
2025-10-14;-9,33;0,0;-1,69
2025-10-15;-11,2;0,0;-1,06
2025-10-16;-13,28;0,0;-1,41
2025-10-17;-14,66;-1,88;-1,01
2025-10-20;-11,35;0,0;-0,02
2025-10-21;-13,05;-6,43;-0,31
2025-10-22;-13,68;-6,42;-0,71
2025-10-23;-11,77;-6,04;-0,07
2025-10-24;-11,0;-6,36;0,0
2025-10-27;-8,52;-8,96;0,0
2025-10-28;-9,46;-9,62;0,0
2025-10-29;-11,78;-9,96;0,0
2025-10-30;-13,18;-8,19;-0,98
2025-10-31;-12,18;-8,69;-0,81
2025-11-03;-14,59;-8,53;-0,59
2025-11-04;-18,57;-10,13;-1,86
2025-11-05;-16,72;-9,09;-1,4
2025-11-06;-18,8;-9,2;-2,26
2025-11-07;-17,14;-8,64;-2,12
2025-11-10;-15,03;-6,14;-0,69
2025-11-11;-17,44;-5,77;-0,36
2025-11-12;-18,51;-4,26;-0,16
2025-11-13;-20,08;-5,03;-1,69
2025-11-14;-24,33;-6,74;-1,74
2025-11-17;-26,18;-7,81;-2,79
2025-11-18;-25,49;-7,14;-3,63
2025-11-19;-26,68;-6,99;-3,49
2025-11-20;-30,56;-7,02;-4,95
2025-11-21;-31,79;-7,16;-4,01
2025-11-24;-29,24;-5,69;-2,95
2025-11-25;-29,99;-5,72;-2,06
2025-11-26;-27,44;-4,97;-1,26
2025-11-28;-27,12;-3,79;-0,76
2025-12-01;-30,81;-3,32;-1,21
2025-12-02;-26,77;-3,95;-0,99
2025-12-03;-25,03;-4,04;-0,62
2025-12-04;-26,14;-3,97;-0,41
2025-12-05;-28,35;-4,14;-0,32
2025-12-08;-27,34;-4,4;-0,56
2025-12-09;-25,7;-3,91;-0,64
2025-12-10;-26,24;-3,5;0,0
2025-12-11;-25,84;-2,46;0,0
2025-12-12;-27,64;-1,91;-0,98
2025-12-15;-30,73;-1,82;-0,96
2025-12-16;-29,59;-1,8;-1,37
2025-12-17;-30,95;-0,96;-2,38
2025-12-18;-31,49;-1,14;-1,57
2025-12-19;-29,38;-1,02;-0,72
2025-12-22;-29,07;0,0;-0,14
2025-12-23;-29,93;0,0;0,0
2025-12-24;-29,77;-0,41;0,0
2025-12-26;-30,02;0,0;0,0
2025-12-29;-30,15;-4,35;-0,34
2025-12-30;-29,12;-4,28;-0,34
2025-12-31;-29,85;-4,9;-0,99
2026-01-02;-27,9;-4,43;-0,29
2026-01-05;-24,74;-1,91;0,0
2026-01-06;-24,87;-0,85;0,0
2026-01-07;-26,81;-1,8;-0,37
2026-01-08;-27,03;-1,26;-0,4
2026-01-09;-27,45;-0,54;0,0
2026-01-12;-26,9;0,0;0,0
2026-01-13;-23,59;-0,14;-0,34
2026-01-14;-22,3;0,0;-0,46
2026-01-15;-23,41;-0,61;-0,26
2026-01-16;-23,43;-1,09;-0,26
2026-01-20;-29,21;0,0;-2,08
2026-01-21;-28,36;0,0;-0,94
2026-01-22;-28,29;0,0;-0,39
2026-01-23;-28,25;0,0;-0,15
2026-01-26;-29,25;0,0;0,0
2026-01-27;-28,58;0,0;0,0
2026-01-28;-28,51;0,0;-0,15
2026-01-29;-32,22;0,0;-0,24
2026-01-30;-32,56;-10,27;-1,06
2026-02-02;-36,92;-13,87;-0,51
2026-02-03;-39,37;-8,39;-1,03
2026-02-04;-41,47;-8,46;-1,41
2026-02-05;-49,74;-10,89;-2,62
2026-02-06;-43,44;-8,15;-0,53
2026-02-09;-43,79;-5,82;0,0
2026-02-10;-44,86;-6,76;-0,07
2026-02-11;-46,3;-5,7;0,0
2026-02-12;-46,92;-8,98;-1,39
2026-02-13;-44,8;-6,71;-1,2
2026-02-17;-45,9;-9,62;-1,16
2026-02-18;-46,75;-7,59;-0,73
2026-02-19;-46,33;-7,33;-0,93
2026-02-20;-45,49;-5,5;-0,05
2026-02-23;-48,2;-2,95;-0,98
2026-02-24;-48,63;-4,29;-0,26
2026-02-25;-45,52;-4,53;0,0
2026-02-26;-45,93;-3,71;-0,47
2026-02-27;-47,19;-2,45;-0,85
2026-03-02;-44,87;-1,19;-1,41
2026-03-03;-45,26;-5,6;-3,34
2026-03-04;-41,72;-4,86;-2,46
2026-03-05;-43,21;-6,0;-3,59
2026-03-06;-45,38;-4,52;-4,69
2026-03-09;-45,17;-4,71;-3,77
2026-03-10;-43,95;-3,64;-3,77
2026-03-11;-43,72;-3,96;-3,84
2026-03-12;-43,49;-5,85;-5,52
2026-03-13;-43,11;-7,07;-6,13
2026-03-16;-39,99;-7,15;-4,82
2026-03-17;-40,74;-7,39;-4,55
2026-03-18;-42,89;-10,32;-6,01
2026-03-19;-43,96;-14,01;-6,24
2026-03-20;-43,47;-16,64;-8,15
2026-03-23;-43,16;-18,52;-6,62
2026-03-24;-43,47;-18,51;-7,14
2026-03-25;-42,84;-16,05;-6,26
2026-03-26;-44,86;-19,21;-8,25
2026-03-27;-46,82;-16,37;-9,49
2026-03-30;-46,54;-16,4;-9,73
2026-03-31;-45,31;-13,23;-6,92
2026-04-01;-45,43;-11,71;-6,04
2026-04-02;-46,38;-13,41;-6,2
2026-04-06;-44,8;-13,76;-5,72
2026-04-07;-42,33;-12,92;-5,68
2026-04-08;-42,99;-12,38;-2,71
2026-04-09;-42,47;-11,69;-2,41
2026-04-10;-41,5;-11,85;-2,43
2026-04-13;-40,29;-12,21;-1,51
2026-04-14;-40,54;-10,25;-0,36
2026-04-15;-40,04;-11,18;0,0
2026-04-16;-39,76;-11,26;0,0
2026-04-17;-38,18;-10,08;0,0
2026-04-20;-39,18;-10,85;-0,32
2026-04-21;-38,8;-13,38;-1,43
2026-04-22;-37,31;-12,23;-0,48
2026-04-23;-37,26;-13,08;-1,09
2026-04-24;-37,91;-12,63;-0,27
2026-04-27;-37,98;-13,31;-0,26
2026-04-28;-38,8;-14,92;-0,85
2026-04-29;-39,26;-15,83;-1,17
2026-04-30;-38,84;-14,57;0,0
