date;BTC_vol_30d;GOLD_vol_30d;ETF_vol_30d
2014-09-17;;;
2014-09-18;;;
2014-09-19;;;
2014-09-22;;;
2014-09-23;;;
2014-09-24;;;
2014-09-25;;;
2014-09-26;;;
2014-09-29;;;
2014-09-30;;;
2014-10-01;;;
2014-10-02;;;
2014-10-03;;;
2014-10-06;;;
2014-10-07;;;
2014-10-08;;;
2014-10-09;;;
2014-10-10;;;
2014-10-13;;;
2014-10-14;;;
2014-10-15;;;
2014-10-16;;;
2014-10-17;;;
2014-10-20;;;
2014-10-21;;;
2014-10-22;;;
2014-10-23;;;
2014-10-24;;;
2014-10-27;;;
2014-10-28;;;
2014-10-29;67,61;10,23;16,09
2014-10-30;65,8;10,61;16,14
2014-10-31;63,13;12,2;16,64
2014-11-03;63,23;12,23;16,52
2014-11-04;57,46;12,03;16,48
2014-11-05;58,03;13,35;16,42
2014-11-06;58,57;13,29;15,71
2014-11-07;58,62;15,93;15,6
2014-11-10;59,14;17,05;15,51
2014-11-11;58,43;17,6;15,51
2014-11-12;73,27;17,54;15,02
2014-11-13;72,92;17,56;14,95
2014-11-14;73,72;18,42;14,88
2014-11-17;69,72;18,07;14,84
2014-11-18;70,46;18,24;14,17
2014-11-19;69,22;18,3;13,45
2014-11-20;70,91;18,58;11,51
2014-11-21;71,09;18,65;10,53
2014-11-24;70,57;18,48;10,16
2014-11-25;70,11;18,5;10,2
2014-11-26;70,17;18,46;9,78
2014-11-28;69,91;19,85;9,99
2014-12-01;69,94;23,26;9,74
2014-12-02;69,94;23,39;9,65
2014-12-03;70,07;23,62;8,87
2014-12-04;70,15;23,59;8,51
2014-12-05;67,65;23,77;8,03
2014-12-08;68,74;24,06;8,51
2014-12-09;69,07;24,84;8,53
2014-12-10;69,14;24,85;9,01
2014-12-11;66,71;24,48;8,91
2014-12-12;66,24;24,28;9,92
2014-12-15;66,25;24,61;9,46
2014-12-16;67,44;24,59;9,43
2014-12-17;67,72;24,67;10,76
2014-12-18;67,61;23,81;12,5
2014-12-19;67,32;23,85;12,53
2014-12-22;68,43;23,22;12,62
2014-12-23;65,03;22,24;12,61
2014-12-24;65,74;21,87;12,59
2014-12-26;46,94;22,42;12,6
2014-12-29;48,24;22,65;12,61
2014-12-30;46,31;21,8;12,76
2014-12-31;47,26;22,17;13,01
2015-01-02;46,74;22,05;12,82
2015-01-05;58,43;22,19;13,96
2015-01-06;58,42;22,23;14,2
2015-01-07;59,16;22,28;14,53
2015-01-08;54,82;22,31;15,32
2015-01-09;55,68;22,53;15,39
2015-01-12;59,21;22,72;15,37
2015-01-13;72,08;21,22;15,32
2015-01-14;91,3;17,91;15,28
2015-01-15;108,17;18,85;15,19
2015-01-16;108,2;18,98;15,62
2015-01-20;108,61;19,2;15,65
2015-01-21;111,26;18,69;15,83
2015-01-22;111,67;18,57;16,01
2015-01-23;111,61;17,99;16,08
2015-01-26;123,85;18,28;15,56
2015-01-27;124,08;18,47;15,71
2015-01-28;127,73;18,65;15,4
2015-01-29;127,71;18,15;15,23
2015-01-30;127,22;19,08;15,77
2015-02-02;128,36;19,18;15,46
2015-02-03;128,76;19,5;14,81
2015-02-04;128,5;19,46;14,91
2015-02-05;127,91;18,38;15,14
2015-02-06;128,19;20,16;15,34
2015-02-09;127,96;20,17;15,37
2015-02-10;127,74;19,67;15,53
2015-02-11;127,29;19,77;15,53
2015-02-12;127,42;19,42;15,81
2015-02-13;128,55;18,95;15,62
2015-02-17;129,08;19,63;15,59
2015-02-18;123,94;19,16;14,27
2015-02-19;123,36;18,89;13,8
2015-02-20;123,12;18,88;13,49
2015-02-23;122,8;18,85;12,92
2015-02-24;122,53;18,54;12,74
2015-02-25;120,49;18,26;12,55
2015-02-26;111,14;18,28;12,59
2015-02-27;92,24;18,28;12,5
2015-03-02;81,13;16,6;12,45
2015-03-03;80,99;16,03;12,3
2015-03-04;81,89;15,33;12,43
2015-03-05;79,62;15,31;12,3
2015-03-06;79,57;16,57;12,61
2015-03-09;81,13;16,57;12,46
2015-03-10;64,13;16,46;13,46
2015-03-11;63,11;15,87;13,31
2015-03-12;52,68;15,86;13,1
2015-03-13;53,81;14,96;13,0
2015-03-16;52,69;12,97;12,74
2015-03-17;51,58;12,9;12,25
2015-03-18;58,65;14,31;12,32
2015-03-19;58,75;14,17;12,47
2015-03-20;56,95;14,7;12,81
2015-03-23;56,84;13,08;12,51
2015-03-24;61,94;13,02;12,49
2015-03-25;61,92;12,97;12,73
2015-03-26;61,89;12,73;12,8
2015-03-27;61,93;12,74;12,29
2015-03-30;59,51;12,97;12,41
2015-03-31;58,86;12,11;12,77
2015-04-01;58,22;13,13;12,78
2015-04-02;58,39;13,11;12,91
2015-04-06;58,32;13,48;12,98
2015-04-07;58,04;13,57;12,97
2015-04-08;58,91;13,66;13,03
2015-04-09;58,91;13,76;13,08
2015-04-10;59,65;14,14;13,12
2015-04-13;57,13;14,28;13,2
2015-04-14;50,7;14,34;13,2
2015-04-15;50,67;14,57;13,17
2015-04-16;50,81;14,57;13,07
2015-04-17;50,86;14,64;13,63
2015-04-20;50,99;12,36;13,03
2015-04-21;49,47;12,44;13,04
2015-04-22;49,3;13,02;11,7
2015-04-23;49,08;12,99;11,7
2015-04-24;49,27;13,72;11,34
2015-04-27;48,79;14,83;11,1
2015-04-28;48,25;14,97;10,68
2015-04-29;48,21;15,04;10,87
2015-04-30;41,49;15,05;10,46
2015-05-01;41,24;15,09;10,37
2015-05-04;42,33;14,95;9,52
2015-05-05;41,91;14,86;10,28
2015-05-06;36,03;14,84;10,27
2015-05-07;37,41;15,02;9,75
2015-05-08;38,2;14,96;10,56
2015-05-11;38,22;14,97;10,77
2015-05-12;38,23;14,81;10,56
2015-05-13;38,45;15,66;10,04
2015-05-14;38,26;14,96;10,4
2015-05-15;37,58;14,95;10,31
2015-05-18;37,73;14,54;10,11
2015-05-19;37,69;15,04;10,12
2015-05-20;36,76;14,96;9,99
2015-05-21;36,79;14,84;9,99
2015-05-22;36,17;14,47;10,02
2015-05-26;33,31;14,95;10,7
2015-05-27;32,38;14,85;10,84
2015-05-28;31,91;14,62;10,75
2015-05-29;31,4;14,59;10,98
2015-06-01;35,32;14,51;10,36
2015-06-02;35,45;14,4;10,26
2015-06-03;32,53;14,43;10,27
2015-06-04;32,56;14,05;10,56
2015-06-05;32,42;13,94;10,61
2015-06-08;32,19;13,38;10,57
2015-06-09;32,1;11,95;10,58
2015-06-10;31,78;11,94;11,52
2015-06-11;31,79;11,85;11,45
2015-06-12;28,79;10,69;11,23
2015-06-15;29,66;10,71;10,97
2015-06-16;33,19;10,43;10,97
2015-06-17;33,03;10,49;10,37
2015-06-18;31,89;11,15;10,75
2015-06-19;31,12;10,88;10,9
2015-06-22;30,23;11,46;10,45
2015-06-23;30,33;11,57;10,33
2015-06-24;30,66;11,29;10,52
2015-06-25;30,19;9,84;10,52
2015-06-26;30,19;9,67;10,01
2015-06-29;34,04;9,74;12,29
2015-06-30;33,9;9,83;12,32
2015-07-01;34,35;9,13;12,51
2015-07-02;34,63;9,09;12,52
2015-07-06;37,56;9,14;12,8
2015-07-07;37,48;9,64;12,8
2015-07-08;37,31;8,86;13,48
2015-07-09;37,42;8,91;13,54
2015-07-10;40,5;8,91;15,08
2015-07-13;40,78;8,96;15,13
2015-07-14;36,23;8,97;15,25
2015-07-15;36,45;8,92;15,26
2015-07-16;37,8;8,78;15,38
2015-07-17;37,57;9,0;15,12
2015-07-20;37,64;11,68;15,01
2015-07-21;37,94;11,59;14,98
2015-07-22;37,92;11,55;15,05
2015-07-23;37,99;11,09;14,46
2015-07-24;39,52;11,66;14,72
2015-07-27;39,59;11,66;14,82
2015-07-28;39,1;11,54;15,22
2015-07-29;36,44;11,6;15,32
2015-07-30;36,45;11,52;15,32
2015-07-31;36,69;10,88;15,01
2015-08-03;36,43;10,96;14,95
2015-08-04;36,5;10,68;14,47
2015-08-05;36,53;10,62;14,52
2015-08-06;36,36;10,82;14,5
2015-08-07;36,34;10,91;14,49
2015-08-10;40,17;11,47;15,04
2015-08-11;37,49;11,5;13,62
2015-08-12;37,23;12,33;13,65
2015-08-13;36,97;12,48;13,53
2015-08-14;36,77;12,49;13,55
2015-08-17;34,37;12,48;13,1
2015-08-18;62,64;12,11;13,17
2015-08-19;66,57;12,78;12,04
2015-08-20;67,73;13,8;13,43
2015-08-21;65,18;13,92;14,09
2015-08-24;69,37;13,95;17,11
2015-08-25;71,68;14,39;16,86
2015-08-26;72,09;14,83;20,15
2015-08-27;71,83;14,81;21,16
2015-08-28;72,51;14,78;21,16
2015-08-31;72,5;12,32;21,2
2015-09-01;72,48;12,28;22,92
2015-09-02;72,48;12,27;23,72
2015-09-03;72,49;12,41;23,76
2015-09-04;71,2;12,19;24,11
2015-09-08;73,27;12,08;25,49
2015-09-09;73,4;12,72;25,25
2015-09-10;73,36;12,73;25,27
2015-09-11;73,44;12,47;25,3
2015-09-14;74,11;12,36;25,28
2015-09-15;74,1;12,15;25,54
2015-09-16;73,86;12,69;25,97
2015-09-17;73,89;12,89;25,91
2015-09-18;74,08;12,98;26,43
2015-09-21;74,26;13,17;26,47
2015-09-22;73,06;13,08;26,43
2015-09-23;72,66;13,05;26,26
2015-09-24;72,87;13,81;26,26
2015-09-25;72,87;13,7;26,3
2015-09-28;73,06;14,25;26,93
2015-09-29;72,67;14,3;26,92
2015-09-30;48,7;14,63;27,86
2015-10-01;44,0;14,06;27,82
2015-10-02;42,64;14,52;27,75
2015-10-05;42,62;14,38;27,09
2015-10-06;31,8;14,64;24,56
2015-10-07;28,84;14,18;24,69
2015-10-08;28,49;13,66;22,88
2015-10-09;28,43;14,37;22,07
2015-10-12;27,31;14,2;22,07
2015-10-13;27,54;14,25;22,16
2015-10-14;27,4;15,01;19,79
2015-10-15;27,45;14,99;19,71
2015-10-16;28,5;14,98;19,71
2015-10-19;28,39;15,01;18,79
2015-10-20;24,21;15,07;17,34
2015-10-21;23,42;14,77;17,15
2015-10-22;24,52;14,78;17,51
2015-10-23;24,54;14,78;17,7
2015-10-26;21,93;14,79;17,67
2015-10-27;22,71;14,72;17,62
2015-10-28;23,79;14,58;17,37
2015-10-29;24,44;14,63;17,4
2015-10-30;26,4;14,52;16,25
2015-11-02;35,06;14,53;16,48
2015-11-03;45,69;15,04;15,39
2015-11-04;45,27;15,22;15,36
2015-11-05;51,02;13,78;15,31
2015-11-06;52,74;14,23;15,41
2015-11-09;52,74;13,91;13,89
2015-11-10;64,54;13,88;13,87
2015-11-11;69,42;13,63;12,83
2015-11-12;72,88;13,63;13,49
2015-11-13;72,94;11,92;13,12
2015-11-16;73,47;11,96;12,53
2015-11-17;73,39;11,9;12,52
2015-11-18;73,14;11,93;12,57
2015-11-19;73,82;12,5;12,35
2015-11-20;74,13;11,35;12,35
2015-11-23;74,15;11,3;12,41
2015-11-24;74,33;11,41;12,0
2015-11-25;74,48;9,69;12,0
2015-11-27;78,09;9,98;11,06
2015-11-30;78,78;10,36;11,09
2015-12-01;80,19;10,54;11,4
2015-12-02;80,35;10,76;11,8
2015-12-03;80,08;11,42;12,14
2015-12-04;79,92;13,56;12,13
2015-12-07;83,08;13,9;11,95
2015-12-08;83,62;13,95;12,22
2015-12-09;83,52;13,87;12,22
2015-12-10;83,37;13,79;11,86
2015-12-11;86,1;13,81;12,97
2015-12-14;86,01;14,15;13,04
2015-12-15;82,5;14,1;12,92
2015-12-16;76,43;14,17;13,98
2015-12-17;76,3;15,21;14,46
2015-12-18;73,76;15,98;14,93
2015-12-21;75,08;15,82;15,17
2015-12-22;75,1;15,85;15,12
2015-12-23;65,94;15,86;15,74
2015-12-24;60,81;16,0;15,73
2015-12-28;61,54;16,14;15,35
2015-12-29;61,62;16,12;15,26
2015-12-30;61,51;16,25;14,93
2015-12-31;61,5;15,81;15,2
2016-01-04;61,42;16,34;15,56
2016-01-05;60,66;16,04;15,53
2016-01-06;60,49;16,52;15,99
2016-01-07;62,66;16,76;17,15
2016-01-08;62,7;16,76;17,3
2016-01-11;62,92;16,93;17,31
2016-01-12;59,17;16,6;17,52
2016-01-13;57,63;16,56;18,25
2016-01-14;56,16;17,27;18,59
2016-01-15;72,72;16,83;19,89
2016-01-19;73,72;16,6;19,96
2016-01-20;79,5;15,78;19,57
2016-01-21;75,92;15,26;19,73
2016-01-22;77,11;15,34;21,35
2016-01-25;77,46;15,56;21,63
2016-01-26;77,45;15,83;22,36
2016-01-27;72,83;15,8;21,85
2016-01-28;73,39;15,64;21,9
2016-01-29;71,74;15,6;22,68
2016-02-01;71,65;15,51;21,96
2016-02-02;71,66;13,81;22,4
2016-02-03;71,38;13,5;22,3
2016-02-04;71,94;13,57;22,16
2016-02-05;71,95;13,92;22,37
2016-02-08;72,32;14,11;22,12
2016-02-09;71,73;14,17;22,11
2016-02-10;69,09;13,84;22,14
2016-02-11;68,59;17,32;21,95
2016-02-12;68,65;17,21;22,84
2016-02-16;70,98;20,03;23,75
2016-02-17;71,25;19,82;24,04
2016-02-18;71,38;20,68;24,05
2016-02-19;71,36;20,69;23,7
2016-02-22;69,55;21,38;23,13
2016-02-23;70,39;21,54;23,29
2016-02-24;70,41;21,22;23,3
2016-02-25;69,92;21,05;23,43
2016-02-26;70,07;21,29;22,63
2016-02-29;70,13;20,58;22,31
2016-03-01;52,68;20,8;21,72
2016-03-02;52,27;20,76;21,72
2016-03-03;42,59;20,94;21,1
2016-03-04;42,67;20,99;21,11
2016-03-07;37,51;20,81;19,99
2016-03-08;36,97;20,92;19,73
2016-03-09;36,97;21,12;19,26
2016-03-10;36,95;21,43;19,05
2016-03-11;35,1;21,9;19,75
2016-03-14;35,37;22,43;18,93
2016-03-15;34,86;22,34;19,05
2016-03-16;34,87;23,01;17,93
2016-03-17;34,57;23,01;17,96
2016-03-18;32,47;22,92;17,96
2016-03-21;32,4;22,75;17,05
2016-03-22;30,6;22,49;16,09
2016-03-23;30,61;23,55;16,39
2016-03-24;30,5;23,48;16,43
2016-03-28;30,73;20,29;15,66
2016-03-29;31,27;20,96;15,25
2016-03-30;26,12;19,36;14,46
2016-03-31;25,38;19,33;13,91
2016-04-01;25,03;18,06;13,8
2016-04-04;25,13;18,08;13,86
2016-04-05;22,17;17,7;14,22
2016-04-06;19,04;17,27;13,67
2016-04-07;18,82;17,74;14,36
2016-04-08;18,89;17,74;14,34
2016-04-11;18,16;18,01;14,3
2016-04-12;17,84;17,64;14,46
2016-04-13;17,8;17,79;13,21
2016-04-14;16,18;18,12;13,15
2016-04-15;16,5;17,48;13,08
2016-04-18;14,57;17,48;13,11
2016-04-19;15,07;18,04;13,3
2016-04-20;15,42;18,05;12,77
2016-04-21;16,11;17,93;12,9
2016-04-22;16,39;17,64;12,89
2016-04-25;18,83;16,98;11,78
2016-04-26;18,34;16,59;11,76
2016-04-27;23,33;16,6;11,52
2016-04-28;23,43;16,24;11,68
2016-04-29;23,58;17,11;11,54
2016-05-02;23,23;17,12;11,65
2016-05-03;23,34;16,98;12,44
2016-05-04;23,4;17,1;12,74
2016-05-05;23,39;15,61;12,36
2016-05-06;24,27;15,71;12,36
2016-05-09;23,83;17,01;12,36
2016-05-10;24,04;16,21;12,68
2016-05-11;23,95;15,78;12,75
2016-05-12;23,95;15,98;12,67
2016-05-13;23,95;15,86;13,08
2016-05-16;23,97;15,68;13,51
2016-05-17;23,96;15,32;13,01
2016-05-18;23,94;16,12;12,56
2016-05-19;26,27;15,63;12,05
2016-05-20;26,28;15,63;11,82
2016-05-23;26,26;15,15;11,84
2016-05-24;26,24;15,94;11,9
2016-05-25;26,25;15,68;11,62
2016-05-26;26,31;15,18;11,63
2016-05-27;28,86;15,2;11,62
2016-05-31;44,88;15,26;11,45
2016-06-01;44,81;14,47;11,1
2016-06-02;44,8;14,43;11,11
2016-06-03;47,09;16,61;11,06
2016-06-06;47,18;16,17;11,21
2016-06-07;47,07;16,15;11,2
2016-06-08;47,06;16,67;11,21
2016-06-09;44,67;16,72;11,42
2016-06-10;44,68;15,84;12,23
2016-06-13;75,76;14,93;12,54
2016-06-14;75,93;14,9;12,52
2016-06-15;75,93;15,04;11,88
2016-06-16;79,71;15,26;11,56
2016-06-17;80,5;15,69;11,59
2016-06-20;81,06;15,58;12,25
2016-06-21;87,34;15,44;12,28
2016-06-22;93,52;15,42;11,59
2016-06-23;94,06;15,27;12,5
2016-06-24;95,31;20,79;20,26
2016-06-27;95,63;20,8;20,7
2016-06-28;95,81;21,1;21,41
2016-06-29;95,99;21,11;22,02
2016-06-30;96,58;20,4;22,35
2016-07-01;95,48;20,73;22,29
2016-07-05;95,73;20,77;22,55
2016-07-06;95,68;20,72;22,54
2016-07-07;97,77;19,92;22,22
2016-07-08;98,06;19,85;22,54
2016-07-11;98,84;20,11;22,67
2016-07-12;98,49;20,67;22,82
2016-07-13;93,17;20,74;22,8
2016-07-14;93,17;20,96;22,86
2016-07-15;93,15;21,0;22,87
2016-07-18;91,99;19,66;22,87
2016-07-19;91,78;19,65;22,87
2016-07-20;91,7;20,22;22,9
2016-07-21;91,72;20,25;22,9
2016-07-22;91,93;20,39;22,8
2016-07-25;91,93;20,52;22,17
2016-07-26;65,81;20,46;21,89
2016-07-27;65,4;20,92;21,74
2016-07-28;65,28;20,88;21,74
2016-07-29;57,3;20,74;21,77
2016-08-01;60,87;20,48;21,82
2016-08-02;66,28;20,44;21,61
2016-08-03;62,09;19,55;21,59
2016-08-04;54,56;19,54;21,59
2016-08-05;52,71;20,26;21,02
2016-08-08;49,45;14,57;13,22
2016-08-09;49,34;14,54;11,62
2016-08-10;49,34;14,2;10,27
2016-08-11;49,28;14,34;9,12
2016-08-12;46,49;14,29;8,53
2016-08-15;47,24;13,6;8,56
2016-08-16;47,71;13,46;7,66
2016-08-17;47,52;13,34;7,67
2016-08-18;45,2;13,38;7,57
2016-08-19;43,3;13,48;6,66
2016-08-22;43,22;13,22;6,35
2016-08-23;42,34;12,3;5,84
2016-08-24;42,21;12,41;5,99
2016-08-25;42,12;12,22;5,84
2016-08-26;42,03;12,18;5,95
2016-08-29;41,67;12,19;6,01
2016-08-30;41,77;12,51;5,85
2016-08-31;41,73;11,82;5,79
2016-09-01;41,72;10,98;5,78
2016-09-02;41,5;11,2;6,11
2016-09-06;45,46;12,0;6,28
2016-09-07;45,52;12,02;6,29
2016-09-08;45,9;11,19;6,38
2016-09-09;45,91;11,32;9,45
2016-09-12;46,33;10,88;9,86
2016-09-13;40,5;10,99;11,11
2016-09-14;28,04;10,73;10,97
2016-09-15;26,6;10,79;11,4
2016-09-16;26,02;10,77;11,55
2016-09-19;25,93;9,58;11,42
2016-09-20;24,76;9,59;11,46
2016-09-21;25,33;10,47;12,26
2016-09-22;25,26;10,39;12,43
2016-09-23;25,39;10,2;12,46
2016-09-26;25,46;10,18;12,72
2016-09-27;23,14;10,35;12,77
2016-09-28;22,69;10,26;12,85
2016-09-29;22,53;10,26;13,21
2016-09-30;22,57;10,16;13,33
2016-10-03;22,58;9,89;13,3
2016-10-04;22,03;13,97;13,35
2016-10-05;21,93;13,96;13,45
2016-10-06;21,83;13,87;13,42
2016-10-07;21,79;13,88;13,46
2016-10-10;21,79;13,97;13,47
2016-10-11;23,53;13,96;14,01
2016-10-12;23,75;13,77;14,0
2016-10-13;23,67;13,81;14,01
2016-10-14;23,52;13,77;13,97
2016-10-17;23,57;13,38;13,77
2016-10-18;16,26;12,4;13,87
2016-10-19;16,62;12,6;13,92
2016-10-20;15,69;12,56;13,91
2016-10-21;15,61;12,5;12,13
2016-10-24;16,61;12,5;11,72
2016-10-25;16,64;12,68;10,47
2016-10-26;18,63;12,67;10,57
2016-10-27;18,68;12,61;10,13
2016-10-28;18,65;12,72;9,95
2016-10-31;18,97;12,74;9,92
2016-11-01;21,59;12,91;10,02
2016-11-02;20,44;12,32;8,97
2016-11-03;30,35;12,42;8,63
2016-11-04;30,67;12,42;8,54
2016-11-07;30,69;13,38;10,33
2016-11-08;30,62;13,29;10,33
2016-11-09;30,77;13,28;10,18
2016-11-10;31,13;13,86;9,76
2016-11-11;31,15;15,07;9,63
2016-11-14;31,77;15,18;9,64
2016-11-15;31,7;12,07;9,95
2016-11-16;33,79;12,08;9,83
2016-11-17;33,9;11,89;9,95
2016-11-18;33,98;12,1;9,98
2016-11-21;34,63;12,1;10,15
2016-11-22;33,63;12,05;9,36
2016-11-23;33,68;13,18;9,4
2016-11-25;33,77;13,16;9,35
2016-11-28;33,99;13,61;9,43
2016-11-29;33,96;13,58;9,4
2016-11-30;33,99;13,77;9,1
2016-12-01;33,7;13,55;9,15
2016-12-02;34,22;13,75;9,16
2016-12-05;35,44;13,74;9,37
2016-12-06;34,53;13,75;9,46
2016-12-07;34,53;13,54;10,2
2016-12-08;33,63;13,51;10,08
2016-12-09;33,49;13,63;10,09
2016-12-12;33,52;13,59;10,08
2016-12-13;33,34;13,47;10,26
2016-12-14;31,41;13,54;10,77
2016-12-15;31,24;13,38;10,46
2016-12-16;22,56;13,47;10,43
2016-12-19;22,07;13,67;10,24
2016-12-20;22,1;13,09;8,61
2016-12-21;24,58;13,16;8,58
2016-12-22;25,88;13,13;8,59
2016-12-23;30,73;12,87;8,52
2016-12-27;30,67;11,85;8,3
2016-12-28;31,51;11,81;8,41
2016-12-29;31,75;12,23;8,1
2016-12-30;30,63;12,28;8,0
2017-01-03;37,65;12,57;8,17
2017-01-04;46,56;12,47;8,25
2017-01-05;60,72;13,32;8,07
2017-01-06;70,08;13,45;8,03
2017-01-09;69,94;12,48;8,03
2017-01-10;69,86;12,43;8,0
2017-01-11;82,37;12,07;7,96
2017-01-12;82,86;12,03;7,97
2017-01-13;83,01;11,33;7,89
2017-01-17;87,64;11,96;7,79
2017-01-18;87,87;12,22;7,85
2017-01-19;87,41;12,09;7,77
2017-01-20;87,48;12,09;7,72
2017-01-23;87,71;12,16;6,73
2017-01-24;88,41;12,24;6,86
2017-01-25;88,41;12,07;7,27
2017-01-26;88,46;12,41;7,22
2017-01-27;88,46;12,35;6,96
2017-01-30;88,46;11,46;6,21
2017-01-31;89,43;11,05;6,21
2017-02-01;89,48;11,09;6,15
2017-02-02;89,57;11,1;6,15
2017-02-03;89,6;10,73;6,27
2017-02-06;89,1;11,17;6,34
2017-02-07;88,82;11,16;6,31
2017-02-08;87,11;11,2;6,33
2017-02-09;89,46;11,58;6,39
2017-02-10;88,6;11,58;6,18
2017-02-13;88,59;11,44;6,26
2017-02-14;88,54;11,19;6,19
2017-02-15;84,99;11,08;5,99
2017-02-16;79,11;11,11;5,62
2017-02-17;70,65;10,47;5,59
2017-02-21;64,59;10,13;5,66
2017-02-22;64,58;9,94;5,57
2017-02-23;65,42;10,13;5,56
2017-02-24;46,88;10,22;5,53
2017-02-27;46,54;10,38;5,51
2017-02-28;46,58;10,37;5,64
2017-03-01;38,86;9,65;6,4
2017-03-02;37,68;10,05;6,73
2017-03-03;37,74;10,04;6,63
2017-03-06;37,64;10,26;6,69
2017-03-07;40,03;10,39;6,77
2017-03-08;43,38;10,47;6,76
2017-03-09;43,97;10,3;6,2
2017-03-10;48,33;9,92;6,31
2017-03-13;55,74;9,91;6,31
2017-03-14;55,68;9,98;6,25
2017-03-15;54,11;10,63;7,01
2017-03-16;56,59;10,64;7,01
2017-03-17;60,95;10,55;7,03
2017-03-20;62,17;10,6;6,91
2017-03-21;64,66;10,17;7,46
2017-03-22;67,22;10,16;7,44
2017-03-23;67,29;10,02;7,43
2017-03-24;70,61;9,75;7,37
2017-03-27;78,23;9,85;7,31
2017-03-28;78,23;9,71;7,3
2017-03-29;78,21;9,72;7,29
2017-03-30;78,33;9,91;7,19
2017-03-31;79,13;9,81;7,24
2017-04-03;81,22;9,86;7,23
2017-04-04;79,14;9,87;7,14
2017-04-05;79,19;9,87;7,19
2017-04-06;79,56;9,62;7,19
2017-04-07;79,57;9,46;7,16
2017-04-10;79,59;9,35;7,16
2017-04-11;79,69;10,24;7,08
2017-04-12;79,04;10,38;6,15
2017-04-13;79,1;9,64;6,18
2017-04-17;79,14;9,71;6,56
2017-04-18;79,28;9,44;6,66
2017-04-19;78,44;9,52;6,67
2017-04-20;76,37;9,22;6,97
2017-04-21;75,87;8,97;6,99
2017-04-24;73,73;9,35;8,1
2017-04-25;67,65;9,97;8,25
2017-04-26;67,71;9,79;8,06
2017-04-27;68,13;8,53;7,34
2017-04-28;66,33;8,51;7,33
2017-05-01;65,57;9,0;7,35
2017-05-02;63,82;8,94;7,39
2017-05-03;62,11;9,54;6,82
2017-05-04;58,27;9,93;6,82
2017-05-05;57,85;9,95;7,03
2017-05-08;53,92;9,95;7,08
2017-05-09;45,89;9,89;7,09
2017-05-10;45,63;9,84;7,02
2017-05-11;45,21;9,9;7,05
2017-05-12;50,99;9,76;7,04
2017-05-15;50,44;9,77;7,1
2017-05-16;48,38;9,73;7,1
2017-05-17;49,61;11,11;8,52
2017-05-18;49,15;11,37;8,46
2017-05-19;49,21;11,41;8,91
2017-05-22;53,33;11,46;8,93
2017-05-23;54,84;11,61;8,92
2017-05-24;55,46;10,84;8,92
2017-05-25;59,76;10,62;8,86
2017-05-26;61,29;10,87;8,55
2017-05-30;62,09;10,87;8,36
2017-05-31;62,67;10,84;8,2
2017-06-01;62,89;10,56;8,32
2017-06-02;62,9;10,77;8,2
2017-06-05;64,18;10,74;8,19
2017-06-06;65,11;11,04;7,22
2017-06-07;68,48;10,72;7,03
2017-06-08;68,34;10,84;6,98
2017-06-09;68,6;11,12;7,1
2017-06-12;72,49;11,09;7,14
2017-06-13;70,59;10,76;7,25
2017-06-14;76,34;10,88;7,26
2017-06-15;77,02;10,13;7,4
2017-06-16;76,92;9,63;7,44
2017-06-19;76,96;9,92;7,39
2017-06-20;72,85;9,92;7,77
2017-06-21;73,31;9,75;7,77
2017-06-22;73,35;9,78;7,75
2017-06-23;73,12;9,79;7,74
2017-06-26;76,45;10,17;7,75
2017-06-27;76,58;10,2;7,74
2017-06-28;76,44;10,13;8,03
2017-06-29;75,58;8,71;7,14
2017-06-30;76,11;8,43;7,16
2017-07-03;75,39;9,49;6,57
2017-07-05;71,12;9,46;6,49
2017-07-06;68,76;9,33;6,88
2017-07-07;68,1;9,61;6,94
2017-07-10;68,19;9,64;6,92
2017-07-11;66,97;9,2;6,93
2017-07-12;67,14;9,29;7,36
2017-07-13;65,9;9,16;7,34
2017-07-14;65,89;9,55;7,16
2017-07-17;65,04;9,36;7,02
2017-07-18;61,63;9,64;7,02
2017-07-19;58,09;8,92;7,11
2017-07-20;91,01;8,88;7,11
2017-07-21;92,09;9,16;7,14
2017-07-24;92,57;8,8;7,04
2017-07-25;92,95;8,84;7,01
2017-07-26;92,89;9,17;6,89
2017-07-27;91,37;9,03;6,91
2017-07-28;92,18;9,19;6,68
2017-07-31;92,21;9,19;6,63
2017-08-01;93,58;8,88;6,5
2017-08-02;92,49;8,88;5,97
2017-08-03;92,89;8,86;6,03
2017-08-04;93,28;9,14;6,03
2017-08-07;104,56;9,07;6,03
2017-08-08;99,61;8,69;6,11
2017-08-09;99,98;9,28;5,95
2017-08-10;99,98;9,48;7,13
2017-08-11;101,63;9,38;6,56
2017-08-14;112,33;9,63;6,98
2017-08-15;113,34;8,53;7,0
2017-08-16;113,61;8,68;7,09
2017-08-17;113,84;8,72;7,82
2017-08-18;114,06;8,03;7,76
2017-08-21;113,03;8,04;7,74
2017-08-22;112,56;8,26;8,05
2017-08-23;112,58;8,27;7,69
2017-08-24;112,19;8,33;7,67
2017-08-25;109,99;8,12;7,56
2017-08-28;109,9;9,08;7,56
2017-08-29;109,96;9,04;7,55
2017-08-30;109,48;9,04;7,42
2017-08-31;88,83;9,49;7,63
2017-09-01;86,35;9,29;7,64
2017-09-05;93,79;9,65;7,98
2017-09-06;90,94;9,76;8,07
2017-09-07;90,4;9,9;8,1
2017-09-08;94,46;9,92;8,08
2017-09-11;94,35;10,83;8,47
2017-09-12;94,53;10,83;8,53
2017-09-13;94,88;11,13;8,55
2017-09-14;111,32;11,11;8,55
2017-09-15;118,86;11,28;8,52
2017-09-18;122,67;11,39;8,52
2017-09-19;114,51;11,37;8,53
2017-09-20;114,56;11,68;8,47
2017-09-21;116,45;11,46;8,52
2017-09-22;116,44;11,33;7,19
2017-09-25;116,54;11,65;7,36
2017-09-26;103,35;11,93;7,01
2017-09-27;105,47;12,04;6,99
2017-09-28;104,65;11,87;6,9
2017-09-29;104,6;11,87;5,68
2017-10-02;105,21;12,01;5,68
2017-10-03;104,72;11,95;5,73
2017-10-04;104,79;11,92;5,36
2017-10-05;104,92;11,95;5,35
2017-10-06;104,24;12,02;5,38
2017-10-09;107,41;12,22;5,39
2017-10-10;107,41;11,27;5,51
2017-10-11;106,76;11,31;5,49
2017-10-12;112,66;11,32;5,49
2017-10-13;112,78;10,99;5,31
2017-10-16;112,4;11,12;5,3
2017-10-17;107,58;10,65;4,64
2017-10-18;106,97;10,62;4,54
2017-10-19;107,0;10,26;4,51
2017-10-20;104,19;10,36;4,53
2017-10-23;104,13;9,72;4,22
2017-10-24;106,67;9,67;4,11
2017-10-25;104,74;9,5;4,18
2017-10-26;85,3;9,58;4,19
2017-10-27;76,64;9,69;4,49
2017-10-30;71,73;9,42;4,53
2017-10-31;71,09;9,42;4,57
2017-11-01;71,22;9,27;4,57
2017-11-02;66,28;9,04;4,46
2017-11-03;65,93;9,0;4,45
2017-11-06;65,12;8,81;4,21
2017-11-07;64,55;8,29;4,16
2017-11-08;62,58;7,92;4,17
2017-11-09;64,74;7,99;4,51
2017-11-10;69,84;8,21;4,36
2017-11-13;69,01;7,98;4,41
2017-11-14;68,22;8,0;4,36
2017-11-15;71,82;7,97;4,64
2017-11-16;73,67;7,8;5,34
2017-11-17;74,6;8,43;5,35
2017-11-20;72,68;8,92;5,32
2017-11-21;73,23;8,9;5,51
2017-11-22;73,19;9,26;5,49
2017-11-24;65,56;9,29;5,52
2017-11-27;82,73;9,09;5,63
2017-11-28;82,72;8,87;6,02
2017-11-29;82,55;8,84;6,15
2017-11-30;82,36;9,05;6,26
2017-12-01;83,67;8,96;6,31
2017-12-04;83,99;8,82;6,31
2017-12-05;83,25;9,03;6,19
2017-12-06;92,84;8,99;6,23
2017-12-07;112,44;9,72;6,14
2017-12-08;117,25;9,45;6,31
2017-12-11;116,04;9,37;6,16
2017-12-12;115,9;9,35;6,12
2017-12-13;119,01;9,7;6,1
2017-12-14;119,16;9,63;6,33
2017-12-15;119,57;9,66;6,41
2017-12-18;120,2;9,68;6,86
2017-12-19;122,82;9,33;6,94
2017-12-20;126,06;9,32;6,93
2017-12-21;128,14;9,27;6,96
2017-12-22;134,16;9,32;6,76
2017-12-26;136,56;9,24;6,74
2017-12-27;136,78;9,29;6,7
2017-12-28;140,41;9,38;6,64
2017-12-29;138,91;9,53;6,41
2018-01-02;138,13;10,09;6,34
2018-01-03;137,49;9,59;6,36
2018-01-04;137,03;8,82;6,55
2018-01-05;139,0;8,84;6,47
2018-01-08;146,46;8,5;6,47
2018-01-09;147,41;8,59;6,47
2018-01-10;138,73;8,54;6,38
2018-01-11;143,16;8,57;6,3
2018-01-12;143,11;8,92;6,31
2018-01-16;153,52;8,5;6,35
2018-01-17;152,6;8,92;6,45
2018-01-18;151,78;8,87;6,38
2018-01-19;151,7;8,55;6,23
2018-01-22;140,77;8,48;6,23
2018-01-23;117,7;7,24;6,23
2018-01-24;117,46;7,73;6,19
2018-01-25;117,07;7,97;6,26
2018-01-26;116,48;7,98;6,66
2018-01-29;115,84;8,13;7,45
2018-01-30;118,93;8,26;7,96
2018-01-31;116,6;8,36;7,95
2018-02-01;115,66;8,34;7,71
2018-02-02;114,86;9,45;10,25
2018-02-05;127,12;9,45;15,7
2018-02-06;133,19;10,1;16,85
2018-02-07;129,43;10,18;17,21
2018-02-08;121,62;10,03;19,69
2018-02-09;123,6;10,02;20,02
2018-02-12;122,68;10,01;20,44
2018-02-13;122,76;9,97;20,44
2018-02-14;127,12;10,55;20,86
2018-02-15;129,16;10,5;21,06
2018-02-16;128,81;10,49;20,97
2018-02-20;128,55;11,26;21,03
2018-02-21;124,56;11,34;21,06
2018-02-22;125,33;11,34;21,06
2018-02-23;125,43;11,33;21,38
2018-02-26;122,17;11,32;21,52
2018-02-27;121,91;11,16;21,84
2018-02-28;110,77;11,14;22,07
2018-03-01;111,58;10,92;22,16
2018-03-02;111,4;11,03;22,23
2018-03-05;112,05;10,95;22,32
2018-03-06;112,58;11,4;22,26
2018-03-07;114,79;11,45;22,22
2018-03-08;115,11;10,82;22,26
2018-03-09;115,1;10,69;22,65
2018-03-12;115,14;10,68;22,38
2018-03-13;115,05;10,6;22,33
2018-03-14;114,7;10,54;22,19
2018-03-15;114,63;10,47;22,18
2018-03-16;110,77;10,41;22,18
2018-03-19;110,69;9,77;21,5
2018-03-20;90,44;9,8;18,02
2018-03-21;84,8;10,66;16,94
2018-03-22;84,94;10,63;17,99
2018-03-23;81,71;11,24;15,99
2018-03-26;83,2;11,29;17,05
2018-03-27;83,92;11,41;17,1
2018-03-28;83,45;12,04;17,09
2018-03-29;81,92;10,89;16,8
2018-04-02;78,44;11,46;17,34
2018-04-03;80,43;11,62;17,69
2018-04-04;74,0;10,95;17,71
2018-04-05;72,7;10,97;17,82
2018-04-06;71,23;10,95;18,42
2018-04-09;70,8;10,99;18,07
2018-04-10;70,88;10,99;18,41
2018-04-11;70,13;10,72;17,94
2018-04-12;81,57;11,3;17,73
2018-04-13;79,55;11,41;17,35
2018-04-16;79,79;11,32;17,36
2018-04-17;78,21;11,3;17,34
2018-04-18;77,3;10,89;17,3
2018-04-19;74,88;10,73;17,34
2018-04-20;75,96;10,95;17,45
2018-04-23;76,0;11,21;16,99
2018-04-24;79,85;11,3;17,17
2018-04-25;84,08;11,45;17,09
2018-04-26;79,59;11,49;17,29
2018-04-27;80,3;11,41;17,3
2018-04-30;80,61;11,59;17,37
2018-05-01;80,24;11,75;17,12
2018-05-02;79,8;11,68;17,14
2018-05-03;81,24;10,56;17,14
2018-05-04;80,9;10,53;15,86
2018-05-07;81,56;9,75;14,96
2018-05-08;78,31;9,59;13,38
2018-05-09;76,81;9,47;12,71
2018-05-10;77,51;8,88;12,99
2018-05-11;74,2;8,89;12,47
2018-05-14;74,37;8,21;10,76
2018-05-15;73,68;9,15;10,82
2018-05-16;69,37;9,13;10,72
2018-05-17;70,26;9,06;10,57
2018-05-18;69,66;8,91;9,31
2018-05-21;69,66;8,83;9,36
2018-05-22;71,33;8,77;8,31
2018-05-23;73,76;8,37;8,21
2018-05-24;62,92;8,29;8,17
2018-05-25;63,04;8,01;8,19
2018-05-29;62,71;7,98;9,23
2018-05-30;62,53;7,99;9,78
2018-05-31;61,81;7,98;9,85
2018-06-01;61,62;8,05;10,26
2018-06-04;58,05;7,83;10,12
2018-06-05;58,22;7,68;10,12
2018-06-06;51,61;7,51;9,98
2018-06-07;45,67;7,32;10,11
2018-06-08;42,76;7,29;9,89
2018-06-11;49,33;7,18;9,91
2018-06-12;49,31;6,95;9,73
2018-06-13;49,82;6,73;9,75
2018-06-14;52,62;6,75;9,64
2018-06-15;49,2;8,09;9,74
2018-06-18;51,79;8,05;9,6
2018-06-19;51,57;8,05;9,82
2018-06-20;51,65;8,11;9,84
2018-06-21;51,33;8,1;9,95
2018-06-22;56,8;7,82;9,61
2018-06-25;55,53;7,85;10,38
2018-06-26;54,23;7,9;10,37
2018-06-27;54,46;6,69;10,45
2018-06-28;55,17;6,72;10,48
2018-06-29;57,8;6,84;10,61
2018-07-02;60,96;7,3;10,6
2018-07-03;60,44;8,02;10,38
2018-07-05;59,79;8,12;10,65
2018-07-06;57,57;8,1;10,88
2018-07-09;57,67;7,65;11,21
2018-07-10;60,0;7,63;11,18
2018-07-11;60,15;8,12;10,81
2018-07-12;60,46;8,25;10,48
2018-07-13;60,28;8,29;10,34
2018-07-16;65,2;8,23;9,92
2018-07-17;70,1;8,67;9,83
2018-07-18;69,97;8,53;9,83
2018-07-19;70,07;8,53;9,5
2018-07-20;70,2;8,86;9,48
2018-07-23;71,58;8,86;9,46
2018-07-24;70,37;8,82;9,53
2018-07-25;69,33;9,07;9,95
2018-07-26;68,97;9,12;10,01
2018-07-27;68,01;9,09;10,05
2018-07-30;66,96;7,99;10,03
2018-07-31;68,16;8,1;9,96
2018-08-01;68,56;8,27;9,76
2018-08-02;68,65;8,31;9,75
2018-08-03;68,87;8,44;9,49
2018-08-06;65,45;8,42;9,4
2018-08-07;65,82;8,47;8,35
2018-08-08;68,4;8,48;8,35
2018-08-09;69,33;8,38;7,78
2018-08-10;70,45;8,36;8,59
2018-08-13;68,97;9,18;8,73
2018-08-14;66,52;8,85;8,74
2018-08-15;66,65;9,25;9,47
2018-08-16;66,47;9,11;9,49
2018-08-17;67,44;9,71;9,35
2018-08-20;68,43;9,83;8,98
2018-08-21;66,54;9,93;9,06
2018-08-22;66,71;9,6;8,31
2018-08-23;66,56;9,74;8,02
2018-08-24;66,98;11,17;8,3
2018-08-27;63,21;11,25;8,71
2018-08-28;58,66;11,06;8,66
2018-08-29;58,65;11,17;8,79
2018-08-30;58,56;11,19;9,07
2018-08-31;58,48;10,98;9,1
2018-09-04;58,3;10,99;9,26
2018-09-05;55,36;11,06;9,29
2018-09-06;55,79;10,93;8,85
2018-09-07;55,43;10,75;8,85
2018-09-10;54,68;10,74;8,84
2018-09-11;54,64;10,75;8,85
2018-09-12;53,35;11,02;8,83
2018-09-13;53,98;10,87;9,04
2018-09-14;53,98;10,92;9,04
2018-09-17;54,61;10,99;9,03
2018-09-18;51,82;10,9;9,26
2018-09-19;51,25;10,94;9,2
2018-09-20;47,69;10,96;9,59
2018-09-21;47,12;11,12;9,54
2018-09-24;44,15;11,12;8,94
2018-09-25;44,47;10,21;8,72
2018-09-26;44,22;10,33;8,67
2018-09-27;44,64;9,45;7,79
2018-09-28;44,68;9,61;7,63
2018-10-01;43,37;9,26;7,57
2018-10-02;41,57;9,74;7,62
2018-10-03;40,86;9,78;7,53
2018-10-04;40,63;9,76;8,18
2018-10-05;40,06;9,36;8,24
2018-10-08;39,22;8,48;7,93
2018-10-09;38,53;8,39;7,35
2018-10-10;37,39;8,13;11,01
2018-10-11;39,86;11,01;11,61
2018-10-12;39,86;11,0;12,19
2018-10-15;42,78;11,14;12,23
2018-10-16;40,32;11,02;13,73
2018-10-17;33,74;11,0;13,68
2018-10-18;31,93;10,99;14,35
2018-10-19;31,81;10,95;14,36
2018-10-22;31,16;10,98;14,34
2018-10-23;31,16;11,08;14,4
2018-10-24;31,15;10,86;16,22
2018-10-25;30,24;10,82;16,72
2018-10-26;30,23;10,62;17,0
2018-10-29;29,08;10,64;17,04
2018-10-30;28,78;10,73;17,53
2018-10-31;28,76;10,84;17,91
2018-11-01;28,34;11,4;18,21
2018-11-02;26,51;11,17;18,2
2018-11-05;25,94;11,21;18,25
2018-11-06;25,17;11,26;18,3
2018-11-07;25,27;11,12;19,22
2018-11-08;24,08;10,77;19,31
2018-11-09;24,21;11,23;19,41
2018-11-12;24,13;11,43;19,94
2018-11-13;24,1;10,93;19,97
2018-11-14;36,97;11,12;19,97
2018-11-15;36,83;11,12;20,11
2018-11-16;36,73;11,29;20,11
2018-11-19;50,59;10,73;20,49
2018-11-20;55,12;10,74;21,03
2018-11-21;56,74;10,73;19,71
2018-11-23;57,08;7,74;19,23
2018-11-26;66,52;7,62;19,39
2018-11-27;63,96;7,55;19,35
2018-11-28;74,36;7,63;19,36
2018-11-29;74,54;7,68;19,38
2018-11-30;75,83;7,69;18,84
2018-12-03;75,86;8,0;19,2
2018-12-04;76,23;8,14;20,88
2018-12-06;80,9;7,97;20,8
2018-12-07;80,67;8,28;19,95
2018-12-10;81,55;8,32;19,5
2018-12-11;81,36;8,29;19,12
2018-12-12;82,09;8,21;19,27
2018-12-13;82,38;8,12;18,81
2018-12-14;82,22;8,03;19,06
2018-12-17;88,28;7,4;18,95
2018-12-18;89,84;7,42;18,95
2018-12-19;90,05;7,62;19,2
2018-12-20;96,37;8,72;19,17
2018-12-21;96,94;8,85;18,62
2018-12-24;98,59;9,28;19,01
2018-12-26;99,29;8,6;22,43
2018-12-27;99,81;8,37;22,05
2018-12-28;103,11;8,38;22,06
2018-12-31;100,52;8,17;22,15
2019-01-02;102,3;8,18;21,89
2019-01-03;102,42;8,29;22,25
2019-01-04;96,41;8,77;24,09
2019-01-07;94,33;8,77;23,63
2019-01-08;93,74;8,87;23,57
2019-01-09;92,4;8,95;23,67
2019-01-10;87,94;9,19;23,3
2019-01-11;87,89;8,9;23,31
2019-01-14;81,01;8,88;22,5
2019-01-15;81,11;8,93;22,69
2019-01-16;79,34;8,88;22,68
2019-01-17;78,9;8,76;22,44
2019-01-18;78,75;9,17;21,18
2019-01-22;71,85;9,19;21,49
2019-01-23;71,31;8,98;20,73
2019-01-24;71,01;8,92;20,71
2019-01-25;70,65;9,73;20,92
2019-01-28;71,35;9,74;20,84
2019-01-29;69,77;9,74;20,84
2019-01-30;69,45;9,65;20,59
2019-01-31;64,01;9,55;20,01
2019-02-01;62,8;9,61;20,02
2019-02-04;62,68;9,5;19,45
2019-02-05;54,13;8,59;19,15
2019-02-06;51,93;8,76;18,09
2019-02-07;49,66;8,28;17,44
2019-02-08;53,16;8,23;14,43
2019-02-11;50,91;8,19;14,47
2019-02-12;45,94;8,14;14,74
2019-02-13;44,02;8,25;14,74
2019-02-14;40,91;8,37;14,75
2019-02-15;40,25;8,15;13,63
2019-02-19;48,23;8,76;10,72
2019-02-20;46,71;8,78;10,67
2019-02-21;46,82;9,45;10,68
2019-02-22;46,98;9,34;10,54
2019-02-25;40,0;9,14;10,52
2019-02-26;40,09;9,14;10,38
2019-02-27;40,08;9,43;10,19
2019-02-28;39,54;9,58;10,14
2019-03-01;39,52;10,81;10,18
2019-03-04;40,29;10,83;10,16
2019-03-05;41,47;10,51;9,82
2019-03-06;41,15;10,47;9,01
2019-03-07;41,08;10,46;9,67
2019-03-08;41,11;10,91;9,73
2019-03-11;41,11;10,16;9,95
2019-03-12;39,42;10,26;9,67
2019-03-13;39,32;10,34;9,74
2019-03-14;39,27;10,71;9,03
2019-03-15;39,12;10,81;9,12
2019-03-18;39,29;10,8;9,17
2019-03-19;39,11;10,77;9,08
2019-03-20;39,09;10,92;9,04
2019-03-21;39,05;10,8;9,08
2019-03-22;39,0;10,8;10,61
2019-03-25;32,78;10,97;10,6
2019-03-26;32,7;10,97;10,71
2019-03-27;33,33;11,07;10,32
2019-03-28;33,3;11,75;10,34
2019-03-29;33,22;11,62;10,44
2019-04-01;33,33;11,5;10,6
2019-04-02;54,16;10,54;10,59
2019-04-03;54,23;10,54;10,63
2019-04-04;54,19;10,15;10,58
2019-04-05;54,36;10,06;10,51
2019-04-08;54,39;10,18;10,5
2019-04-09;54,7;10,3;10,66
2019-04-10;54,71;10,17;10,66
2019-04-11;57,37;10,7;10,65
2019-04-12;57,33;9,49;10,72
2019-04-15;56,53;9,47;10,66
2019-04-16;56,43;9,82;10,65
2019-04-17;56,42;9,82;10,49
2019-04-18;56,36;9,83;9,87
2019-04-22;56,27;9,24;9,8
2019-04-23;56,48;9,16;9,26
2019-04-24;57,14;9,01;9,47
2019-04-25;59,51;8,72;9,39
2019-04-26;59,49;8,37;9,39
2019-04-29;59,69;8,33;9,18
2019-04-30;59,71;8,39;9,08
2019-05-01;59,71;8,51;9,36
2019-05-02;59,73;8,27;9,36
2019-05-03;60,19;8,47;9,61
2019-05-06;60,25;8,44;7,66
2019-05-07;59,67;8,15;9,32
2019-05-08;59,73;8,07;9,14
2019-05-09;59,87;8,02;9,16
2019-05-10;59,83;6,95;9,29
2019-05-13;85,12;7,57;11,74
2019-05-14;85,08;7,49;11,49
2019-05-15;72,21;7,42;11,57
2019-05-16;74,1;7,7;11,71
2019-05-17;77,77;7,92;11,88
2019-05-20;80,5;7,92;11,9
2019-05-21;80,02;7,81;12,24
2019-05-22;80,87;7,62;12,21
2019-05-23;80,91;7,93;12,49
2019-05-24;78,66;7,06;12,62
2019-05-28;81,53;7,13;12,58
2019-05-29;81,6;7,12;12,64
2019-05-30;83,21;6,89;12,73
2019-05-31;83,2;7,84;12,94
2019-06-03;84,99;8,77;12,97
2019-06-04;87,86;8,77;13,98
2019-06-05;87,69;8,71;13,91
2019-06-06;87,25;8,72;13,98
2019-06-07;85,47;8,8;14,37
2019-06-10;85,69;9,28;14,38
2019-06-11;85,76;9,16;14,39
2019-06-12;85,82;9,22;14,46
2019-06-13;85,82;9,01;14,39
2019-06-14;86,63;8,88;14,43
2019-06-17;87,67;8,82;14,06
2019-06-18;88,35;8,87;14,41
2019-06-19;88,36;8,95;13,52
2019-06-20;88,37;11,13;13,87
2019-06-21;89,36;11,18;13,8
2019-06-24;91,38;11,7;13,72
2019-06-25;69,61;11,52;11,65
2019-06-26;74,25;11,98;11,41
2019-06-27;87,19;11,99;11,4
2019-06-28;90,23;11,62;11,28
2019-07-01;99,1;13,01;11,15
2019-07-02;96,75;14,06;10,92
2019-07-03;100,49;13,97;10,79
2019-07-05;103,42;14,55;10,82
2019-07-08;107,78;14,74;10,32
2019-07-09;107,79;14,74;10,28
2019-07-10;106,38;15,06;9,86
2019-07-11;108,69;15,43;9,58
2019-07-12;107,91;15,42;9,56
2019-07-15;111,01;15,13;8,87
2019-07-16;117,35;15,04;9,06
2019-07-17;115,6;15,61;8,28
2019-07-18;118,51;15,97;8,31
2019-07-19;118,69;16,76;8,52
2019-07-22;118,91;16,74;8,08
2019-07-23;119,85;16,52;8,13
2019-07-24;119,85;16,51;8,13
2019-07-25;119,74;16,71;8,28
2019-07-26;119,8;16,66;8,32
2019-07-29;119,6;16,71;8,18
2019-07-30;117,95;16,69;8,37
2019-07-31;118,35;17,24;8,12
2019-08-01;118,49;18,39;8,44
2019-08-02;118,34;17,12;8,12
2019-08-05;121,95;17,45;11,66
2019-08-06;120,1;17,11;12,24
2019-08-07;118,95;17,58;12,13
2019-08-08;115,05;17,3;12,93
2019-08-09;107,12;17,35;13,0
2019-08-12;103,04;17,49;13,27
2019-08-13;94,24;16,44;13,8
2019-08-14;96,87;15,53;15,91
2019-08-15;91,72;15,58;15,76
2019-08-16;88,64;15,27;16,38
2019-08-19;82,73;15,62;16,59
2019-08-20;82,42;15,69;16,63
2019-08-21;83,5;15,26;16,76
2019-08-22;81,48;15,01;16,74
2019-08-23;80,97;15,8;17,63
2019-08-26;77,79;15,8;17,91
2019-08-27;67,69;15,56;17,91
2019-08-28;68,68;15,13;17,96
2019-08-29;62,24;14,98;18,25
2019-08-30;62,28;14,2;18,22
2019-09-03;69,63;14,57;18,24
2019-09-04;68,36;14,39;18,62
2019-09-05;68,28;16,38;18,9
2019-09-06;68,61;16,45;18,8
2019-09-09;68,59;16,54;18,74
2019-09-10;68,02;16,75;18,74
2019-09-11;68,0;16,79;18,83
2019-09-12;66,82;16,21;18,67
2019-09-13;66,26;15,06;18,49
2019-09-16;66,23;15,14;18,32
2019-09-17;55,14;14,66;15,89
2019-09-18;54,69;14,65;15,65
2019-09-19;53,2;14,02;15,64
2019-09-20;53,17;14,36;15,19
2019-09-23;54,39;14,39;15,04
2019-09-24;62,06;14,21;14,74
2019-09-25;61,25;15,14;14,19
2019-09-26;58,61;15,0;11,17
2019-09-27;58,22;14,92;11,36
2019-09-30;58,2;15,46;10,81
2019-10-01;55,61;15,21;11,19
2019-10-02;55,74;15,43;12,16
2019-10-03;53,72;15,47;12,16
2019-10-04;53,7;15,45;12,52
2019-10-07;52,86;14,49;10,86
2019-10-08;52,87;14,75;11,33
2019-10-09;54,83;14,45;11,54
2019-10-10;53,68;14,62;11,69
2019-10-11;53,91;14,57;11,89
2019-10-14;53,86;14,63;11,93
2019-10-15;42,54;14,06;12,07
2019-10-16;42,63;14,03;11,51
2019-10-17;42,83;12,31;11,13
2019-10-18;42,73;12,08;11,18
2019-10-21;44,42;12,1;11,36
2019-10-22;44,39;11,88;11,41
2019-10-23;47,75;11,77;11,24
2019-10-24;46,81;11,94;11,2
2019-10-25;67,19;11,69;11,22
2019-10-28;70,5;11,72;11,25
2019-10-29;70,77;11,73;11,26
2019-10-30;71,04;11,7;11,26
2019-10-31;70,99;12,0;11,3
2019-11-01;71,02;11,49;11,55
2019-11-04;70,06;11,39;11,57
2019-11-05;61,28;12,15;11,37
2019-11-06;61,02;11,04;11,38
2019-11-07;59,52;11,89;11,38
2019-11-08;61,5;11,93;11,19
2019-11-11;61,54;11,11;11,21
2019-11-12;61,54;11,01;10,54
2019-11-13;61,54;10,48;9,01
2019-11-14;61,44;10,47;8,85
2019-11-15;61,9;10,48;8,59
2019-11-18;62,26;10,28;8,41
2019-11-19;62,37;9,91;7,14
2019-11-20;61,26;9,9;7,16
2019-11-21;62,72;9,72;6,97
2019-11-22;63,41;9,61;6,02
2019-11-25;63,52;9,59;6,15
2019-11-26;63,48;9,54;5,63
2019-11-27;64,71;9,46;5,66
2019-11-29;65,33;9,66;6,07
2019-12-02;67,19;9,66;6,34
2019-12-03;66,33;10,01;6,31
2019-12-04;66,16;9,97;6,44
2019-12-05;63,55;9,94;6,4
2019-12-06;63,65;10,06;6,69
2019-12-09;43,77;10,01;6,79
2019-12-10;37,89;9,81;6,64
2019-12-11;37,07;10,02;6,71
2019-12-12;36,95;9,91;7,08
2019-12-13;37,05;9,51;7,03
2019-12-16;38,44;9,5;6,76
2019-12-17;38,78;9,49;6,71
2019-12-18;49,68;8,28;6,71
2019-12-19;49,6;8,21;6,7
2019-12-20;49,69;6,82;6,64
2019-12-23;48,61;6,56;6,64
2019-12-24;48,61;6,97;6,56
2019-12-26;48,51;7,23;6,64
2019-12-27;48,63;7,2;6,61
2019-12-30;48,64;7,14;6,96
2019-12-31;48,36;7,07;6,78
2020-01-02;48,62;7,28;7,28
2020-01-03;51,26;8,06;7,82
2020-01-06;53,88;8,44;7,64
2020-01-07;53,93;8,15;7,71
2020-01-08;52,14;8,56;7,78
2020-01-09;52,33;8,62;7,66
2020-01-10;53,16;8,66;7,73
2020-01-13;51,9;8,84;7,91
2020-01-14;56,46;8,79;7,61
2020-01-15;53,44;8,83;7,24
2020-01-16;53,61;8,6;7,1
2020-01-17;53,62;8,55;6,97
2020-01-21;53,88;8,54;7,3
2020-01-22;53,97;7,8;7,08
2020-01-23;54,57;7,77;6,95
2020-01-24;54,19;7,84;7,51
2020-01-27;55,86;7,83;9,44
2020-01-28;57,2;8,33;9,48
2020-01-29;57,32;8,35;9,46
2020-01-30;54,94;8,35;9,24
2020-01-31;53,27;8,38;10,62
2020-02-03;47,17;8,75;10,81
2020-02-04;47,24;9,79;11,88
2020-02-05;48,49;9,79;12,16
2020-02-06;48,43;9,84;12,16
2020-02-07;48,25;9,57;12,34
2020-02-10;47,83;9,39;12,33
2020-02-11;48,35;9,48;12,4
2020-02-12;48,23;9,5;12,34
2020-02-13;48,11;9,59;12,44
2020-02-14;46,52;9,45;12,12
2020-02-18;45,86;9,41;11,88
2020-02-19;46,99;9,1;11,92
2020-02-20;45,24;9,1;12,03
2020-02-21;44,99;9,6;12,21
2020-02-24;44,12;9,55;15,69
2020-02-25;44,62;11,12;17,23
2020-02-26;47,93;10,82;17,03
2020-02-27;41,38;10,8;19,52
2020-02-28;41,54;15,43;19,61
2020-03-02;41,96;15,48;22,11
2020-03-03;41,5;17,87;22,88
2020-03-04;41,07;17,86;26,26
2020-03-05;42,33;18,76;27,51
2020-03-06;41,13;18,77;27,82
2020-03-09;56,65;18,74;34,72
2020-03-10;54,06;19,86;37,59
2020-03-11;51,63;19,68;39,84
2020-03-12;118,14;22,99;47,96
2020-03-13;124,19;24,63;53,33
2020-03-16;126,6;24,72;61,44
2020-03-17;127,72;25,06;64,77
2020-03-18;127,82;25,42;66,03
2020-03-19;138,96;25,92;65,95
2020-03-20;138,84;26,3;66,12
2020-03-23;139,39;29,44;66,12
2020-03-24;140,38;32,65;71,33
2020-03-25;139,77;32,92;72,02
2020-03-26;139,7;33,09;74,09
2020-03-27;139,92;33,14;74,35
2020-03-30;139,79;33,14;74,83
2020-03-31;139,83;34,28;74,82
2020-04-01;139,7;34,35;75,54
2020-04-02;140,09;34,67;76,02
2020-04-03;140,02;34,42;76,04
2020-04-06;142,3;35,27;78,27
2020-04-07;142,09;34,89;78,05
2020-04-08;141,42;34,99;78,48
2020-04-09;141,42;35,77;78,08
2020-04-13;142,5;34,2;78,06
2020-04-14;142,29;34,22;77,8
2020-04-15;142,47;33,22;77,82
2020-04-16;144,17;33,22;76,77
2020-04-17;143,69;33,23;76,83
2020-04-20;143,88;33,28;76,77
2020-04-21;138,77;33,35;74,08
2020-04-22;139,13;33,16;73,15
2020-04-23;139,68;33,21;71,54
2020-04-24;83,27;30,8;65,08
2020-04-27;77,44;29,26;62,03
2020-04-28;70,04;29,0;51,62
2020-04-29;76,85;28,88;49,23
2020-04-30;77,38;28,75;45,65
2020-05-01;59,86;27,91;46,64
2020-05-04;59,8;27,75;45,29
2020-05-05;59,43;25,09;44,69
2020-05-06;58,61;21,54;38,97
2020-05-07;61,0;21,43;38,47
2020-05-08;61,38;21,31;35,86
2020-05-11;72,24;21,31;34,53
2020-05-12;72,15;21,3;34,62
2020-05-13;73,06;18,9;34,8
2020-05-14;73,75;18,88;31,62
2020-05-15;75,35;18,47;31,28
2020-05-18;75,61;18,68;31,95
2020-05-19;73,0;17,22;27,41
2020-05-20;73,26;17,09;27,69
2020-05-21;74,99;17,48;27,19
2020-05-22;74,9;15,93;26,96
2020-05-26;73,17;15,76;27,23
2020-05-27;73,6;15,59;26,52
2020-05-28;72,98;15,56;25,24
2020-05-29;71,09;15,7;25,24
2020-06-01;73,53;14,58;24,37
2020-06-02;75,76;14,62;23,92
2020-06-03;75,67;15,5;21,87
2020-06-04;75,39;14,71;21,36
2020-06-05;75,11;15,51;21,98
2020-06-08;75,09;15,85;22,01
2020-06-09;74,8;16,01;22,08
2020-06-10;74,77;16,48;22,15
2020-06-11;68,1;16,56;27,24
2020-06-12;67,97;15,63;27,03
2020-06-15;67,73;15,56;25,65
2020-06-16;67,76;15,54;25,94
2020-06-17;67,77;15,5;25,95
2020-06-18;67,34;15,01;25,85
2020-06-19;63,86;14,69;25,82
2020-06-22;64,84;14,65;25,6
2020-06-23;52,68;14,64;25,59
2020-06-24;53,42;14,69;26,11
2020-06-25;51,26;14,48;25,76
2020-06-26;49,14;14,32;26,58
2020-06-29;47,66;14,25;26,69
2020-06-30;45,92;14,08;25,07
2020-07-01;46,04;13,92;24,84
2020-07-02;45,76;13,91;24,56
2020-07-06;44,39;13,24;24,79
2020-07-07;44,49;13,25;25,14
2020-07-08;43,25;12,48;24,8
2020-07-09;42,13;12,55;24,75
2020-07-10;40,66;12,61;24,81
2020-07-13;40,59;12,49;25,02
2020-07-14;33,29;12,49;25,0
2020-07-15;28,09;12,27;24,97
2020-07-16;27,79;11,22;24,69
2020-07-17;27,37;11,09;24,62
2020-07-20;27,17;8,92;23,88
2020-07-21;27,86;9,02;23,68
2020-07-22;28,3;9,53;23,52
2020-07-23;28,25;9,07;23,73
2020-07-24;23,06;8,72;16,61
2020-07-27;49,53;9,93;16,44
2020-07-28;49,6;9,87;16,6
2020-07-29;49,71;9,81;16,29
2020-07-30;49,61;10,38;16,46
2020-07-31;49,6;10,31;16,49
2020-08-03;49,41;10,16;16,54
2020-08-04;48,55;11,3;16,4
2020-08-05;50,04;11,32;16,44
2020-08-06;48,62;11,32;14,55
2020-08-07;48,94;12,77;14,51
2020-08-10;48,81;12,99;12,96
2020-08-11;50,78;21,28;12,85
2020-08-12;50,66;21,38;13,36
2020-08-13;50,72;22,13;13,37
2020-08-14;50,46;22,24;13,29
2020-08-17;51,05;22,88;12,39
2020-08-18;51,43;22,92;11,71
2020-08-19;51,99;25,07;11,66
2020-08-20;51,5;25,06;11,42
2020-08-21;52,32;25,2;11,28
2020-08-24;52,24;25,32;11,1
2020-08-25;53,69;25,31;10,7
2020-08-26;53,55;25,45;10,61
2020-08-27;53,78;25,55;10,44
2020-08-28;53,86;25,86;10,55
2020-08-31;53,83;25,86;10,64
2020-09-01;53,87;25,71;10,82
2020-09-02;56,14;25,79;11,15
2020-09-03;64,42;25,83;14,24
2020-09-04;64,72;25,74;14,19
2020-09-08;48,07;25,1;15,65
2020-09-09;48,2;25,14;16,43
2020-09-10;48,04;25,06;16,76
2020-09-11;48,06;24,97;16,65
2020-09-14;48,41;24,93;16,93
2020-09-15;48,51;24,94;16,79
2020-09-16;48,76;24,11;16,78
2020-09-17;46,54;23,95;16,78
2020-09-18;46,52;23,56;17,0
2020-09-21;47,97;23,81;17,43
2020-09-22;47,4;23,82;17,47
2020-09-23;46,75;19,12;18,25
2020-09-24;48,98;19,13;17,59
2020-09-25;48,65;17,7;17,92
2020-09-28;48,67;17,99;18,55
2020-09-29;47,11;16,91;18,44
2020-09-30;46,81;16,66;18,49
2020-10-01;46,7;14,39;18,56
2020-10-02;46,53;14,21;18,69
2020-10-05;46,61;14,14;19,3
2020-10-06;46,51;14,44;19,3
2020-10-07;45,59;14,43;19,7
2020-10-08;46,02;14,0;19,69
2020-10-09;46,05;14,68;19,83
2020-10-12;47,52;13,74;19,99
2020-10-13;47,51;14,38;20,01
2020-10-14;46,91;14,42;19,91
2020-10-15;44,92;14,03;19,66
2020-10-16;33,09;13,88;17,5
2020-10-19;33,89;13,85;17,69
2020-10-20;31,81;13,93;16,22
2020-10-21;37,81;13,81;15,29
2020-10-22;37,8;14,05;14,6
2020-10-23;37,9;14,05;14,61
2020-10-26;37,48;13,81;15,11
2020-10-27;38,99;13,85;15,02
2020-10-28;40,28;14,49;17,61
2020-10-29;40,22;14,47;17,75
2020-10-30;40,16;14,55;17,72
2020-11-02;37,16;13,74;17,58
2020-11-03;37,63;13,77;18,32
2020-11-04;35,93;12,14;18,33
2020-11-05;43,29;13,73;19,08
2020-11-06;43,11;13,67;18,91
2020-11-09;43,76;18,83;18,83
2020-11-10;43,98;18,69;18,78
2020-11-11;43,86;18,65;18,85
2020-11-12;43,54;18,54;19,17
2020-11-13;43,33;18,66;19,24
2020-11-16;43,39;18,6;19,01
2020-11-17;43,79;18,31;18,66
2020-11-18;43,74;18,39;18,63
2020-11-19;43,97;18,36;18,56
2020-11-20;44,71;17,53;18,49
2020-11-23;44,9;18,35;18,25
2020-11-24;44,68;18,32;18,51
2020-11-25;45,72;18,27;18,42
2020-11-27;54,66;18,36;18,33
2020-11-30;66,19;18,41;18,81
2020-12-01;68,28;19,6;18,79
2020-12-02;68,29;19,69;18,78
2020-12-03;65,94;19,7;18,72
2020-12-04;67,71;19,54;18,8
2020-12-07;67,65;20,09;18,86
2020-12-08;69,81;20,13;17,91
2020-12-09;69,14;20,67;18,06
2020-12-10;68,62;20,17;14,65
2020-12-11;68,94;20,16;14,75
2020-12-14;70,75;20,15;14,41
2020-12-15;70,66;20,38;14,49
2020-12-16;74,68;20,38;13,88
2020-12-17;76,34;20,64;12,93
2020-12-18;71,95;19,42;12,08
2020-12-21;72,3;19,41;12,35
2020-12-22;72,25;14,71;11,84
2020-12-23;72,93;14,8;11,85
2020-12-24;72,87;14,79;11,69
2020-12-28;81,37;14,73;11,14
2020-12-29;81,27;14,63;10,63
2020-12-30;81,91;14,8;10,18
2020-12-31;81,28;14,79;10,11
2021-01-04;84,82;15,96;9,89
2021-01-05;85,45;15,94;10,15
2021-01-06;87,01;16,73;10,11
2021-01-07;87,16;15,6;10,38
2021-01-08;87,11;18,12;9,89
2021-01-11;97,26;18,13;10,36
2021-01-12;93,93;17,9;10,3
2021-01-13;89,48;17,83;9,4
2021-01-14;87,62;16,82;8,7
2021-01-15;91,14;17,11;9,43
2021-01-19;91,99;17,13;9,69
2021-01-20;90,87;17,74;9,98
2021-01-21;101,49;17,22;9,91
2021-01-22;100,77;17,34;10,09
2021-01-25;101,45;16,59;9,75
2021-01-26;100,97;16,6;9,86
2021-01-27;103,69;16,7;12,45
2021-01-28;105,45;16,62;12,56
2021-01-29;105,4;16,1;13,52
2021-02-01;103,59;16,26;14,34
2021-02-02;103,14;16,3;14,64
2021-02-03;103,73;16,3;14,54
2021-02-04;103,73;17,37;14,44
2021-02-05;103,57;17,55;14,45
2021-02-08;116,9;17,71;14,52
2021-02-09;117,03;17,69;14,51
2021-02-10;112,88;17,72;14,46
2021-02-11;113,66;17,83;14,49
2021-02-12;113,54;17,65;14,5
2021-02-16;113,56;17,98;14,5
2021-02-17;111,54;16,64;14,37
2021-02-18;111,0;16,57;14,4
2021-02-19;110,91;16,22;14,35
2021-02-22;110,53;16,98;14,49
2021-02-23;114,95;13,95;14,29
2021-02-24;107,4;13,94;14,08
2021-02-25;107,72;14,71;15,57
2021-02-26;104,8;16,09;15,79
2021-03-01;105,68;16,09;17,15
2021-03-02;104,13;15,94;16,97
2021-03-03;104,12;15,86;17,09
2021-03-04;104,93;14,98;17,16
2021-03-05;95,5;15,0;17,7
2021-03-08;95,36;15,09;17,82
2021-03-09;95,16;16,65;18,51
2021-03-10;95,08;16,8;18,53
2021-03-11;91,59;16,76;17,32
2021-03-12;89,06;16,74;17,22
2021-03-15;89,96;16,85;16,09
2021-03-16;89,14;16,52;15,45
2021-03-17;88,51;16,47;15,08
2021-03-18;88,38;16,51;15,65
2021-03-19;87,94;15,49;15,53
2021-03-22;90,94;15,15;15,51
2021-03-23;68,99;14,85;15,71
2021-03-24;70,08;14,86;15,86
2021-03-25;69,55;14,77;15,93
2021-03-26;69,53;14,7;16,63
2021-03-29;70,43;14,99;16,57
2021-03-30;70,03;15,21;16,56
2021-03-31;68,22;15,74;16,57
2021-04-01;68,1;16,25;16,89
2021-04-05;64,17;16,18;17,17
2021-04-06;63,64;15,7;16,87
2021-04-07;57,15;15,71;16,88
2021-04-08;57,96;16,09;16,9
2021-04-09;55,3;15,3;15,45
2021-04-12;55,14;13,68;15,18
2021-04-13;54,17;13,81;13,84
2021-04-14;53,41;13,8;13,66
2021-04-15;52,38;14,14;13,31
2021-04-16;51,57;13,82;12,36
2021-04-19;59,66;13,88;12,04
2021-04-20;56,69;13,43;12,2
2021-04-21;56,64;12,37;11,55
2021-04-22;57,4;12,53;11,75
2021-04-23;56,56;12,6;11,58
2021-04-26;59,21;12,6;11,54
2021-04-27;59,05;12,61;11,5
2021-04-28;58,86;12,62;11,49
2021-04-29;58,15;12,56;11,48
2021-04-30;62,48;12,47;11,07
2021-05-03;62,5;12,94;11,09
2021-05-04;62,7;13,15;11,5
2021-05-05;66,53;12,95;10,88
2021-05-06;65,83;13,7;10,56
2021-05-07;65,57;13,78;10,73
2021-05-10;63,4;13,78;10,41
2021-05-11;62,03;13,15;10,73
2021-05-12;72,73;12,37;12,46
2021-05-13;72,87;11,8;12,64
2021-05-14;72,88;11,57;12,89
2021-05-17;81,05;11,86;12,54
2021-05-18;81,05;11,75;12,57
2021-05-19;88,96;11,66;12,64
2021-05-20;93,79;11,41;12,95
2021-05-21;96,23;11,04;12,9
2021-05-24;96,61;10,74;13,04
2021-05-25;94,13;10,83;12,99
2021-05-26;94,75;10,7;13,0
2021-05-27;94,64;9,96;12,73
2021-05-28;95,99;9,91;12,71
2021-06-01;93,8;9,91;12,66
2021-06-02;94,11;9,93;12,2
2021-06-03;94,87;11,54;12,1
2021-06-04;95,57;11,6;12,19
2021-06-07;98,41;11,48;11,83
2021-06-08;96,26;11,58;11,82
2021-06-09;102,99;11,56;11,85
2021-06-10;102,98;11,57;11,92
2021-06-11;103,24;12,08;11,92
2021-06-14;103,16;12,2;11,55
2021-06-15;103,25;11,82;11,55
2021-06-16;102,54;12,72;11,35
2021-06-17;99,29;15,63;11,34
2021-06-18;100,24;14,85;11,87
2021-06-21;104,02;15,07;12,08
2021-06-22;104,74;15,05;11,75
2021-06-23;105,51;15,05;11,47
2021-06-24;100,01;14,82;9,63
2021-06-25;102,27;14,8;9,47
2021-06-28;106,33;14,49;8,47
2021-06-29;101,32;14,21;8,44
2021-06-30;101,42;14,31;8,49
2021-07-01;94,04;14,37;8,36
2021-07-02;88,86;14,46;7,86
2021-07-06;85,57;14,57;7,98
2021-07-07;84,81;14,62;7,73
2021-07-08;85,13;14,28;8,46
2021-07-09;85,27;14,36;9,22
2021-07-12;85,22;14,35;9,23
2021-07-13;82,84;14,29;9,3
2021-07-14;82,4;14,73;9,27
2021-07-15;82,42;14,62;9,37
2021-07-16;81,19;13,81;9,52
2021-07-19;79,74;13,37;10,15
2021-07-20;76,03;13,27;10,68
2021-07-21;79,49;13,28;11,11
2021-07-22;71,57;13,32;11,09
2021-07-23;72,51;13,21;11,14
2021-07-26;79,53;12,9;11,14
2021-07-27;77,95;12,86;11,3
2021-07-28;78,06;12,96;11,36
2021-07-29;76,5;12,49;11,27
2021-07-30;77,96;8,81;11,4
2021-08-02;78,91;8,63;10,62
2021-08-03;71,1;7,94;10,29
2021-08-04;71,6;7,82;10,28
2021-08-05;71,32;7,92;10,3
2021-08-06;72,04;10,85;10,15
2021-08-09;69,31;11,91;10,1
2021-08-10;66,09;11,91;10,1
2021-08-11;65,47;12,29;10,13
2021-08-12;65,58;12,2;10,03
2021-08-13;66,54;12,88;10,0
2021-08-16;68,1;12,82;9,94
2021-08-17;69,06;12,74;10,25
2021-08-18;68,82;12,69;10,45
2021-08-19;68,41;12,71;10,04
2021-08-20;69,43;12,66;9,43
2021-08-23;68,81;13,18;9,84
2021-08-24;69,97;13,17;9,86
2021-08-25;69,99;12,9;9,86
2021-08-26;70,59;12,91;9,97
2021-08-27;70,72;13,38;10,01
2021-08-30;71,92;13,46;8,77
2021-08-31;70,6;13,47;8,3
2021-09-01;68,47;13,42;7,87
2021-09-02;68,44;13,44;7,89
2021-09-03;68,06;13,74;7,74
2021-09-07;65,19;14,91;7,76
2021-09-08;63,97;14,92;7,65
2021-09-09;63,91;14,9;7,64
2021-09-10;64,85;14,57;7,73
2021-09-13;63,02;14,45;7,57
2021-09-14;60,15;14,59;7,81
2021-09-15;59,47;14,68;7,73
2021-09-16;58,79;16,04;7,75
2021-09-17;58,65;16,02;8,2
2021-09-20;63,88;14,47;9,64
2021-09-21;60,58;13,55;9,68
2021-09-22;64,14;13,62;10,07
2021-09-23;64,77;13,49;10,55
2021-09-24;65,73;13,5;10,58
2021-09-27;61,72;12,81;10,55
2021-09-28;61,34;12,97;11,97
2021-09-29;61,03;13,01;11,7
2021-09-30;63,09;14,13;11,72
2021-10-01;68,27;14,13;11,92
2021-10-04;66,57;14,21;12,27
2021-10-05;68,02;13,76;12,17
2021-10-06;70,09;13,8;12,07
2021-10-07;70,49;13,74;12,54
2021-10-08;69,17;13,73;12,43
2021-10-11;70,4;12,9;12,14
2021-10-12;69,63;12,96;12,09
2021-10-13;69,8;14,03;12,34
2021-10-14;69,33;14,05;12,9
2021-10-15;72,1;14,75;13,12
2021-10-18;72,08;14,35;13,1
2021-10-19;69,12;13,3;13,35
2021-10-20;68,78;13,54;13,28
2021-10-21;71,72;13,48;13,26
2021-10-22;71,33;13,52;13,13
2021-10-25;71,71;13,63;13,13
2021-10-26;72,62;13,68;12,99
2021-10-27;73,42;13,59;12,98
2021-10-28;73,74;11,76;13,18
2021-10-29;73,66;12,05;12,84
2021-11-01;67,46;11,97;11,63
2021-11-02;65,07;11,86;11,64
2021-11-03;63,14;12,06;11,5
2021-11-04;63,82;11,97;11,15
2021-11-05;61,72;12,45;11,09
2021-11-08;66,73;12,47;11,06
2021-11-09;65,82;12,05;9,17
2021-11-10;67,19;12,17;9,66
2021-11-11;66,38;11,29;9,29
2021-11-12;61,7;11,29;9,22
2021-11-15;61,88;11,3;8,2
2021-11-16;63,29;11,45;7,98
2021-11-17;59,84;11,65;8,11
2021-11-18;61,7;11,56;7,67
2021-11-19;61,92;11,88;7,78
2021-11-22;59,82;13,76;7,79
2021-11-23;59,68;13,99;7,76
2021-11-24;59,67;13,01;7,57
2021-11-26;61,29;12,99;9,99
2021-11-29;61,79;12,12;10,05
2021-11-30;61,84;12,27;10,82
2021-12-01;60,81;12,29;10,93
2021-12-02;60,19;12,12;11,76
2021-12-03;59,74;12,37;11,98
2021-12-06;61,36;12,26;12,39
2021-12-07;59,98;12,12;13,92
2021-12-08;59,01;11,94;13,94
2021-12-09;60,39;12,03;14,06
2021-12-10;59,02;12,11;13,92
2021-12-13;58,13;11,88;14,2
2021-12-14;58,06;12,08;14,19
2021-12-15;59,01;12,14;14,68
2021-12-16;59,21;12,39;14,6
2021-12-17;59,39;11,97;14,82
2021-12-20;59,77;11,38;15,0
2021-12-21;51,74;11,31;15,82
2021-12-22;51,75;11,57;16,09
2021-12-23;53,73;11,1;15,99
2021-12-27;53,71;10,97;16,27
2021-12-28;55,82;10,98;16,16
2021-12-29;55,99;10,99;16,15
2021-12-30;54,88;11,08;16,15
2021-12-31;54,87;10,92;16,13
2022-01-03;52,98;11,71;16,21
2022-01-04;52,39;11,78;16,17
2022-01-05;53,44;9,84;16,78
2022-01-06;52,65;10,16;16,79
2022-01-07;53,14;10,25;16,79
2022-01-10;52,03;10,26;15,17
2022-01-11;46,04;10,8;15,34
2022-01-12;47,31;10,58;14,8
2022-01-13;47,61;10,61;14,98
2022-01-14;47,99;10,5;14,45
2022-01-18;46,36;10,28;15,15
2022-01-19;44,06;11,15;14,98
2022-01-20;44,34;11,17;13,65
2022-01-21;52,46;11,24;14,35
2022-01-24;50,79;11,12;14,23
2022-01-25;51,01;11,1;14,29
2022-01-26;51,02;12,18;14,12
2022-01-27;51,19;12,47;14,11
2022-01-28;48,96;12,45;14,46
2022-01-31;49,27;12,06;15,8
2022-02-01;48,87;12,05;15,75
2022-02-02;49,88;12,02;15,62
2022-02-03;47,64;12,03;15,83
2022-02-04;59,98;11,72;15,62
2022-02-07;60,92;11,9;15,46
2022-02-08;61,0;11,91;15,26
2022-02-09;58,64;11,86;16,06
2022-02-10;58,46;11,93;16,53
2022-02-11;58,66;12,97;17,3
2022-02-14;58,5;12,91;17,3
2022-02-15;60,18;12,37;18,1
2022-02-16;60,21;12,53;18,14
2022-02-17;62,63;12,99;18,37
2022-02-18;62,67;12,33;18,45
2022-02-22;63,02;12,31;18,66
2022-02-23;63,34;12,33;18,98
2022-02-24;63,56;12,18;18,59
2022-02-25;63,35;12,24;19,81
2022-02-28;69,6;12,45;19,58
2022-03-01;69,93;13,26;20,03
2022-03-02;69,8;13,72;20,12
2022-03-03;70,4;13,14;20,23
2022-03-04;73,72;13,7;20,51
2022-03-07;67,45;14,06;21,78
2022-03-08;67,6;15,74;21,78
2022-03-09;71,57;18,47;23,62
2022-03-10;74,05;17,6;23,67
2022-03-11;74,25;17,21;23,93
2022-03-14;74,35;17,94;23,38
2022-03-15;74,26;18,98;23,0
2022-03-16;75,35;19,01;25,14
2022-03-17;73,94;19,02;25,27
2022-03-18;74,09;19,27;24,94
2022-03-21;66,26;19,33;24,91
2022-03-22;64,8;19,47;25,18
2022-03-23;64,88;19,76;25,26
2022-03-24;65,27;19,82;25,05
2022-03-25;65,08;19,82;24,73
2022-03-28;66,87;20,03;24,12
2022-03-29;66,87;19,99;24,5
2022-03-30;65,75;19,84;24,06
2022-03-31;66,37;19,67;24,51
2022-04-01;61,99;19,42;23,91
2022-04-04;61,76;19,45;23,93
2022-04-05;60,6;19,55;24,07
2022-04-06;62,23;19,52;23,93
2022-04-07;61,88;19,44;23,92
2022-04-08;62,35;19,46;23,06
2022-04-11;58,12;19,3;23,35
2022-04-12;57,71;18,71;22,86
2022-04-13;58,26;18,46;22,75
2022-04-14;58,09;18,44;22,76
2022-04-18;53,7;17,88;22,32
2022-04-19;53,11;17,86;20,34
2022-04-20;52,97;15,86;20,32
2022-04-21;47,44;13,45;19,12
2022-04-22;44,32;13,65;20,12
2022-04-25;44,29;14,41;19,68
2022-04-26;47,07;13,84;21,24
2022-04-27;47,82;12,94;20,76
2022-04-28;46,03;12,9;19,18
2022-04-29;46,76;12,8;20,23
2022-05-02;46,28;13,62;19,92
2022-05-03;46,37;13,42;20,06
2022-05-04;48,0;13,66;21,01
2022-05-05;52,69;13,0;22,88
2022-05-06;52,0;12,78;22,59
2022-05-09;68,16;13,31;23,99
2022-05-10;65,35;12,54;23,98
2022-05-11;66,9;12,84;23,3
2022-05-12;67,11;13,16;23,33
2022-05-13;67,22;13,26;24,78
2022-05-16;67,37;13,63;24,6
2022-05-17;67,76;13,55;25,29
2022-05-18;68,84;13,51;26,57
2022-05-19;70,77;14,29;26,52
2022-05-20;70,96;14,22;26,53
2022-05-23;70,84;14,15;27,15
2022-05-24;69,46;14,27;26,99
2022-05-25;69,11;14,06;27,13
2022-05-26;68,31;13,91;27,37
2022-05-27;68,15;13,93;28,04
2022-05-31;76,13;14,02;28,05
2022-06-01;77,44;13,72;27,86
2022-06-02;77,98;14,19;28,59
2022-06-03;78,05;14,4;28,64
2022-06-06;80,22;14,23;27,97
2022-06-07;79,88;13,53;28,06
2022-06-08;78,76;13,51;27,01
2022-06-09;78,02;13,38;27,82
2022-06-10;78,13;13,89;27,96
2022-06-13;100,36;15,8;28,93
2022-06-14;100,28;15,08;28,87
2022-06-15;100,71;15,58;29,24
2022-06-16;101,4;15,67;29,14
2022-06-17;100,06;15,8;27,76
2022-06-21;100,4;15,81;28,64
2022-06-22;91,02;15,33;27,28
2022-06-23;92,52;15,24;27,32
2022-06-24;91,09;15,03;28,58
2022-06-27;91,11;14,36;28,59
2022-06-28;91,02;14,16;27,79
2022-06-29;90,57;13,88;27,79
2022-06-30;90,12;13,88;27,09
2022-07-01;89,28;13,88;25,52
2022-07-05;88,8;14,42;25,55
2022-07-06;88,88;15,0;25,53
2022-07-07;90,73;14,89;25,52
2022-07-08;90,44;14,64;25,43
2022-07-11;92,82;14,62;25,6
2022-07-12;93,02;14,63;25,06
2022-07-13;94,46;14,75;24,13
2022-07-14;87,78;14,99;24,15
2022-07-15;86,78;14,76;24,8
2022-07-18;90,13;14,11;23,87
2022-07-19;91,06;14,03;24,88
2022-07-20;89,12;14,16;24,87
2022-07-21;89,14;14,75;24,97
2022-07-22;88,96;14,81;24,95
2022-07-25;90,2;14,81;24,11
2022-07-26;89,9;14,05;23,16
2022-07-27;66,0;12,65;21,47
2022-07-28;66,77;13,11;21,53
2022-07-29;66,67;12,48;21,41
2022-08-01;60,09;12,09;19,32
2022-08-02;60,36;12,0;19,55
2022-08-03;60,39;12,03;18,91
2022-08-04;59,41;13,01;18,75
2022-08-05;57,96;13,27;18,8
2022-08-08;58,2;13,55;16,82
2022-08-09;58,37;13,59;16,87
2022-08-10;58,42;13,6;17,08
2022-08-11;58,28;13,61;17,01
2022-08-12;57,99;13,8;17,0
2022-08-15;57,38;14,29;17,0
2022-08-16;56,36;12,88;16,84
2022-08-17;56,87;12,13;17,11
2022-08-18;55,06;12,16;16,68
2022-08-19;62,7;12,36;17,29
2022-08-22;58,25;12,42;17,72
2022-08-23;57,28;12,52;17,56
2022-08-24;55,96;12,48;17,47
2022-08-25;55,82;11,72;17,6
2022-08-26;58,73;12,3;19,5
2022-08-29;53,7;12,3;19,59
2022-08-30;52,46;12,55;18,5
2022-08-31;52,71;12,45;18,57
2022-09-01;52,76;12,0;18,32
2022-09-02;52,57;12,27;18,33
2022-09-06;52,31;12,36;18,35
2022-09-07;52,92;12,73;18,58
2022-09-08;46,87;12,46;17,15
2022-09-09;55,55;12,0;17,79
2022-09-12;57,36;12,08;17,76
2022-09-13;62,98;12,43;21,08
2022-09-14;62,9;12,38;21,05
2022-09-15;63,26;13,31;20,79
2022-09-16;63,28;12,33;20,86
2022-09-19;62,54;12,07;21,01
2022-09-20;62,5;11,7;21,21
2022-09-21;62,31;11,77;21,59
2022-09-22;63,14;11,78;20,42
2022-09-23;63,11;12,56;20,97
2022-09-26;62,67;12,29;20,35
2022-09-27;62,66;12,05;20,3
2022-09-28;63,02;13,88;21,58
2022-09-29;62,93;13,83;21,96
2022-09-30;62,93;13,84;21,98
2022-10-03;56,15;15,68;23,4
2022-10-04;56,71;16,17;25,48
2022-10-05;56,71;16,1;25,47
2022-10-06;56,75;16,07;25,55
2022-10-07;56,9;16,3;25,76
2022-10-10;54,35;16,5;24,65
2022-10-11;54,35;16,49;24,68
2022-10-12;53,94;16,46;24,6
2022-10-13;53,92;16,43;25,71
2022-10-14;53,97;16,62;26,27
2022-10-17;54,24;16,41;27,53
2022-10-18;51,66;16,37;27,7
2022-10-19;51,3;16,41;27,36
2022-10-20;51,32;16,36;27,29
2022-10-21;40,37;17,2;27,48
2022-10-24;37,75;17,1;27,18
2022-10-25;29,38;16,78;25,48
2022-10-26;30,95;16,88;25,44
2022-10-27;30,7;15,99;25,33
2022-10-28;30,97;16,17;25,68
2022-10-31;30,78;16,31;25,66
2022-11-01;28,93;16,55;25,42
2022-11-02;28,8;16,59;25,68
2022-11-03;25,63;16,61;25,71
2022-11-04;28,63;18,22;25,84
2022-11-07;29,78;17,9;25,57
2022-11-08;42,06;19,0;25,57
2022-11-09;58,67;18,21;25,63
2022-11-10;67,19;20,12;29,16
2022-11-11;67,7;20,15;29,04
2022-11-14;67,84;19,03;28,66
2022-11-15;67,02;18,64;27,19
2022-11-16;67,05;18,57;27,27
2022-11-17;67,06;18,72;27,0
2022-11-18;66,92;18,53;25,68
2022-11-21;68,34;18,0;25,6
2022-11-22;68,93;17,97;25,48
2022-11-23;69,44;17,99;25,41
2022-11-25;69,28;17,81;24,84
2022-11-28;69,38;17,54;24,33
2022-11-29;69,25;17,56;23,42
2022-11-30;70,64;17,83;24,49
2022-12-01;70,66;17,77;24,14
2022-12-02;70,72;17,82;24,04
2022-12-05;70,68;18,24;24,26
2022-12-06;70,65;18,16;24,58
2022-12-07;69,57;18,26;24,19
2022-12-08;69,13;18,24;24,24
2022-12-09;68,92;18,2;24,2
2022-12-12;68,71;18,09;23,94
2022-12-13;69,61;18,25;23,89
2022-12-14;69,63;18,22;23,95
2022-12-15;69,82;18,86;24,32
2022-12-16;70,62;18,83;24,35
2022-12-19;68,9;16,99;23,6
2022-12-20;69,44;17,4;23,56
2022-12-21;63,4;16,33;23,76
2022-12-22;47,25;16,72;23,36
2022-12-23;35,21;14,34;17,42
2022-12-27;34,06;14,42;16,8
2022-12-28;33,42;14,49;17,01
2022-12-29;33,12;14,54;17,56
2022-12-30;32,92;14,56;17,51
2023-01-03;32,95;14,49;17,5
2023-01-04;33,09;14,45;17,9
2023-01-05;28,7;14,89;18,08
2023-01-06;27,89;15,68;18,97
2023-01-09;27,21;15,63;18,85
2023-01-10;27,4;15,63;18,92
2023-01-11;27,7;15,36;18,62
2023-01-12;30,96;15,57;18,7
2023-01-13;32,32;15,53;16,86
2023-01-17;35,97;15,02;16,86
2023-01-18;37,0;15,0;17,16
2023-01-19;36,95;14,39;16,44
2023-01-20;41,86;14,51;16,67
2023-01-23;41,24;14,39;16,78
2023-01-24;41,62;14,38;16,7
2023-01-25;41,5;14,39;16,61
2023-01-26;41,67;14,45;16,59
2023-01-27;41,13;13,83;16,43
2023-01-30;41,47;13,83;16,81
2023-01-31;40,21;12,68;15,2
2023-02-01;37,37;12,89;14,95
2023-02-02;37,26;14,52;14,78
2023-02-03;37,13;15,89;15,39
2023-02-06;38,68;15,88;15,39
2023-02-07;38,72;15,38;14,98
2023-02-08;39,22;15,38;15,33
2023-02-09;42,67;15,46;15,44
2023-02-10;42,59;15,38;14,79
2023-02-13;42,57;15,42;14,32
2023-02-14;42,51;15,38;14,11
2023-02-15;48,91;15,49;14,11
2023-02-16;50,35;15,23;14,25
2023-02-17;50,82;14,82;13,85
2023-02-21;51,08;13,77;13,45
2023-02-22;51,5;13,82;13,48
2023-02-23;51,88;13,75;13,46
2023-02-24;53,04;13,87;13,71
2023-02-27;51,48;13,43;13,67
2023-02-28;49,91;12,95;13,67
2023-03-01;47,14;13,04;13,69
2023-03-02;46,61;13,03;13,42
2023-03-03;48,74;12,52;14,03
2023-03-06;43,56;12,55;13,32
2023-03-07;43,51;13,34;13,84
2023-03-08;43,83;13,24;13,86
2023-03-09;46,75;13,56;14,54
2023-03-10;46,77;15,01;14,65
2023-03-13;75,1;16,53;14,64
2023-03-14;75,21;16,6;15,0
2023-03-15;75,35;16,73;15,0
2023-03-16;75,42;16,3;15,52
2023-03-17;79,83;17,3;15,45
2023-03-20;79,82;15,44;15,58
2023-03-21;79,1;16,58;16,02
2023-03-22;79,78;17,2;15,88
2023-03-23;80,03;17,47;15,78
2023-03-24;79,03;17,67;15,79
2023-03-27;79,13;17,97;15,84
2023-03-28;79,14;17,95;15,48
2023-03-29;79,6;18,06;15,96
2023-03-30;75,62;17,81;16,16
2023-03-31;74,98;17,93;16,17
2023-04-03;74,85;17,98;16,24
2023-04-04;74,82;18,46;15,42
2023-04-05;74,69;18,31;15,49
2023-04-06;74,61;18,54;15,47
2023-04-10;75,15;18,55;14,88
2023-04-11;75,2;18,57;14,82
2023-04-12;74,92;18,57;14,72
2023-04-13;74,84;18,79;15,14
2023-04-14;74,7;19,75;15,15
2023-04-17;73,91;19,73;14,58
2023-04-18;74,15;19,6;14,57
2023-04-19;76,17;18,79;13,72
2023-04-20;76,08;18,76;13,8
2023-04-21;74,17;19,04;12,79
2023-04-24;73,94;18,18;12,0
2023-04-25;48,59;17,1;13,06
2023-04-26;48,32;17,09;12,6
2023-04-27;48,79;16,99;12,58
2023-04-28;48,49;16,99;11,92
2023-05-01;42,57;14,85;11,33
2023-05-02;42,83;15,86;11,75
2023-05-03;42,75;14,88;11,29
2023-05-04;41,71;14,25;10,83
2023-05-05;40,88;14,65;11,76
2023-05-08;44,03;14,23;11,76
2023-05-09;43,85;14,02;11,86
2023-05-10;43,84;13,88;11,87
2023-05-11;42,74;14,06;11,46
2023-05-12;42,68;13,86;11,3
2023-05-15;42,63;13,76;11,11
2023-05-16;42,1;14,14;11,25
2023-05-17;42,09;13,02;11,52
2023-05-18;42,49;13,51;11,47
2023-05-19;42,49;13,74;11,43
2023-05-22;38,72;13,59;11,43
2023-05-23;38,46;13,46;12,05
2023-05-24;39,4;13,53;12,35
2023-05-25;39,32;13,04;11,75
2023-05-26;39,46;12,21;12,35
2023-05-30;40,12;12,34;12,4
2023-05-31;39,02;12,28;12,56
2023-06-01;36,42;12,46;13,03
2023-06-02;36,38;13,08;13,66
2023-06-05;38,42;12,94;13,69
2023-06-06;41,98;12,91;13,75
2023-06-07;42,12;13,22;12,93
2023-06-08;42,15;13,77;13,0
2023-06-09;40,51;13,78;12,12
2023-06-12;40,86;13,78;12,18
2023-06-13;39,19;13,88;12,31
2023-06-14;39,37;12,55;11,73
2023-06-15;39,64;12,45;11,93
2023-06-16;40,79;12,2;11,9
2023-06-20;46,18;11,76;11,5
2023-06-21;45,67;11,73;11,58
2023-06-22;45,7;11,69;11,47
2023-06-23;46,17;11,77;11,96
2023-06-26;45,8;11,64;11,94
2023-06-27;45,75;11,68;12,2
2023-06-28;46,2;11,62;12,09
2023-06-29;46,16;11,17;11,77
2023-06-30;46,09;11,39;11,88
2023-07-03;45,78;10,83;11,84
2023-07-05;46,39;10,39;11,98
2023-07-06;46,9;10,4;12,62
2023-07-07;46,91;10,68;11,96
2023-07-10;45,61;10,46;11,53
2023-07-11;45,61;10,17;11,65
2023-07-12;45,74;10,86;11,56
2023-07-13;45,67;10,71;11,74
2023-07-14;46,78;10,74;11,5
2023-07-17;46,55;10,47;11,15
2023-07-18;46,58;10,1;10,54
2023-07-19;43,21;9,96;10,45
2023-07-20;40,36;10,07;10,71
2023-07-21;38,88;9,46;10,51
2023-07-24;39,77;8,73;10,4
2023-07-25;39,75;8,85;10,41
2023-07-26;39,01;8,95;10,28
2023-07-27;39,09;9,85;10,35
2023-07-28;37,67;10,12;10,7
2023-07-31;37,55;9,94;10,28
2023-08-01;36,97;10,39;10,48
2023-08-02;30,59;10,03;11,28
2023-08-03;24,99;10,02;11,25
2023-08-04;24,99;9,62;11,28
2023-08-07;23,69;9,62;10,91
2023-08-08;24,2;9,8;11,07
2023-08-09;23,88;9,81;10,79
2023-08-10;23,26;9,79;10,8
2023-08-11;22,95;9,79;10,86
2023-08-14;22,95;9,62;10,4
2023-08-15;21,93;9,64;10,98
2023-08-16;21,63;9,73;11,11
2023-08-17;29,1;9,7;10,69
2023-08-18;29,1;9,41;10,67
2023-08-21;29,11;9,46;10,76
2023-08-22;28,9;9,39;10,49
2023-08-23;29,5;8,99;10,47
2023-08-24;26,96;8,98;10,41
2023-08-25;25,39;8,96;10,62
2023-08-28;25,47;9,01;10,88
2023-08-29;31,92;8,82;11,58
2023-08-30;32,12;8,87;11,61
2023-08-31;34,91;8,77;11,49
2023-09-01;34,83;8,74;11,52
2023-09-05;34,33;8,96;11,56
2023-09-06;34,3;8,85;11,59
2023-09-07;34,86;8,7;11,6
2023-09-08;34,96;7,5;11,5
2023-09-11;35,62;7,1;11,35
2023-09-12;36,77;7,14;11,37
2023-09-13;36,77;6,58;11,24
2023-09-14;36,8;6,46;10,61
2023-09-15;36,82;6,78;10,84
2023-09-18;36,9;6,92;10,83
2023-09-19;37,29;6,9;10,64
2023-09-20;36,7;6,64;10,67
2023-09-21;37,05;6,83;11,59
2023-09-22;37,07;6,89;11,56
2023-09-25;37,12;7,06;11,56
2023-09-26;37,11;7,38;12,17
2023-09-27;37,17;8,17;11,75
2023-09-28;37,85;8,13;11,75
2023-09-29;31,67;8,61;11,64
2023-10-02;31,51;9,06;11,7
2023-10-03;31,55;9,0;12,12
2023-10-04;31,68;8,96;12,22
2023-10-05;31,77;8,27;11,66
2023-10-06;31,99;8,5;11,8
2023-10-09;32,24;10,28;11,7
2023-10-10;32,35;10,22;11,74
2023-10-11;27,36;10,02;11,0
2023-10-12;27,03;9,97;11,13
2023-10-13;22,61;13,91;11,19
2023-10-16;28,5;13,97;11,54
2023-10-17;28,54;13,78;11,46
2023-10-18;28,58;14,33;12,03
2023-10-19;28,37;14,73;12,22
2023-10-20;29,27;14,73;12,58
2023-10-23;41,85;14,79;12,2
2023-10-24;41,78;14,68;12,47
2023-10-25;41,81;14,67;12,86
2023-10-26;42,19;14,67;12,61
2023-10-27;42,41;14,9;12,51
2023-10-30;42,48;14,98;13,16
2023-10-31;42,42;15,09;13,3
2023-11-01;42,46;15,13;13,67
2023-11-02;42,09;14,95;14,21
2023-11-03;42,25;14,96;14,61
2023-11-06;41,83;15,08;14,61
2023-11-07;41,65;14,91;13,92
2023-11-08;41,64;14,74;13,93
2023-11-09;41,77;14,64;13,95
2023-11-10;41,57;14,68;14,29
2023-11-13;42,49;14,27;14,21
2023-11-14;43,61;14,32;14,79
2023-11-15;46,62;14,38;14,77
2023-11-16;48,93;14,54;14,79
2023-11-17;48,85;14,55;14,48
2023-11-20;48,55;13,81;14,56
2023-11-21;50,89;13,99;14,47
2023-11-22;51,17;14,04;14,44
2023-11-24;50,96;13,99;14,19
2023-11-27;51,4;10,87;14,08
2023-11-28;49,18;11,22;13,91
2023-11-29;49,09;11,22;13,91
2023-11-30;49,11;10,72;13,08
2023-12-01;49,31;11,24;12,74
2023-12-04;53,5;13,09;12,28
2023-12-05;45,4;13,11;12,31
2023-12-06;45,46;13,13;12,3
2023-12-07;45,72;13,09;11,48
2023-12-08;45,52;13,72;10,76
2023-12-11;50,3;13,67;10,55
2023-12-12;50,2;13,58;10,28
2023-12-13;50,86;15,0;10,7
2023-12-14;50,68;15,03;10,57
2023-12-15;51,2;15,29;9,64
2023-12-18;51,13;15,31;9,3
2023-12-19;51,33;15,2;9,38
2023-12-20;51,86;15,25;10,53
2023-12-21;51,87;14,97;10,89
2023-12-22;51,47;14,98;10,58
2023-12-26;52,66;14,59;10,29
2023-12-27;52,25;14,57;10,26
2023-12-28;51,88;14,61;8,58
2023-12-29;48,98;14,59;8,66
2024-01-02;50,03;14,34;9,16
2024-01-03;52,45;14,61;9,55
2024-01-04;52,71;14,59;9,42
2024-01-05;50,55;14,3;9,35
2024-01-08;52,0;14,44;9,85
2024-01-09;52,53;14,38;10,0
2024-01-10;52,21;14,27;9,98
2024-01-11;52,3;13,73;9,99
2024-01-12;57,58;14,03;9,98
2024-01-16;57,53;14,25;10,42
2024-01-17;57,33;13,6;10,55
2024-01-18;52,94;12,37;10,59
2024-01-19;50,86;12,35;10,85
2024-01-22;52,81;12,35;10,8
2024-01-23;52,87;12,4;10,7
2024-01-24;52,5;12,0;10,7
2024-01-25;48,94;11,57;10,71
2024-01-26;50,84;11,57;10,7
2024-01-29;50,87;9,75;10,17
2024-01-30;50,92;9,6;10,08
2024-01-31;50,41;9,21;10,77
2024-02-01;50,3;9,59;11,25
2024-02-02;50,23;9,81;11,14
2024-02-05;49,46;9,82;10,33
2024-02-06;49,53;9,71;9,86
2024-02-07;50,22;9,62;9,93
2024-02-08;49,51;9,32;9,88
2024-02-09;50,45;9,24;9,94
2024-02-12;52,55;9,13;9,94
2024-02-13;52,36;9,88;11,06
2024-02-14;50,19;9,88;11,11
2024-02-15;47,71;9,88;10,93
2024-02-16;47,16;9,95;10,97
2024-02-20;47,13;10,13;11,05
2024-02-21;44,02;9,88;10,6
2024-02-22;43,76;9,88;11,43
2024-02-23;43,92;9,99;11,41
2024-02-26;48,46;10,0;11,46
2024-02-27;43,27;9,57;11,46
2024-02-28;49,76;9,18;11,17
2024-02-29;50,31;8,66;10,81
2024-03-01;48,32;9,93;10,86
2024-03-04;53,54;10,86;10,66
2024-03-05;55,41;10,82;11,05
2024-03-06;55,64;10,96;11,19
2024-03-07;55,55;10,58;11,46
2024-03-08;55,18;10,72;11,62
2024-03-11;55,64;10,68;11,67
2024-03-12;55,98;11,28;11,84
2024-03-13;55,48;11,37;11,83
2024-03-14;56,25;11,49;11,13
2024-03-15;57,78;11,31;10,86
2024-03-18;59,01;10,81;10,86
2024-03-19;65,22;10,62;10,75
2024-03-20;69,56;10,96;10,97
2024-03-21;71,04;10,98;10,92
2024-03-22;71,94;11,35;10,98
2024-03-25;75,61;11,21;10,97
2024-03-26;74,46;11,12;11,0
2024-03-27;74,53;10,05;9,84
2024-03-28;74,03;10,37;9,48
2024-04-01;74,37;10,5;9,36
2024-04-02;77,23;10,97;9,54
2024-04-03;77,21;11,04;9,46
2024-04-04;77,49;11,36;10,03
2024-04-05;77,47;11,91;9,03
2024-04-08;78,28;11,92;9,04
2024-04-09;77,17;11,74;8,98
2024-04-10;76,42;12,35;9,66
2024-04-11;71,96;13,04;9,67
2024-04-12;72,81;14,09;10,71
2024-04-15;74,67;14,07;10,7
2024-04-16;69,34;13,66;10,79
2024-04-17;67,58;14,04;10,6
2024-04-18;67,6;13,97;10,31
2024-04-19;67,51;13,96;9,87
2024-04-22;68,66;16,06;10,34
2024-04-23;66,6;16,12;10,89
2024-04-24;67,15;15,69;10,43
2024-04-25;66,75;15,67;10,45
2024-04-26;66,54;15,54;10,8
2024-04-29;66,12;15,51;10,78
2024-04-30;67,23;16,84;11,56
2024-05-01;63,75;16,93;11,51
2024-05-02;56,83;16,75;11,72
2024-05-03;59,26;16,75;12,17
2024-05-06;58,78;16,66;12,46
2024-05-07;51,24;16,79;12,45
2024-05-08;51,41;16,85;12,44
2024-05-09;52,35;17,26;12,38
2024-05-10;52,8;17,05;12,39
2024-05-13;53,9;17,3;12,37
2024-05-14;51,34;16,97;12,33
2024-05-15;56,08;17,16;12,72
2024-05-16;55,11;17,11;12,33
2024-05-17;55,67;17,06;12,17
2024-05-20;56,57;17,02;12,16
2024-05-21;55,88;16,98;12,17
2024-05-22;55,73;17,65;11,73
2024-05-23;55,91;17,71;11,84
2024-05-24;54,63;17,3;10,93
2024-05-28;51,89;16,68;10,42
2024-05-29;52,02;16,87;10,79
2024-05-30;50,51;16,77;10,75
2024-05-31;49,79;16,8;10,82
2024-06-03;50,02;17,0;10,55
2024-06-04;48,76;15,61;10,31
2024-06-05;48,71;15,96;10,34
2024-06-06;47,65;16,07;10,32
2024-06-07;48,14;19,14;10,41
2024-06-10;47,95;19,32;10,17
2024-06-11;48,99;19,34;10,18
2024-06-12;46,49;18,42;9,19
2024-06-13;45,32;18,41;9,21
2024-06-14;45,45;18,76;8,74
2024-06-17;41,81;18,83;8,41
2024-06-18;42,31;18,62;8,14
2024-06-20;42,13;18,9;8,2
2024-06-21;41,89;19,45;8,32
2024-06-24;44,59;18,92;8,19
2024-06-25;43,98;18,81;8,21
2024-06-26;43,04;18,72;8,24
2024-06-27;42,76;18,86;8,12
2024-06-28;36,54;18,44;7,5
2024-07-01;38,55;18,44;7,48
2024-07-02;37,71;17,71;7,59
2024-07-03;32,57;18,02;7,83
2024-07-05;35,84;18,5;7,95
2024-07-08;35,83;18,07;7,77
2024-07-09;36,66;17,08;7,43
2024-07-10;36,42;17,1;7,73
2024-07-11;36,42;17,59;7,88
2024-07-12;36,65;17,33;7,27
2024-07-15;51,47;17,34;7,2
2024-07-16;51,37;18,03;7,12
2024-07-17;51,16;18,01;8,27
2024-07-18;50,5;17,89;8,73
2024-07-19;52,13;18,49;8,44
2024-07-22;52,3;18,38;8,9
2024-07-23;52,46;14,86;8,82
2024-07-24;52,48;14,76;10,63
2024-07-25;51,75;15,55;10,73
2024-07-26;52,48;15,8;10,91
2024-07-29;52,3;15,58;10,87
2024-07-30;52,26;15,41;10,91
2024-07-31;52,7;16,05;11,75
2024-08-01;52,46;16,11;12,84
2024-08-02;55,35;15,8;13,79
2024-08-05;65,3;15,57;15,64
2024-08-06;64,3;15,77;15,8
2024-08-07;63,95;15,68;15,75
2024-08-08;73,26;15,93;17,05
2024-08-09;73,3;15,68;17,1
2024-08-12;73,42;16,31;17,1
2024-08-13;72,64;16,34;17,7
2024-08-14;73,09;16,59;17,65
2024-08-15;72,81;16,35;18,13
2024-08-16;70,99;17,11;18,09
2024-08-19;71,02;16,62;18,31
2024-08-20;70,82;16,62;18,33
2024-08-21;71,51;16,64;18,15
2024-08-22;71,61;16,42;18,27
2024-08-23;73,59;16,7;18,57
2024-08-26;65,1;16,7;18,6
2024-08-27;66,9;15,75;18,55
2024-08-28;66,82;15,84;18,24
2024-08-29;66,86;15,74;18,04
2024-08-30;65,52;14,9;18,01
2024-09-03;65,73;14,99;18,7
2024-09-04;65,57;14,97;18,7
2024-09-05;66,05;15,04;17,74
2024-09-06;66,75;14,4;18,4
2024-09-09;68,32;14,18;18,32
2024-09-10;68,39;14,17;18,32
2024-09-11;68,37;13,99;18,45
2024-09-12;68,28;13,94;18,01
2024-09-13;69,4;14,07;17,19
2024-09-16;68,11;14,03;16,25
2024-09-17;58,63;13,53;13,92
2024-09-18;58,02;13,51;13,96
2024-09-19;57,85;14,02;14,58
2024-09-20;46,16;13,8;13,68
2024-09-23;45,95;13,81;13,68
2024-09-24;45,39;13,54;13,73
2024-09-25;45,46;13,54;13,3
2024-09-26;45,2;13,17;13,57
2024-09-27;44,65;13,54;12,98
2024-09-30;45,92;12,51;12,97
2024-10-01;47,45;12,73;12,89
2024-10-02;47,39;12,73;12,86
2024-10-03;46,2;12,72;12,91
2024-10-04;46,42;12,09;12,83
2024-10-07;42,79;11,86;12,46
2024-10-08;42,44;12,14;12,41
2024-10-09;40,03;12,29;12,44
2024-10-10;39,98;12,17;12,31
2024-10-11;41,23;12,42;12,41
2024-10-14;44,21;12,18;12,34
2024-10-15;43,21;12,04;11,31
2024-10-16;43,2;12,06;11,26
2024-10-17;41,88;11,98;11,24
2024-10-18;39,61;11,85;9,81
2024-10-21;37,37;11,87;9,73
2024-10-22;37,38;12,09;9,8
2024-10-23;37,67;12,79;10,03
2024-10-24;38,08;12,09;9,79
2024-10-25;37,28;11,87;9,74
2024-10-28;37,27;11,87;9,8
2024-10-29;37,56;11,92;9,79
2024-10-30;37,4;11,53;9,85
2024-10-31;38,44;12,1;9,51
2024-11-01;38,66;11,78;9,52
2024-11-04;39,48;11,78;9,45
2024-11-05;39,74;11,16;9,86
2024-11-06;46,65;14,4;10,36
2024-11-07;46,01;15,07;10,37
2024-11-08;46,0;15,02;10,38
2024-11-11;62,36;16,38;10,38
2024-11-12;60,77;16,25;10,44
2024-11-13;60,75;16,47;10,45
2024-11-14;62,44;16,47;10,44
2024-11-15;63,04;16,47;10,51
2024-11-18;63,21;17,45;10,45
2024-11-19;63,08;17,53;10,46
2024-11-20;62,02;17,51;10,39
2024-11-21;62,23;17,55;10,44
2024-11-22;62,07;17,66;10,33
2024-11-25;64,51;19,69;10,27
2024-11-26;64,88;19,67;9,78
2024-11-27;65,53;19,62;9,73
2024-11-29;65,36;19,71;9,91
2024-12-02;65,91;19,58;9,79
2024-12-03;65,48;19,6;9,67
2024-12-04;65,53;19,32;9,73
2024-12-05;65,87;19,14;9,29
2024-12-06;66,06;18,97;9,28
2024-12-09;66,19;19,22;9,3
2024-12-10;65,59;19,65;9,43
2024-12-11;65,85;19,59;9,6
2024-12-12;66,01;19,91;9,7
2024-12-13;64,85;19,72;8,47
2024-12-16;65,09;19,73;8,44
2024-12-17;64,19;19,73;8,56
2024-12-18;67,55;20,38;11,92
2024-12-19;64,29;18,51;11,36
2024-12-20;64,3;18,13;11,09
2024-12-23;65,37;18,09;11,25
2024-12-24;48,54;16,78;11,53
2024-12-26;49,37;16,69;11,32
2024-12-27;49,05;16,54;11,53
2024-12-30;47,99;16,55;11,83
2024-12-31;46,42;16,61;11,55
2025-01-02;47,5;16,16;11,46
2025-01-03;47,31;16,15;11,84
2025-01-06;48,28;16,07;12,01
2025-01-07;49,07;15,96;12,29
2025-01-08;49,36;15,56;12,24
2025-01-10;46,14;13,18;12,92
2025-01-13;45,99;13,54;12,9
2025-01-14;44,67;13,6;12,95
2025-01-15;46,01;13,54;13,71
2025-01-16;45,78;13,38;13,69
2025-01-17;47,64;13,5;13,93
2025-01-21;47,19;14,15;14,25
2025-01-22;47,26;13,95;14,29
2025-01-23;46,29;13,97;14,38
2025-01-24;45,63;13,82;14,36
2025-01-27;46,3;13,77;14,68
2025-01-28;44,42;13,72;14,66
2025-01-29;44,76;13,01;14,57
2025-01-30;44,68;13,04;14,74
2025-01-31;43,2;13,04;14,85
2025-02-03;43,28;12,96;15,0
2025-02-04;41,16;11,45;12,32
2025-02-05;40,65;11,47;12,36
2025-02-06;40,65;11,39;12,22
2025-02-07;39,55;11,17;12,41
2025-02-10;37,68;11,86;12,39
2025-02-11;37,04;12,0;12,39
2025-02-12;37,2;11,64;12,16
2025-02-13;37,08;11,6;12,06
2025-02-14;37,09;12,79;12,01
2025-02-18;36,04;13,02;11,97
2025-02-19;36,01;12,62;11,73
2025-02-20;34,33;12,57;11,65
2025-02-21;31,68;12,62;12,01
2025-02-24;34,3;12,63;12,16
2025-02-25;35,26;13,37;11,18
2025-02-26;37,86;12,83;11,17
2025-02-27;37,2;13,86;12,16
2025-02-28;34,65;13,99;11,57
2025-03-03;35,43;14,3;12,02
2025-03-04;32,35;14,24;11,96
2025-03-05;34,32;13,7;12,4
2025-03-06;33,88;13,83;13,11
2025-03-07;34,98;13,8;13,17
2025-03-10;43,16;14,07;15,05
2025-03-11;46,67;13,92;14,77
2025-03-12;46,93;13,8;14,74
2025-03-13;46,65;14,42;15,02
2025-03-14;48,09;13,94;16,06
2025-03-17;47,92;13,97;16,3
2025-03-18;47,99;14,21;16,26
2025-03-19;49,87;14,05;16,22
2025-03-20;50,44;14,03;16,16
2025-03-21;50,43;14,28;16,11
2025-03-24;52,11;14,39;16,6
2025-03-25;51,99;13,68;16,41
2025-03-26;51,83;13,62;16,68
2025-03-27;51,32;14,06;16,68
2025-03-28;51,94;13,95;16,87
2025-03-31;52,02;13,5;16,89
2025-04-01;52,87;12,9;16,88
2025-04-02;53,3;12,89;17,0
2025-04-03;53,01;13,1;20,02
2025-04-04;52,9;15,0;26,06
2025-04-07;53,36;16,3;26,1
2025-04-08;53,74;15,86;26,19
2025-04-09;57,63;19,0;37,59
2025-04-10;58,53;19,34;38,31
2025-04-11;60,2;19,64;38,57
2025-04-14;60,05;19,65;38,78
2025-04-15;59,99;19,6;38,74
2025-04-16;58,82;21,33;38,61
2025-04-17;58,9;21,3;38,45
2025-04-21;58,68;22,59;38,58
2025-04-22;54,4;22,94;38,6
2025-04-23;52,4;24,37;38,76
2025-04-24;52,37;24,55;39,1
2025-04-25;51,25;24,61;38,98
2025-04-28;50,45;24,78;38,55
2025-04-29;50,56;25,1;38,47
2025-04-30;50,21;25,17;38,41
2025-05-01;48,73;26,07;38,35
2025-05-02;47,6;26,06;38,64
2025-05-05;48,23;27,07;38,64
2025-05-06;47,26;27,88;38,45
2025-05-07;47,25;28,44;38,45
2025-05-08;50,23;29,22;38,32
2025-05-09;50,28;29,09;38,32
2025-05-12;49,01;30,42;38,53
2025-05-13;48,29;30,2;38,55
2025-05-14;47,93;30,88;38,55
2025-05-15;46,56;31,19;38,55
2025-05-16;46,66;31,36;36,62
2025-05-19;46,8;30,66;31,08
2025-05-20;42,81;30,15;30,82
2025-05-21;40,58;30,17;30,78
2025-05-22;34,79;28,66;18,51
2025-05-23;35,21;28,5;15,68
2025-05-27;33,45;28,55;15,67
2025-05-28;33,92;28,49;15,67
2025-05-29;34,5;28,5;15,66
2025-05-30;35,16;26,96;14,68
2025-06-02;35,29;28,02;14,72
2025-06-03;34,74;26,64;13,46
2025-06-04;29,67;26,39;12,32
2025-06-05;31,27;25,44;12,19
2025-06-06;32,09;25,41;11,42
2025-06-09;35,55;25,25;11,4
2025-06-10;35,58;24,9;11,41
2025-06-11;35,85;24,78;11,45
2025-06-12;36,89;24,9;11,43
2025-06-13;36,4;24,25;12,15
2025-06-16;36,41;24,71;11,5
2025-06-17;36,3;23,22;11,97
2025-06-18;35,89;21,77;11,77
2025-06-20;36,27;21,33;11,91
2025-06-23;31,83;20,51;12,08
2025-06-24;31,83;20,95;12,52
2025-06-25;31,98;19,18;10,65
2025-06-26;31,83;19,16;10,78
2025-06-27;31,76;18,89;10,81
2025-06-30;31,76;18,65;10,79
2025-07-01;32,03;18,38;10,76
2025-07-02;32,64;18,1;10,78
2025-07-03;32,55;17,48;10,82
2025-07-07;31,82;17,36;10,45
2025-07-08;31,4;17,43;10,42
2025-07-09;29,82;16,24;10,36
2025-07-10;31,8;15,47;9,39
2025-07-11;31,7;15,69;9,24
2025-07-14;31,27;15,65;9,22
2025-07-15;31,37;15,57;9,31
2025-07-16;31,13;13,54;9,18
2025-07-17;31,03;13,31;9,21
2025-07-18;31,18;13,2;9,22
2025-07-21;29,58;13,86;9,14
2025-07-22;29,23;13,45;8,96
2025-07-23;25,08;13,97;9,45
2025-07-24;25,12;14,11;9,47
2025-07-25;24,76;14,29;9,43
2025-07-28;23,28;13,9;9,57
2025-07-29;23,3;13,32;8,82
2025-07-30;23,31;13,61;8,68
2025-07-31;23,06;13,79;8,2
2025-08-01;24,14;15,02;9,17
2025-08-04;23,81;15,12;9,79
2025-08-05;23,4;15,09;9,62
2025-08-06;23,44;14,36;9,14
2025-08-07;23,9;14,52;9,13
2025-08-08;24,0;14,52;8,98
2025-08-11;24,35;14,13;8,99
2025-08-12;24,46;13,73;9,4
2025-08-13;24,72;13,52;9,44
2025-08-14;26,94;13,55;9,44
2025-08-15;27,09;13,41;9,34
2025-08-18;26,98;13,41;8,89
2025-08-19;28,49;13,15;9,09
2025-08-20;28,05;13,41;9,01
2025-08-21;25,65;13,44;9,09
2025-08-22;27,95;13,52;10,04
2025-08-25;31,92;13,49;10,29
2025-08-26;32,01;13,57;10,17
2025-08-27;31,9;13,52;10,14
2025-08-28;32,1;13,64;10,14
2025-08-29;33,58;13,87;10,33
2025-09-02;34,56;14,78;10,56
2025-09-03;33,9;14,71;10,61
2025-09-04;33,88;14,24;10,24
2025-09-05;33,88;14,45;10,21
2025-09-08;34,12;14,26;10,27
2025-09-09;34,11;14,07;10,16
2025-09-10;34,78;14,07;10,13
2025-09-11;35,03;12,78;10,35
2025-09-12;34,68;12,75;10,21
2025-09-15;34,14;11,91;9,36
2025-09-16;34,03;11,88;8,66
2025-09-17;33,95;12,27;8,59
2025-09-18;33,92;12,34;8,45
2025-09-19;33,55;12,45;8,45
2025-09-22;34,28;13,11;8,41
2025-09-23;33,87;11,99;8,46
2025-09-24;33,85;12,5;8,15
2025-09-25;34,32;12,5;8,26
2025-09-26;32,63;12,15;8,33
2025-09-29;35,08;12,62;8,33
2025-09-30;34,98;12,53;8,37
2025-10-01;35,78;12,18;8,21
2025-10-02;35,91;12,34;8,17
2025-10-03;35,62;12,12;8,01
2025-10-06;34,31;12,67;6,73
2025-10-07;30,54;12,45;6,68
2025-10-08;30,55;12,84;6,81
2025-10-09;30,84;14,63;7,05
2025-10-10;37,25;14,68;10,6
2025-10-13;35,86;15,64;11,29
2025-10-14;35,65;14,71;11,05
2025-10-15;36,16;15,1;11,12
2025-10-16;36,71;15,64;11,08
2025-10-17;36,98;17,13;11,12
2025-10-20;38,55;19,28;11,37
2025-10-21;38,92;28,05;11,43
2025-10-22;38,38;28,08;11,52
2025-10-23;38,75;28,03;11,33
2025-10-24;38,81;28,11;11,43
2025-10-27;39,68;29,51;11,65
2025-10-28;39,61;29,65;11,63
2025-10-29;40,26;29,56;11,61
2025-10-30;40,41;29,89;12,01
2025-10-31;40,48;29,91;12,02
2025-11-03;40,59;29,6;11,97
2025-11-04;42,62;30,15;12,54
2025-11-05;43,06;30,11;12,51
2025-11-06;42,3;30,12;12,7
2025-11-07;42,75;30,12;12,63
2025-11-10;41,46;30,73;13,27
2025-11-11;42,15;30,68;13,25
2025-11-12;40,17;30,93;13,2
2025-11-13;39,83;31,04;13,99
2025-11-14;41,64;31,57;13,99
2025-11-17;40,99;31,38;14,29
2025-11-18;41,03;31,41;14,39
2025-11-19;40,43;31,06;14,28
2025-11-20;42,32;30,54;14,85
2025-11-21;38,56;30,43;13,1
2025-11-24;40,11;29,95;12,71
2025-11-25;40,0;29,88;12,96
2025-11-26;41,84;29,54;13,04
2025-11-28;41,63;28,94;13,05
2025-12-01;43,56;28,45;13,1
2025-12-02;45,64;26,35;12,8
2025-12-03;46,26;18,36;12,8
2025-12-04;46,35;18,36;12,74
2025-12-05;46,18;18,35;12,62
2025-12-08;46,35;18,34;12,52
2025-12-09;46,05;16,24;12,14
2025-12-10;46,04;16,03;12,37
2025-12-11;45,78;16,11;12,39
2025-12-12;46,01;15,32;12,4
2025-12-15;46,93;15,15;12,39
2025-12-16;47,03;15,16;12,43
2025-12-17;45,63;14,03;12,22
2025-12-18;44,87;13,88;12,39
2025-12-19;45,74;13,83;12,33
2025-12-22;45,22;15,0;12,42
2025-12-23;44,35;13,54;11,8
2025-12-24;43,9;13,69;11,77
2025-12-26;43,83;13,37;11,77
2025-12-29;43,62;18,71;10,85
2025-12-30;41,37;17,78;10,85
2025-12-31;40,9;17,51;10,52
2026-01-02;41,67;17,46;10,25
2026-01-05;43,34;18,82;10,44
2026-01-06;40,21;18,92;9,16
2026-01-07;40,64;19,24;9,04
2026-01-08;39,31;18,88;8,64
2026-01-09;39,2;18,9;8,49
2026-01-12;37,84;19,4;8,29
2026-01-13;40,0;19,24;8,33
2026-01-14;36,97;19,36;8,2
2026-01-15;33,56;19,34;8,19
2026-01-16;32,9;19,45;8,16
2026-01-20;39,47;21,9;9,88
2026-01-21;38,68;22,03;10,4
2026-01-22;38,46;22,26;10,45
2026-01-23;37,85;22,39;10,44
2026-01-26;38,0;22,54;10,27
2026-01-27;38,08;23,13;10,53
2026-01-28;37,43;24,95;10,03
2026-01-29;38,42;24,91;10,05
2026-01-30;38,1;40,55;10,31
2026-02-02;42,04;42,5;9,78
2026-02-03;43,31;45,99;9,79
2026-02-04;42,92;46,01;9,66
2026-02-05;58,01;46,54;10,27
2026-02-06;70,12;47,14;11,89
2026-02-09;70,08;47,49;12,05
2026-02-10;70,17;47,63;12,06
2026-02-11;70,37;45,48;11,99
2026-02-12;70,04;46,96;12,78
2026-02-13;71,43;47,2;12,59
2026-02-17;70,75;48,39;12,46
2026-02-18;69,0;48,25;12,31
2026-02-19;69,17;48,21;12,27
2026-02-20;69,4;48,24;12,44
2026-02-23;70,38;48,66;12,78
2026-02-24;70,37;48,99;12,8
2026-02-25;73,17;48,86;12,99
2026-02-26;71,36;48,84;13,03
2026-02-27;70,97;48,88;13,08
2026-03-02;72,78;48,82;13,2
2026-03-03;72,73;50,86;14,42
2026-03-04;73,12;49,86;13,62
2026-03-05;73,15;49,92;13,66
2026-03-06;73,67;49,86;13,93
2026-03-09;73,72;49,74;14,22
2026-03-10;74,2;49,68;14,17
2026-03-11;74,12;49,2;13,86
2026-03-12;74,15;48,16;14,66
2026-03-13;72,99;48,25;14,73
2026-03-16;75,01;37,63;15,26
2026-03-17;72,76;35,55;15,18
2026-03-18;72,65;31,9;15,7
2026-03-19;72,15;34,01;15,68
2026-03-20;58,52;34,28;16,34
2026-03-23;46,01;33,32;15,8
2026-03-24;46,0;32,19;15,58
2026-03-25;45,72;33,67;15,93
2026-03-26;46,28;34,79;16,83
2026-03-27;47,37;35,47;16,8
2026-03-30;45,92;34,51;16,74
2026-03-31;46,05;35,48;19,41
2026-04-01;45,79;35,22;19,6
2026-04-02;46,06;35,57;19,6
2026-04-06;46,63;34,97;19,46
2026-04-07;45,75;34,04;19,33
2026-04-08;45,83;34,0;21,43
2026-04-09;42,61;34,14;21,27
2026-04-10;42,72;33,98;21,24
2026-04-13;42,26;33,65;21,41
2026-04-14;40,62;34,15;21,61
2026-04-15;40,54;31,89;20,78
2026-04-16;36,15;31,76;20,64
2026-04-17;35,91;31,92;20,59
2026-04-20;34,24;31,57;20,27
2026-04-21;34,25;32,47;20,49
2026-04-22;34,35;32,55;20,62
2026-04-23;34,36;32,61;20,73
2026-04-24;34,6;32,31;20,02
2026-04-27;34,61;32,19;19,86
2026-04-28;31,22;32,54;19,71
2026-04-29;31,07;32,62;19,76
2026-04-30;29,03;31,85;19,5
